order_id,order_date,year,quarter,month_name,day_name,customer_id,customer_name,age,age_group,gender,region,city,product_category,product_name,quantity,unit_price,discount_pct,discount_group,sales_amount,profit_margin,profit,shipping_cost,payment_method,customer_satisfaction,return_flag,order_status,days_to_ship
ORD-03903,15/08/2024,2024,Q3,August,Thursday,CUST32603,Aarav Mehta,39,Adult,Other,Central,Raipur,Groceries,Sugar,8,346.32,,,4043.14,7%,289.18,56.04,Debit Card,,TRUE,Returned,7
ORD-02198,16/08/2022,2022,Q3,August,Tuesday,CUST07881,Sanjay Verma,28,Young Adult,Male,West,Mumbai,Beauty,Sunscreen,8,858.66,0.08,Low,9147.31,59%,5355.56,64.49,Debit Card,5,FALSE,Delivered,2
ORD-01348,29/08/2021,2021,Q3,August,Sunday,CUST49296,Pooja Sharma,41,Adult,Other,West,Surat,Furniture,Sofa,4,25941.32,0.14,Medium,110156.97,34%,36956.51,67.65,Debit Card,4,FALSE,Delivered,5
ORD-02076,07/05/2022,2022,Q2,May,Saturday,CUST05587,Priya Reddy,29,Young Adult,Other,West,Ahmedabad,Furniture,Bed Frame,9,22071.92,0.17,Medium,262066.11,25%,66644.99,54.47,EMI,3,FALSE,Delivered,4
ORD-00287,05/07/2020,2020,Q3,July,Sunday,CUST58035,Ritu Sharma,9,Child & Teen,Male,Central,Nagpur,Groceries,Cooking Oil,1,320.06,0.31,Very High,323.95,10%,31.38,48.81,Net Banking,4,FALSE,Pending,4
ORD-03954,09/02/2024,2024,Q1,February,Friday,CUST17187,Vikram Iyer,29,Young Adult,Male,West,Surat,Books,Self-Help Book,2,949.5,0.22,High,2202.33,44%,964.66,62.42,Cash on Delivery,2,TRUE,Returned,8
ORD-01412,28/09/2021,2021,Q3,September,Tuesday,CUST02453,Arjun Shah,31,Young Adult,Female,Central,Bhopal,Books,Self-Help Book,3,329.03,0.02,Low,994.87,38%,375.07,77.34,Credit Card,5,TRUE,Returned,10
ORD-02911,06/10/2023,2023,Q4,October,Friday,CUST23285,Aditya Sharma,43,Adult,Female,North,Amritsar,Clothing,Saree,1,1356.6,0.01,Low,2140.41,34%,717.27,82.68,UPI,1,FALSE,Delivered,4
ORD-00465,24/07/2020,2020,Q3,July,Friday,CUST23609,Aditya Patel,44,Adult,Female,East,Patna,Books,Self-Help Book,8,495.77,0.37,Very High,2828.82,47%,1338.88,84.5,Debit Card,1,FALSE,Cancelled,10
ORD-00105,02/09/2020,2020,Q3,September,Wednesday,CUST75337,Arjun Das,17,Child & Teen,Female,East,Patna,Clothing,Kurta,9,2128.77,0.1,Low,14568.16,29%,4173.45,75.33,UPI,3,FALSE,Delivered,8
ORD-00362,06/04/2020,2020,Q2,April,Monday,CUST80340,Meera Mishra,51,Adult,Other,Central,Raipur,Furniture,Wardrobe,3,24460.8,0.15,Medium,86997.39,17%,14762.22,60.11,UPI,1,FALSE,Delivered,8
ORD-01701,28/01/2022,2022,Q1,January,Friday,CUST47772,Shreya Bose,14,Child & Teen,Female,West,Ahmedabad,Groceries,Dal (1kg),2,274.81,0.15,Medium,379.5,6%,24.26,46.69,EMI,4,FALSE,Delivered,4
ORD-02270,14/09/2022,2022,Q3,September,Wednesday,CUST31062,Vikram Pillai,15,Child & Teen,Other,North,Ludhiana,Beauty,Lipstick,7,111.14,0.37,Very High,567.33,54%,305.65,44.94,Net Banking,4,FALSE,Delivered,9
ORD-03417,21/01/2024,2024,Q1,January,Sunday,CUST83946,Karan Bose,29,Young Adult,Female,West,Pune,Books,Cook Book,10,1492.28,0.38,Very High,9315.19,47%,4336.31,66.67,Debit Card,3,TRUE,Returned,
ORD-02532,01/04/2023,2023,Q2,April,Saturday,CUST73360,Deepa Joshi,53,Adult,Male,South,Kochi,Clothing,T-Shirt,9,590.14,,,4824.04,47%,2277.4,79.19,EMI,1,FALSE,Delivered,4
ORD-03524,03/10/2024,2024,Q4,October,Thursday,CUST50623,Deepa Mehta,3,Child & Teen,Female,South,Kochi,Furniture,Chair,10,12138.87,0.15,Medium,144295.18,35%,50995.28,49.93,EMI,,FALSE,Delivered,1
ORD-01814,14/03/2022,2022,Q1,March,Monday,CUST08792,Rahul Gupta,26,Young Adult,Male,South,Bangalore,Clothing,Dress,10,1706.05,0.04,Low,17995.41,36%,6453.4,89.15,UPI,5,FALSE,Delivered,4
ORD-03257,11/06/2023,2023,Q2,June,Sunday,CUST88256,Shreya Singh,15,Child & Teen,Male,East,Guwahati,Electronics,Tablet,8,73558.44,0.4,Very High,315130.44,17%,53808.65,82.71,UPI,3,FALSE,Delivered,6
ORD-04171,17/12/2024,2024,Q4,December,Tuesday,CUST15084,Nikhil Mishra,43,Adult,Male,South,Kochi,Clothing,Jacket,5,3006.52,0.12,Medium,10622.32,46%,4837.79,75.97,Credit Card,1,FALSE,Delivered,5
ORD-00049,19/01/2020,2020,Q1,January,Sunday,CUST43401,Sanjay Bose,21,Young Adult,Other,North,Delhi,Furniture,Sofa,3,34890.63,0.29,High,64727.53,28%,18067.63,40.97,Net Banking,5,FALSE,Shipped,3
ORD-01978,24/05/2022,2022,Q2,May,Tuesday,CUST43165,Kavya Kumar,15,Child & Teen,Other,South,Chennai,Electronics,Headphones,7,48577.53,0.07,Low,483408.08,8%,36816.91,57.45,EMI,2,FALSE,Delivered,4
ORD-00968,17/03/2021,2021,Q1,March,Wednesday,CUST41573,Sanjay Mishra,35,Young Adult,Female,South,Kochi,Sports,Dumbbells,8,7643.4,0.09,Low,61783.2,16%,10099.62,65.76,Credit Card,,FALSE,Delivered,8
ORD-02727,28/03/2023,2023,Q1,March,Tuesday,CUST68233,Rahul Joshi,22,Young Adult,Female,Central,Nagpur,Books,Comic Book,6,1467.54,0.29,High,7477.88,48%,3606.99,50.88,UPI,,FALSE,Delivered,4
ORD-02986,17/07/2023,2023,Q3,July,Monday,CUST62795,Arjun Chatterjee,3,Child & Teen,Male,South,Bangalore,Books,Self-Help Book,,478.05,0.02,Low,621.35,47%,290.9,63.7,Cash on Delivery,2,FALSE,Delivered,7
ORD-04158,12/10/2024,2024,Q4,October,Saturday,CUST75042,Pooja Verma,44,Adult,Female,Central,Nagpur,Books,Self-Help Book,7,612.7,0.22,High,3224.82,31%,991.03,55.8,Credit Card,5,FALSE,Delivered,4
ORD-03913,17/08/2024,2024,Q3,August,Saturday,CUST83779,Nikhil Bhat,31,Young Adult,Other,West,Surat,Sports,Football,9,3000.32,0.21,High,29267.25,22%,6330.95,68.5,UPI,4,FALSE,Delivered,9
ORD-01473,25/10/2021,2021,Q4,October,Monday,CUST33809,Sanjay Reddy,31,Young Adult,Other,West,Surat,Groceries,Cooking Oil,2,233.12,0.28,High,322.86,7%,21.37,57.3,Cash on Delivery,3,FALSE,Delivered,7
ORD-03795,07/07/2024,2024,Q3,July,Sunday,CUST28954,Nikhil Bose,35,Young Adult,Female,Central,Bhopal,Clothing,T-Shirt,2,735.25,0.03,Low,2477.72,32%,795.65,74.95,UPI,5,FALSE,Delivered,8
ORD-01275,28/07/2021,2021,Q3,July,Wednesday,CUST94413,Rahul Gupta,35,Young Adult,Male,Central,Indore,Electronics,Laptop,9,63147.82,0.14,Medium,671607.78,13%,86070.79,60.5,Cash on Delivery,4,TRUE,Returned,3
ORD-00412,07/01/2020,2020,Q1,January,Tuesday,CUST88814,Rahul Kapoor,51,Adult,Other,West,Ahmedabad,Books,Comic Book,8,635.66,0.34,Very High,3704.84,34%,1269.07,67.01,Cash on Delivery,1,FALSE,Delivered,3
ORD-01848,29/03/2022,2022,Q1,March,Tuesday,CUST43339,Arjun Pillai,28,Young Adult,Male,South,Kochi,Sports,Cricket Bat,7,6478.95,0.22,High,43346.6,19%,8443.99,69.59,EMI,1,FALSE,Delivered,2
ORD-02684,03/10/2023,2023,Q4,October,Tuesday,CUST32875,Kavya Patel,41,Adult,Male,South,Kochi,Beauty,Hair Oil,3,1290.21,0.12,Medium,3690.09,48%,1777.76,64.97,Cash on Delivery,3,FALSE,Delivered,5
ORD-00936,27/02/2021,2021,Q1,February,Saturday,CUST82575,Kavya Pillai,29,Young Adult,Female,Central,Nagpur,Furniture,Bookshelf,1,33537.06,0.25,High,24565.06,24%,5814.79,56.47,Debit Card,4,FALSE,Delivered,2
ORD-03422,23/01/2024,2024,Q1,January,Tuesday,CUST58923,Deepa Pillai,2,Child & Teen,Male,East,Guwahati,Electronics,Headphones,3,64874.09,0.02,Low,177754.39,11%,20320.94,79.56,UPI,1,FALSE,Delivered,7
ORD-01505,11/06/2021,2021,Q2,June,Friday,CUST41623,Vikram Pillai,65,Senior,Other,North,Chandigarh,Books,Comic Book,4,1350.95,0.21,High,3635.51,51%,1854.28,44.83,Credit Card,3,FALSE,Delivered,2
ORD-04045,22/10/2024,2024,Q4,October,Tuesday,CUST10094,Rahul Sharma,26,Young Adult,Other,North,Amritsar,Electronics,Camera,3,68799.42,0.07,Low,232621.97,16%,36091.77,48.01,UPI,1,FALSE,delivered,7
ORD-02565,17/01/2023,2023,Q1,January,Tuesday,CUST71120,Ritu Nair,35,Young Adult,Male,North,Amritsar,Furniture,Sofa,3,31242.32,0.01,Low,92924.36,29%,27403.47,52.73,Debit Card,3,TRUE,Returned,4
ORD-02031,14/06/2022,2022,Q2,June,Tuesday,CUST13864,Amit Kumar,3,Child & Teen,Other,Central,Bhopal,Books,Comic Book,,1431.29,0.04,Low,1929.4,42%,819.7,70.38,Credit Card,5,TRUE,Returned,8
ORD-03773,30/06/2024,2024,Q2,June,Sunday,CUST34644,Ananya Patel,27,Young Adult,Male,South,Bangalore,Clothing,Jeans,3,1621.83,0.4,Very High,4851.55,37%,1799.06,67.23,Credit Card,2,FALSE,Delivered,4
ORD-00025,01/10/2020,2020,Q4,October,Thursday,CUST91373,Karan Iyer,52,Adult,Female,West,Mumbai,Books,Cook Book,10,324.41,0.32,Very High,1810.18,50%,903.99,48.24,UPI,3,FALSE,Delivered,4
ORD-02868,31/05/2023,2023,Q2,May,Wednesday,CUST17518,Sanjay Shah,42,Adult,Female,Central,Indore,Furniture,Wardrobe,6,20242.36,0.04,Low,191398.26,31%,59116.34,83.75,Credit Card,2,FALSE,Delivered,9
ORD-01993,30/05/2022,2022,Q2,May,Monday,CUST20457,Vikram Kumar,4,Child & Teen,Other,North,Ludhiana,Sports,Tennis Racket,9,14422.23,0.21,High,145427.41,28%,40739.98,58.92,EMI,5,FALSE,Delivered,1
ORD-00415,07/01/2020,2020,Q1,January,Tuesday,CUST39948,Nikhil Kapoor,,,Female,North,Chandigarh,Furniture,Desk,2,33115.91,0.28,High,53911.88,25%,13232.77,39.83,EMI,5,FALSE,Delivered,1
ORD-02867,31/05/2023,2023,Q2,May,Wednesday,CUST70575,Aditya Reddy,49,Adult,Female,North,Amritsar,Sports,Cricket Bat,8,3917.74,0.27,High,36596.17,31%,11271.87,60.71,Cash on Delivery,,FALSE,Delivered,8
ORD-00757,12/09/2020,2020,Q3,September,Saturday,CUST29818,Meera Gupta,,,Female,South,Kochi,Furniture,Bookshelf,4,11267.5,0.2,Medium,24230.41,30%,7321.53,70.73,UPI,4,FALSE,Delivered,1
ORD-03357,23/12/2023,2023,Q4,December,Saturday,CUST53286,Kavya Verma,34,Young Adult,Male,East,Patna,Beauty,Face Cream,5,2497.1,0.37,Very High,6596.23,40%,2649.2,61.27,Cash on Delivery,1,FALSE,Shipped,5
ORD-02282,18/09/2022,2022,Q3,September,Sunday,CUST94046,Ananya Nair,38,Adult,Other,Central,Raipur,Electronics,Camera,5,11463.02,0.34,Very High,44107,8%,3355.55,36.32,Cash on Delivery,5,FALSE,Delivered,10
ORD-04111,22/11/2024,2024,Q4,November,Friday,CUST99588,Meera Kumar,57,Senior,Female,Central,Indore,Books,Comic Book,7,785.67,0.12,Medium,4582.79,44%,2037.5,63.64,Credit Card,3,FALSE,Delivered,2
ORD-00707,16/11/2020,2020,Q4,November,Monday,CUST43806,Nikhil Reddy,36,Adult,Female,North,Ludhiana,Clothing,Jeans,2,1557.26,0.13,Medium,1859.03,45%,840.29,50.66,EMI,2,FALSE,Delivered,10
ORD-01870,04/05/2022,2022,Q2,May,Wednesday,CUST73941,Aditya Mehta,48,Adult,Male,East,Bhubaneswar,Groceries,Cooking Oil,2,393.55,0.02,Low,1057.65,8%,87.14,87.03,Debit Card,1,FALSE,Delivered,1
ORD-01047,20/04/2021,2021,Q2,April,Tuesday,CUST61067,Meera Chatterjee,34,Young Adult,Female,North,Ludhiana,Sports,Football,5,8244.31,0.12,Medium,49710.43,28%,13744.26,51.59,Cash on Delivery,1,FALSE,Delivered,4
ORD-01968,20/05/2022,2022,Q2,May,Friday,CUST46310,Sanjay Kapoor,28,Young Adult,Male,East,Guwahati,Books,Comic Book,5,1063.62,0.16,Medium,6991.06,42%,2963.48,62.28,UPI,,FALSE,Delivered,5
ORD-03033,08/05/2023,2023,Q2,May,Monday,CUST52453,Vikram Shah,34,Young Adult,Other,North,Amritsar,Groceries,Sugar,7,315.62,0.28,High,2026.01,5%,104.43,72.63,Credit Card,5,FALSE,Delivered,7
ORD-02831,17/05/2023,2023,Q2,May,Wednesday,CUST55922,Aditya Pillai,51,Adult,Female,West,Ahmedabad,Beauty,Lipstick,1,697.15,0.18,Medium,867.37,39%,335.66,48.84,Debit Card,3,FALSE,Pending,10
ORD-00489,08/03/2020,2020,Q1,March,Sunday,CUST85726,Ritu Verma,34,Young Adult,Male,Central,Raipur,Electronics,Tablet,2,52363.15,0.25,High,89225.91,16%,14474.33,45.26,Net Banking,2,FALSE,Pending,9
ORD-00364,06/04/2020,2020,Q2,April,Monday,CUST12024,Shreya Kumar,37,Adult,Male,West,Surat,Sports,Football,3,2684.91,0.15,Medium,9541.81,27%,2543.29,67.28,Net Banking,2,FALSE,Delivered,9
ORD-03081,22/08/2023,2023,Q3,August,Tuesday,CUST01739,Rohan Nair,42,Adult,Female,North,Amritsar,Books,Fiction Novel,4,889.6,0.36,Very High,3597.1,30%,1076.91,58.16,Credit Card,3,TRUE,Returned,3
ORD-00357,06/02/2020,2020,Q1,February,Thursday,CUST75375,Priya Joshi,41,Adult,Female,Central,Nagpur,Clothing,Jeans,2,1548.43,0.38,Very High,2480.54,35%,866.5,49.01,EMI,1,FALSE,Delivered,45
ORD-03752,22/06/2024,2024,Q2,June,Saturday,CUST35687,Deepa Nair,42,Adult,Other,West,Surat,Books,Comic Book,1,787.78,0.15,Medium,1146.29,45%,520.99,47.1,Credit Card,2,FALSE,Delivered,9
ORD-00117,02/12/2020,2020,Q4,December,Wednesday,CUST33188,Sanjay Joshi,48,Adult,Female,South,Kochi,Sports,Cycle,3,6047.51,0.08,Low,13365.94,21%,2741.49,36.15,Debit Card,4,FALSE,Delivered,3
ORD-00225,08/04/2020,2020,Q2,April,Wednesday,CUST97307,Ritu Gupta,37,Adult,Male,Central,Nagpur,Sports,Tennis Racket,1,5935.12,0.08,Low,6293.66,19%,1165.63,47.97,Credit Card,5,FALSE,Delivered,7
ORD-01273,28/07/2021,2021,Q3,July,Wednesday,CUST00699,Shreya Nair,51,Adult,Female,West,Pune,Books,Textbook,,1490.57,0.13,Medium,1761.29,52%,922.64,65.57,EMI,1,FALSE,Delivered,7
ORD-01912,25/04/2022,2022,Q2,April,Monday,CUST02114,Ananya Verma,,,Male,South,Chennai,Clothing,T-Shirt,2,1244.43,0.23,High,2660.47,40%,1061.94,75.05,Net Banking,5,FALSE,Delivered,2
ORD-02247,09/07/2022,2022,Q3,July,Saturday,CUST68290,Karan Kapoor,38,Adult,Other,North,Chandigarh,Furniture,Chair,2,22082.21,,,51389.35,19%,9844.24,70.14,Debit Card,1,FALSE,Pending,7
ORD-00966,17/03/2021,2021,Q1,March,Wednesday,CUST15832,Aarav Pillai,22,Young Adult,Other,East,Kolkata,Electronics,Laptop,4,11157.11,0.38,Very High,32774.69,12%,3797.24,55.14,Credit Card,1,TRUE,Returned,8
ORD-00879,02/02/2021,2021,Q1,February,Tuesday,CUST52790,Deepa Pillai,17,Child & Teen,Other,East,Kolkata,Books,Comic Book,7,914.96,0.36,Very High,3687.74,39%,1423.3,77.84,UPI,,FALSE,Delivered,5
ORD-01339,24/08/2021,2021,Q3,August,Tuesday,CUST94587,Aditya Gupta,32,Young Adult,Male,North,Chandigarh,Clothing,Jacket,5,1008.19,0.27,High,4205.92,33%,1377.84,53.22,UPI,1,FALSE,Delivered,4
ORD-03248,11/04/2023,2023,Q2,April,Tuesday,CUST43818,Arjun Bhat,3,Child & Teen,Male,South,Kochi,Clothing,Saree,7,2102.17,0.13,Medium,11565.64,29%,3358.13,62.02,Net Banking,,FALSE,Shipped,8
ORD-00099,02/08/2020,2020,Q3,August,Sunday,CUST15599,Karan Shah,33,Young Adult,Other,West,Pune,Furniture,Chair,9,22687.65,0.33,Very High,117568.37,28%,33050.92,45.04,Net Banking,,FALSE,Delivered,2
ORD-00849,21/01/2021,2021,Q1,January,Thursday,CUST59483,Nisha Shah,26,Young Adult,Other,North,Ludhiana,Electronics,Smartwatch,10,57148.46,0.06,Low,443615.41,11%,48368.13,33.07,EMI,1,TRUE,Returned,
ORD-02850,26/05/2023,2023,Q2,May,Friday,CUST30753,Deepa Chatterjee,28,Young Adult,Male,North,Chandigarh,Furniture,Bookshelf,,5493.74,0.2,Medium,6967.21,26%,1809.32,49,Credit Card,1,FALSE,Delivered,5
ORD-03177,10/05/2023,2023,Q2,May,Wednesday,CUST99258,Ananya Joshi,45,Adult,Other,Central,Raipur,Furniture,Sofa,2,7616.64,0.34,Very High,11304.13,32%,3661.21,29.23,Net Banking,4,FALSE,Delivered,1
ORD-02058,27/06/2022,2022,Q2,June,Monday,CUST44617,Nikhil Reddy,21,Young Adult,Other,South,Bangalore,Furniture,Desk,8,3549.62,0.22,High,30702.91,33%,10062.41,77.82,EMI,5,TRUE,Returned,5
ORD-03092,29/08/2023,2023,Q3,August,Tuesday,CUST21970,Rahul Verma,,,Other,East,Bhubaneswar,Electronics,Headphones,3,15632.25,0.34,Very High,44298.79,9%,4132.26,65.5,UPI,5,FALSE,Delivered,1
ORD-02241,09/04/2022,2022,Q2,April,Saturday,CUST64655,Kavya Patel,21,Young Adult,Female,East,Guwahati,Electronics,Headphones,4,41499.34,0,No Discount,175476.12,11%,19809.16,73.44,Debit Card,4,FALSE,Shipped,1
ORD-01278,31/07/2021,2021,Q3,July,Saturday,CUST65126,Arjun Mishra,48,Adult,Other,East,Bhubaneswar,Clothing,Kurta,,3288.5,0.01,Low,4673.02,32%,1513.25,103.27,Cash on Delivery,,FALSE,Delivered,4
ORD-03281,17/11/2023,2023,Q4,November,Friday,CUST21469,Shreya Nair,43,Adult,Other,North,Amritsar,Sports,Football,4,3010.43,0.27,High,8396.79,19%,1584.03,51.24,Cash on Delivery,3,FALSE,Delivered,
ORD-00011,01/03/2020,2020,Q1,March,Sunday,CUST64950,Nisha Mehta,23,Young Adult,Female,South,Hyderabad,Furniture,Sofa,8,22523.15,0.34,Very High,95036.79,31%,29818.97,65.72,EMI,2,FALSE,Delivered,5
ORD-00058,22/01/2020,2020,Q1,January,Wednesday,CUST60127,Ritu Kapoor,16,Child & Teen,Other,South,Bangalore,Books,Textbook,4,363.32,0.07,Low,1026.5,40%,410.28,89.93,EMI,5,FALSE,Shipped,5
ORD-02876,06/02/2023,2023,Q1,February,Monday,CUST23195,Aditya Sharma,34,Young Adult,Female,West,Surat,Furniture,Wardrobe,3,31229.73,0.32,Very High,100210.97,34%,34252.99,53.79,EMI,5,FALSE,Pending,3
ORD-02210,21/08/2022,2022,Q3,August,Sunday,CUST53700,Ananya Shah,49,Adult,Female,South,Chennai,Furniture,Chair,3,25395.64,0.3,High,82667.82,35%,28762.52,86.28,UPI,4,FALSE,Delivered,5
ORD-01057,22/04/2021,2021,Q2,April,Thursday,CUST83911,Aditya Das,27,Young Adult,Male,North,Chandigarh,Groceries,Dal (1kg),3,457.68,0.26,High,1159.07,7%,84.35,72.86,Cash on Delivery,3,FALSE,delivered,2
ORD-02900,06/07/2023,2023,Q3,July,Thursday,CUST23268,Deepa Das,31,Young Adult,Female,South,Chennai,Books,Self-Help Book,1,715.84,0.24,High,937.54,50%,470.99,59.5,Credit Card,2,FALSE,Delivered,4
ORD-04048,23/10/2024,2024,Q4,October,Wednesday,CUST20477,Sanjay Verma,,,Female,East,Guwahati,Sports,Football,4,9803,0.33,Very High,32120.84,19%,6215.4,88.57,UPI,4,FALSE,Cancelled,6
ORD-00402,21/06/2020,2020,Q2,June,Sunday,CUST55018,Vikram Nair,37,Adult,Other,South,Chennai,Electronics,Headphones,5,28892.57,0.07,Low,205453.46,12%,25286.68,84.72,Debit Card,5,FALSE,Delivered,6
ORD-01747,14/02/2022,2022,Q1,February,Monday,CUST14531,Meera Gupta,27,Young Adult,Male,North,Ludhiana,Furniture,Wardrobe,9,14001.85,0.05,Low,118164.26,34%,40660.47,55.44,UPI,1,TRUE,Returned,1
ORD-00593,22/09/2020,2020,Q3,September,Tuesday,CUST21963,Priya Bhat,38,Adult,Other,Central,Bhopal,Furniture,Wardrobe,8,30292.85,0.29,High,173004.24,26%,45465.04,51.64,EMI,,FALSE,Delivered,5
ORD-04017,10/03/2024,2024,Q1,March,Sunday,CUST02198,Meera Singh,34,Young Adult,Male,East,Kolkata,Sports,Tennis Racket,2,2854.89,0.06,Low,6360.16,19%,1203.75,86.84,UPI,3,FALSE,Delivered,9
ORD-02956,07/04/2023,2023,Q2,April,Friday,CUST64061,Rohan Pillai,1,Child & Teen,Other,South,Chennai,Clothing,T-Shirt,9,1340.2,0.38,Very High,12757.93,30%,3852.39,105.03,Cash on Delivery,3,FALSE,Cancelled,4
ORD-00634,10/11/2020,2020,Q4,November,Tuesday,CUST01277,Sanjay Iyer,22,Young Adult,Female,West,Surat,Furniture,Bookshelf,7,34455.92,0.28,High,149044.86,26%,39164.43,54.2,Debit Card,3,FALSE,Delivered,7
ORD-03084,25/08/2023,2023,Q3,August,Friday,CUST97761,Rahul Verma,25,Young Adult,Female,East,Bhubaneswar,Books,Self-Help Book,10,755.47,0.04,Low,10570.33,38%,4011.83,94.06,Credit Card,,FALSE,Cancelled,5
ORD-01699,28/01/2022,2022,Q1,January,Friday,CUST22943,Nisha Shah,42,Adult,Male,North,Amritsar,Sports,Tennis Racket,10,6054.48,0.06,Low,48184.42,20%,9832.73,59.24,Credit Card,1,TRUE,Returned,6
ORD-01353,09/01/2021,2021,Q1,January,Saturday,CUST45393,Shreya Reddy,42,Adult,Male,South,Hyderabad,Furniture,Desk,10,8753.12,0.28,High,73335.01,24%,17930.25,87.75,EMI,5,FALSE,Delivered,8
ORD-02391,11/01/2022,2022,Q1,January,Tuesday,CUST63245,Ananya Verma,29,Young Adult,Male,Central,Indore,Books,Textbook,4,1320.32,0.01,Low,4535.42,21%,950.65,39.09,Debit Card,3,FALSE,Delivered,5
ORD-00729,30/11/2020,2020,Q4,November,Monday,CUST88249,Karan Das,33,Young Adult,Female,West,Surat,Books,Cook Book,8,707.31,0.15,Medium,3730.16,44%,1635.73,65.92,Net Banking,4,FALSE,Delivered,9
ORD-03692,22/05/2024,2024,Q2,May,Wednesday,CUST93738,Rohan Gupta,,,Male,North,Delhi,Groceries,Dal (1kg),5,309.97,0.04,Low,2672.61,8%,214.05,37.34,Cash on Delivery,5,FALSE,Shipped,4
ORD-01385,18/09/2021,2021,Q3,September,Saturday,CUST85642,Priya Singh,42,Adult,Other,East,Kolkata,Sports,Cricket Bat,8,12223.45,0.4,Very High,62483.59,17%,10563.05,68.51,Net Banking,4,FALSE,delivered,7
ORD-02434,20/11/2022,2022,Q4,November,Sunday,CUST85190,Nikhil Patel,45,Adult,Other,West,Surat,Electronics,Tablet,4,73017.83,0.22,High,192150.99,12%,23288.67,32.14,Credit Card,3,FALSE,Delivered,8
ORD-00158,03/07/2020,2020,Q3,July,Friday,CUST56042,Deepa Rao,35,Young Adult,Female,East,Bhubaneswar,Furniture,Desk,8,25624.31,0.12,Medium,188109.47,24%,45753.79,65.63,Credit Card,1,FALSE,Delivered,3
ORD-00857,25/01/2021,2021,Q1,January,Monday,CUST59535,Vikram Gupta,49,Adult,Male,Central,Nagpur,Beauty,Hair Oil,4,521.44,0.14,Medium,1538.13,32%,492.45,50.42,UPI,1,FALSE,Pending,10
ORD-03406,15/01/2024,2024,Q1,January,Monday,CUST62905,Vikram Iyer,41,Adult,Other,Central,Raipur,Clothing,Saree,6,3871.22,0.33,Very High,16031.48,32%,5072.13,43.12,Debit Card,4,FALSE,Delivered,3
ORD-02843,24/05/2023,2023,Q2,May,Wednesday,CUST04791,Rahul Verma,24,Young Adult,Other,West,Mumbai,Books,Self-Help Book,8,579.77,0.36,Very High,3954.73,56%,2230.94,42.6,Debit Card,3,FALSE,Delivered,7
ORD-01014,04/04/2021,2021,Q2,April,Sunday,CUST62653,Nikhil Mishra,26,Young Adult,Male,North,Amritsar,Groceries,Cooking Oil,1,116.68,0.06,Low,118.23,8%,9.75,47.55,Credit Card,1,FALSE,Delivered,8
ORD-02991,19/07/2023,2023,Q3,July,Wednesday,CUST01027,Nikhil Reddy,,,Other,North,Delhi,Groceries,Rice (5kg),4,161.52,0.17,Medium,815.36,8%,66.15,45.84,Net Banking,4,FALSE,Cancelled,8
ORD-01087,05/06/2021,2021,Q2,June,Saturday,CUST29357,Meera Nair,33,Young Adult,Other,West,Pune,Books,Textbook,7,1042.98,0.3,High,7120.16,36%,2589.16,61.15,Debit Card,2,TRUE,Returned,4
ORD-00943,03/02/2021,2021,Q1,February,Wednesday,CUST48937,Nisha Iyer,14,Child & Teen,Female,Central,Indore,Clothing,Jeans,3,3314.25,0.1,Low,9673.58,39%,3783,52.17,UPI,,FALSE,Shipped,8
ORD-03731,15/06/2024,2024,Q2,June,Saturday,CUST46976,Nikhil Sharma,11,Child & Teen,Male,East,Patna,Electronics,Tablet,3,48747.69,0.29,High,172382.02,13%,22319.7,42.24,Net Banking,5,FALSE,Delivered,6
ORD-02485,14/12/2022,2022,Q4,December,Wednesday,CUST69585,Sunita Joshi,12,Child & Teen,Male,West,Ahmedabad,Books,Cook Book,9,1471.74,0.05,Low,10167.9,53%,5411.76,50.89,Cash on Delivery,4,FALSE,Delivered,7
ORD-02773,16/04/2023,2023,Q2,April,Sunday,CUST69945,Rahul Das,36,Adult,Male,West,Surat,Electronics,Laptop,8,27632.84,0.08,Low,295286.41,11%,33436.12,20.29,Net Banking,3,FALSE,Delivered,7
ORD-01093,05/08/2021,2021,Q3,August,Thursday,CUST80149,Pooja Mishra,37,Adult,Other,West,Mumbai,Sports,Cycle,7,11542.97,0.16,Medium,97177.38,25%,24424.83,53.27,EMI,1,TRUE,Returned,7
ORD-00101,02/08/2020,2020,Q3,August,Sunday,CUST45487,Sunita Joshi,34,Young Adult,Other,West,Pune,Books,Cook Book,8,1325.02,0.09,Low,8717.89,37%,3265.49,41.67,Debit Card,2,FALSE,Cancelled,5
ORD-03804,07/12/2024,2024,Q4,December,Saturday,CUST42902,Rahul Kumar,5,Child & Teen,Other,South,Hyderabad,Groceries,Sugar,,84.21,0.13,Medium,125.78,7%,8.9,47.91,Cash on Delivery,4,FALSE,Delivered,2
ORD-02873,06/01/2023,2023,Q1,January,Friday,CUST07917,Nikhil Nair,34,Young Adult,Male,East,Guwahati,Sports,Football,6,5611.57,0.2,Medium,37888.42,16%,6107.6,97.42,Credit Card,5,FALSE,Delivered,2
ORD-03342,16/12/2023,2023,Q4,December,Saturday,CUST26677,Rahul Chatterjee,45,Adult,Female,Central,Raipur,Groceries,Tea,9,312.53,0.35,Very High,1437,11%,155.73,48.28,Cash on Delivery,4,FALSE,Shipped,5
ORD-04177,21/12/2024,2024,Q4,December,Saturday,CUST44560,Amit Verma,49,Adult,Female,South,Bangalore,Sports,Dumbbells,2,13057.02,0.35,Very High,14206.67,25%,3578.76,69.31,Credit Card,5,FALSE,Delivered,10
ORD-02805,05/01/2023,2023,Q1,January,Thursday,CUST85937,Deepa Verma,31,Young Adult,Male,South,Hyderabad,Clothing,Saree,7,3482.32,0.35,Very High,26908.32,32%,8716.81,68.92,UPI,4,FALSE,Delivered,7
ORD-00918,17/02/2021,2021,Q1,February,Wednesday,CUST67405,Meera Pillai,48,Adult,Male,Central,Indore,Sports,Cycle,3,11359.59,0.01,Low,30752.81,24%,7374.96,41.65,Debit Card,1,FALSE,Delivered,8
ORD-00759,12/10/2020,2020,Q4,October,Monday,CUST23197,Amit Patel,28,Young Adult,Other,Central,Nagpur,Sports,Tennis Racket,5,5242.77,0.31,Very High,13993.35,21%,2992.91,74.58,EMI,1,TRUE,Returned,5
ORD-00086,02/03/2020,2020,Q1,March,Monday,CUST63884,Amit Das,29,Young Adult,Female,West,Ahmedabad,Furniture,Chair,10,9468.07,0.32,Very High,57174.24,27%,15202.22,40.98,EMI,,FALSE,Delivered,2
ORD-00793,28/12/2020,2020,Q4,December,Monday,CUST49838,Sunita Gupta,37,Adult,Other,South,Bangalore,Groceries,Flour,8,491.76,0.08,Low,2780.1,8%,223.65,61.84,UPI,2,FALSE,Delivered,4
ORD-01894,16/04/2022,2022,Q2,April,Saturday,CUST28783,Rohan Shah,42,Adult,Male,East,Bhubaneswar,Beauty,Perfume,7,2235.02,0.37,Very High,11756.21,62%,7295.66,68.83,UPI,1,TRUE,Returned,8
ORD-04109,20/11/2024,2024,Q4,November,Wednesday,CUST36614,Shreya Pillai,27,Young Adult,Other,East,Guwahati,Books,Comic Book,9,1324.57,0.38,Very High,7683.45,27%,2086.59,82.14,UPI,4,FALSE,Delivered,4
ORD-02963,07/07/2023,2023,Q3,July,Friday,CUST21979,Sanjay Singh,54,Adult,Male,North,Chandigarh,Sports,Cricket Bat,1,9949.47,0.06,Low,13501.36,29%,3908.34,42.57,UPI,,FALSE,Delivered,5
ORD-02212,23/08/2022,2022,Q3,August,Tuesday,CUST44717,Meera Chatterjee,34,Young Adult,Male,East,Kolkata,Electronics,Headphones,6,45624.04,0.24,High,274607.48,9%,23542.83,97.97,UPI,4,FALSE,Delivered,7
ORD-02836,19/05/2023,2023,Q2,May,Friday,CUST76017,Arjun Chatterjee,37,Adult,Female,Central,Bhopal,Furniture,Bookshelf,10,7630.7,0.21,High,99978.26,22%,21558.18,46.42,Cash on Delivery,5,FALSE,Cancelled,8
ORD-00409,27/06/2020,2020,Q2,June,Saturday,CUST97162,Sanjay Mehta,46,Adult,Female,East,Bhubaneswar,Sports,Cricket Bat,1,4889.3,0.16,Medium,5849.95,24%,1406.77,63.96,Net Banking,1,FALSE,Delivered,6
ORD-00528,21/08/2020,2020,Q3,August,Friday,CUST94563,Amit Das,56,Senior,Male,East,Bhubaneswar,Clothing,Dress,5,2614.79,0.12,Medium,12884.93,22%,2796.07,55.45,Credit Card,4,TRUE,Returned,9
ORD-00268,27/04/2020,2020,Q2,April,Monday,CUST64785,Sunita Reddy,32,Young Adult,Female,West,Mumbai,Books,Cook Book,7,257.18,0.29,High,1452.88,42%,604.81,60.36,Credit Card,1,FALSE,Cancelled,5
ORD-02778,17/04/2023,2023,Q2,April,Monday,CUST21931,Kavya Mehta,,,Female,West,Surat,Books,Textbook,8,337.73,0.38,Very High,2495.05,46%,1142.99,48.99,Cash on Delivery,5,TRUE,Returned,6
ORD-00948,03/05/2021,2021,Q2,May,Monday,CUST85939,Nikhil Patel,47,Adult,Female,North,Amritsar,Furniture,Chair,6,29194.28,0.36,Very High,144911.63,38%,54404.2,64.14,Credit Card,3,FALSE,Delivered,9
ORD-03678,16/05/2024,2024,Q2,May,Thursday,CUST45890,Ritu Patel,16,Child & Teen,Male,West,Mumbai,Electronics,Camera,4,20489.54,0.01,Low,161033.98,14%,22669.85,73.53,Cash on Delivery,1,FALSE,Pending,4
ORD-01310,08/11/2021,2021,Q4,November,Monday,CUST84751,Vikram Kumar,14,Child & Teen,Male,South,Kochi,Sports,Yoga Mat,2,11904.59,0.18,Medium,25494.32,26%,6649.59,66.45,EMI,5,FALSE,Delivered,2
ORD-00672,31/10/2020,2020,Q4,October,Saturday,CUST71562,Rahul Bhat,35,Young Adult,Female,West,Ahmedabad,Electronics,Camera,5,49817.06,0.28,High,167889.68,10%,16722.18,42.95,UPI,,FALSE,Pending,3
ORD-04060,26/10/2024,2024,Q4,October,Saturday,CUST99521,Kavya Pillai,42,Adult,Other,West,Ahmedabad,Furniture,Sofa,4,10887.68,0.14,Medium,46926.73,31%,14349.22,57.18,EMI,3,FALSE,Delivered,6
ORD-01996,06/01/2022,2022,Q1,January,Thursday,CUST48253,Meera Kumar,36,Adult,Male,North,Chandigarh,Clothing,Saree,5,451.03,0.19,Medium,2632.07,44%,1165.89,23.32,Net Banking,5,FALSE,Delivered,10
ORD-01584,12/09/2021,2021,Q3,September,Sunday,CUST51398,Karan Bose,36,Adult,Female,North,Delhi,Books,Self-Help Book,3,586.88,0.33,Very High,916.67,41%,373.51,36.45,EMI,4,FALSE,Delivered,1
ORD-01026,04/09/2021,2021,Q3,September,Saturday,CUST78889,Nikhil Joshi,24,Young Adult,Other,South,Chennai,Sports,Football,10,6806.6,0.36,Very High,39614.95,19%,7458.02,66.29,Credit Card,5,FALSE,delivered,7
ORD-03309,12/01/2023,2023,Q1,January,Thursday,CUST44030,Aditya Iyer,,,Male,West,Mumbai,Clothing,Jeans,3,3608.42,0.29,High,6927.13,29%,1997.74,54.98,Cash on Delivery,5,FALSE,Delivered,9
ORD-01973,22/05/2022,2022,Q2,May,Sunday,CUST45923,Ananya Rao,22,Young Adult,Male,West,Ahmedabad,Electronics,Headphones,2,72469.02,0.38,Very High,127833.79,10%,12280.09,49.21,Net Banking,4,FALSE,Cancelled,1
ORD-03390,01/06/2024,2024,Q2,June,Saturday,CUST51656,Kavya Singh,2,Child & Teen,Other,West,Pune,Electronics,Laptop,3,42514.99,0.06,Low,111205.03,12%,13533.76,59.07,EMI,5,FALSE,Cancelled,5
ORD-00540,26/08/2020,2020,Q3,August,Wednesday,CUST59198,Priya Das,29,Young Adult,Other,East,Patna,Beauty,Face Cream,,1644.33,0.31,Very High,1186.66,40%,470.96,68.12,Cash on Delivery,5,TRUE,Returned,2
ORD-01905,21/04/2022,2022,Q2,April,Thursday,CUST28422,Ananya Nair,35,Young Adult,Female,West,Pune,Books,Cook Book,5,540.77,0.28,High,2814.83,58%,1625.95,54.23,EMI,5,FALSE,Delivered,7
ORD-00422,07/06/2020,2020,Q2,June,Sunday,CUST44523,Priya Sharma,35,Young Adult,Other,South,Bangalore,Clothing,Jacket,2,539.35,0.23,High,1124.22,26%,289.25,64.96,Cash on Delivery,5,FALSE,Delivered,8
ORD-03365,29/12/2023,2023,Q4,December,Friday,CUST03410,Sunita Das,,,Female,East,Patna,Electronics,Smartphone,9,30674.09,0.39,Very High,159421.61,10%,15597.31,76.43,Cash on Delivery,,FALSE,Delivered,2
ORD-02069,07/02/2022,2022,Q1,February,Monday,CUST03769,Sunita Mishra,32,Young Adult,Female,South,Kochi,Clothing,Saree,8,3278.48,,,39736.74,40%,15719.62,80.96,Credit Card,3,FALSE,Delivered,1
ORD-02723,27/03/2023,2023,Q1,March,Monday,CUST08867,Nisha Kapoor,12,Child & Teen,Other,Central,Raipur,Electronics,Tablet,2,69342.57,0.08,Low,154630.39,12%,18946.95,47.74,Net Banking,2,FALSE,Delivered,6
ORD-00073,28/01/2020,2020,Q1,January,Tuesday,CUST44662,Ananya Nair,,,Male,North,Delhi,Sports,Dumbbells,4,12945.28,0.13,Medium,31129.56,23%,7042.29,65.38,Credit Card,5,FALSE,Delivered,4
ORD-02497,19/12/2022,2022,Q4,December,Monday,CUST57740,Sunita Verma,19,Young Adult,Male,East,Kolkata,Furniture,Bookshelf,5,29767.34,0.16,Medium,92126.76,26%,24089.4,72.23,Cash on Delivery,3,FALSE,Cancelled,6
ORD-03163,10/01/2023,2023,Q1,January,Tuesday,CUST87976,Amit Singh,29,Young Adult,Male,North,Chandigarh,Sports,Cricket Bat,3,14810.59,0.08,Low,44578.62,23%,10260.62,65.69,Cash on Delivery,3,FALSE,Delivered,5
ORD-03997,22/09/2024,2024,Q3,September,Sunday,CUST57164,Karan Reddy,36,Adult,Male,East,Bhubaneswar,Beauty,Sunscreen,4,2333.1,0.22,High,11296.75,43%,4828.37,72.08,UPI,3,TRUE,Returned,10
ORD-02268,14/09/2022,2022,Q3,September,Wednesday,CUST89600,Aarav Joshi,51,Adult,Male,South,Chennai,Sports,Football,2,13833.36,0.06,Low,30150.8,28%,8534.61,40.57,Net Banking,,FALSE,Delivered,8
ORD-01535,19/11/2021,2021,Q4,November,Friday,CUST92130,Sunita Shah,,,Other,Central,Nagpur,Furniture,Chair,5,9804.75,0.09,Low,36117.01,22%,8077.49,70.12,UPI,1,FALSE,Delivered,5
ORD-02522,31/12/2022,2022,Q4,December,Saturday,CUST79852,Nisha Kapoor,26,Young Adult,Male,West,Pune,Books,Textbook,3,1379.58,0.06,Low,3040.53,32%,976.28,64.67,Net Banking,4,FALSE,Shipped,4
ORD-02356,16/10/2022,2022,Q4,October,Sunday,CUST40158,Kavya Pillai,36,Adult,Male,South,Chennai,Furniture,Chair,8,33543.43,0.22,High,218733.7,27%,59861.82,56.8,EMI,2,FALSE,Delivered,8
ORD-03607,19/04/2024,2024,Q2,April,Friday,CUST69333,Pooja Iyer,31,Young Adult,Female,South,Bangalore,Beauty,Perfume,6,1423.12,0.11,Medium,10606.52,41%,4315.91,75.2,Cash on Delivery,4,TRUE,Returned,4
ORD-01868,04/04/2022,2022,Q2,April,Monday,CUST05359,Aditya Mehta,26,Young Adult,Female,East,Kolkata,Electronics,Camera,8,64439.74,0.23,High,542100.67,15%,80671.01,103.41,Debit Card,1,FALSE,Delivered,3
ORD-00888,02/04/2021,2021,Q2,April,Friday,CUST27547,Shreya Gupta,49,Adult,Male,South,Chennai,Electronics,Smartwatch,10,72812.39,0.29,High,520084.41,18%,94437.03,76.77,Net Banking,2,TRUE,Returned,10
ORD-01208,29/06/2021,2021,Q2,June,Tuesday,CUST72453,Arjun Joshi,31,Young Adult,Male,South,Hyderabad,Furniture,Chair,6,3208.32,0.25,High,24685.74,21%,5146.1,81.25,UPI,4,FALSE,Pending,
ORD-02771,14/04/2023,2023,Q2,April,Friday,CUST00213,Ritu Reddy,47,Adult,Male,East,Kolkata,Beauty,Sunscreen,8,415.72,0.01,Low,4769.26,38%,1796.21,54.55,EMI,3,FALSE,delivered,5
ORD-00591,21/09/2020,2020,Q3,September,Monday,CUST49777,Pooja Shah,33,Young Adult,Female,South,Hyderabad,Groceries,Tea,1,389.24,0.23,High,313.86,7%,22.71,66.8,Net Banking,5,FALSE,delivered,10
ORD-03777,07/01/2024,2024,Q1,January,Sunday,CUST77207,Sanjay Joshi,25,Young Adult,Female,North,Ludhiana,Books,Self-Help Book,,1486.09,0.11,Medium,1967.1,37%,719.18,43.92,Cash on Delivery,1,FALSE,Delivered,1
ORD-03456,02/08/2024,2024,Q3,August,Friday,CUST58295,Sunita Iyer,38,Adult,Male,East,Kolkata,Electronics,Smartwatch,4,15346.11,0.06,Low,67060.7,15%,9998.89,93.55,Cash on Delivery,2,FALSE,Delivered,6
ORD-03788,07/04/2024,2024,Q2,April,Sunday,CUST59409,Sanjay Rao,49,Adult,Male,Central,Raipur,Books,Biography,8,1499.77,0.37,Very High,11632.7,42%,4863.95,68.32,UPI,5,FALSE,Delivered,
ORD-01031,04/11/2021,2021,Q4,November,Thursday,CUST25835,Pooja Shah,26,Young Adult,Male,South,Bangalore,Books,Fiction Novel,9,816.35,0.12,Medium,7711.33,42%,3255,81.14,UPI,5,TRUE,Returned,3
ORD-03205,18/10/2023,2023,Q4,October,Wednesday,CUST12676,Meera Iyer,4,Child & Teen,Male,East,Bhubaneswar,Sports,Dumbbells,7,12597.24,0.11,Medium,77124.12,26%,20197.94,79.69,Net Banking,4,FALSE,Delivered,8
ORD-03330,12/11/2023,2023,Q4,November,Sunday,CUST18271,Pooja Chatterjee,,,Male,West,Pune,Clothing,Jeans,3,1850.1,0.03,Low,4811.57,27%,1286.23,78.13,EMI,2,FALSE,Delivered,10
ORD-03149,27/09/2023,2023,Q3,September,Wednesday,CUST52921,Vikram Nair,18,Young Adult,Female,East,Patna,Clothing,Dress,10,2309.23,0.02,Low,28827.02,29%,8270.8,94.75,Cash on Delivery,,FALSE,Delivered,5
ORD-00490,08/04/2020,2020,Q2,April,Wednesday,CUST00642,Kavya Das,4,Child & Teen,Male,South,Chennai,Furniture,Wardrobe,5,12250.19,0.32,Very High,45443.23,25%,11573.16,71.75,EMI,3,FALSE,Delivered,6
ORD-00653,20/10/2020,2020,Q4,October,Tuesday,CUST35559,Ritu Nair,22,Young Adult,Female,Central,Nagpur,Books,Textbook,3,835.42,0.33,Very High,1423.3,32%,458.44,55.32,Cash on Delivery,5,FALSE,Delivered,1
ORD-01457,22/10/2021,2021,Q4,October,Friday,CUST96946,Sunita Sharma,53,Adult,Other,South,Chennai,Electronics,Headphones,9,62284.37,0.36,Very High,295233.56,14%,40519.72,81.15,Credit Card,3,FALSE,Delivered,8
ORD-03779,07/02/2024,2024,Q1,February,Wednesday,CUST68889,Vikram Chatterjee,56,Senior,Other,North,Ludhiana,Books,Fiction Novel,2,493.07,0.4,Very High,1034.25,45%,466.16,79.96,Net Banking,5,FALSE,Delivered,5
ORD-01596,14/12/2021,2021,Q4,December,Tuesday,CUST72370,Priya Verma,34,Young Adult,Other,North,Delhi,Sports,Dumbbells,2,4486.05,,,5037.77,21%,1061.82,70.4,UPI,4,FALSE,Delivered,
ORD-00928,23/02/2021,2021,Q1,February,Tuesday,CUST88225,Pooja Mishra,37,Adult,Female,South,Hyderabad,Clothing,Dress,2,2323.11,0.1,Low,3708.79,31%,1138.78,85.32,Net Banking,2,FALSE,Delivered,7
ORD-00710,19/11/2020,2020,Q4,November,Thursday,CUST57843,Meera Nair,51,Adult,Female,East,Bhubaneswar,Books,Fiction Novel,10,331.1,0.39,Very High,1477.96,29%,435.14,84.94,Cash on Delivery,5,FALSE,Delivered,7
ORD-03999,23/09/2024,2024,Q3,September,Monday,CUST81465,Rohan Pillai,38,Adult,Male,Central,Indore,Groceries,Flour,5,195.29,0.16,Medium,1055.1,8%,81.38,32.28,Credit Card,3,FALSE,Cancelled,5
ORD-01536,20/11/2021,2021,Q4,November,Saturday,CUST55972,Rohan Kumar,47,Adult,Male,West,Surat,Clothing,Kurta,10,1224.47,0.4,Very High,5546.22,36%,2019.44,52.99,Debit Card,1,FALSE,Delivered,6
ORD-03376,31/12/2023,2023,Q4,December,Sunday,CUST86469,Aarav Mehta,43,Adult,Other,South,Hyderabad,Beauty,Lipstick,7,1828.2,0.21,High,9118.63,43%,3919.89,72.63,Credit Card,4,FALSE,Delivered,1
ORD-00542,29/08/2020,2020,Q3,August,Saturday,CUST19508,Arjun Rao,28,Young Adult,Male,West,Pune,Electronics,Smartwatch,,9189.44,0.19,Medium,8306.29,11%,916.95,59.91,Debit Card,4,FALSE,Delivered,5
ORD-00273,05/01/2020,2020,Q1,January,Sunday,CUST92554,Nisha Joshi,34,Young Adult,Other,West,Pune,Electronics,Laptop,8,74156.48,0.02,Low,789939.57,7%,58250.48,75.8,Credit Card,5,FALSE,Delivered,2
ORD-03823,21/07/2024,2024,Q3,July,Sunday,CUST65889,Priya Verma,52,Adult,Female,Central,Indore,Groceries,Sugar,6,462.8,0.2,Medium,3702.45,7%,265.28,81.01,Cash on Delivery,4,FALSE,Delivered,7
ORD-02004,06/03/2022,2022,Q1,March,Sunday,CUST71669,Nikhil Singh,17,Child & Teen,Other,West,Mumbai,Books,Self-Help Book,4,664.43,0.18,Medium,2827.28,30%,858.56,89.26,Net Banking,3,FALSE,Delivered,8
ORD-04015,10/01/2024,2024,Q1,January,Wednesday,CUST50530,Nikhil Patel,36,Adult,Male,North,Amritsar,Furniture,Bed Frame,5,16493.24,0.1,Low,95102.09,31%,29222.3,63.55,Cash on Delivery,5,FALSE,Delivered,
ORD-01540,20/11/2021,2021,Q4,November,Saturday,CUST28110,Kavya Rao,28,Young Adult,Male,North,Delhi,Clothing,Jeans,9,577.16,0.35,Very High,2706.28,33%,896.42,45.41,UPI,3,TRUE,Returned,2
ORD-03094,30/08/2023,2023,Q3,August,Wednesday,CUST98803,Vikram Joshi,42,Adult,Male,South,Kochi,Furniture,Bed Frame,6,21712.77,0.14,Medium,157859.91,31%,48496.37,62.68,EMI,2,FALSE,Cancelled,9
ORD-03859,08/03/2024,2024,Q1,March,Friday,CUST22956,Deepa Chatterjee,32,Young Adult,Other,West,Surat,Beauty,Hair Oil,5,2341.12,0.07,Low,14424.73,51%,7388.44,70.78,Credit Card,,TRUE,Returned,3
ORD-01861,04/01/2022,2022,Q1,January,Tuesday,CUST08538,Shreya Kapoor,33,Young Adult,Male,West,Surat,Beauty,Lipstick,3,992.1,0.25,High,3344.42,53%,1765.61,59.26,Credit Card,,FALSE,Cancelled,4
ORD-02147,31/07/2022,2022,Q3,July,Sunday,CUST10089,Vikram Bhat,47,Adult,Other,East,Patna,Clothing,Saree,2,3551.33,0.03,Low,9440.78,40%,3804.23,97.74,Net Banking,3,FALSE,delivered,8
ORD-03452,05/02/2024,2024,Q1,February,Monday,CUST47815,Aditya Shah,,,Female,North,Delhi,Sports,Tennis Racket,2,9159.84,0.21,High,17159.15,26%,4525.93,58.04,EMI,4,FALSE,Delivered,4
ORD-01640,31/12/2021,2021,Q4,December,Friday,CUST78194,Shreya Mishra,58,Senior,Male,West,Mumbai,Sports,Yoga Mat,3,726.67,0.34,Very High,1042.72,27%,281.95,34.18,Cash on Delivery,1,FALSE,Shipped,9
ORD-02680,03/06/2023,2023,Q2,June,Saturday,CUST75386,Rohan Mishra,14,Child & Teen,Male,East,Guwahati,Electronics,Headphones,3,65257.11,0.2,Medium,196362.97,14%,27495.56,51.41,UPI,1,TRUE,Returned,4
ORD-03902,14/08/2024,2024,Q3,August,Wednesday,CUST28307,Nisha Bhat,48,Adult,Other,Central,Indore,Books,Self-Help Book,6,797.16,0.34,Very High,4735.21,25%,1174.59,15.7,Cash on Delivery,4,FALSE,Shipped,2
ORD-03310,12/02/2023,2023,Q1,February,Sunday,CUST44114,Aditya Mehta,36,Adult,Female,North,Ludhiana,Sports,Cricket Bat,,11000.34,0.04,Low,9272.71,14%,1339.4,62.5,Net Banking,1,FALSE,Cancelled,2
ORD-00280,05/03/2020,2020,Q1,March,Thursday,CUST00544,Sanjay Joshi,26,Young Adult,Male,North,Ludhiana,Books,Textbook,10,1346.41,0.24,High,12502.33,47%,5924.88,55.15,UPI,1,FALSE,Pending,2
ORD-03732,15/06/2024,2024,Q2,June,Saturday,CUST93241,Nikhil Patel,31,Young Adult,Female,North,Chandigarh,Clothing,Jeans,10,1828.09,0.4,Very High,18651.13,24%,4543.72,54.66,UPI,5,FALSE,Delivered,10
ORD-01188,18/06/2021,2021,Q2,June,Friday,CUST64503,Vikram Gupta,27,Young Adult,Other,Central,Raipur,Furniture,Wardrobe,5,27399.66,0.38,Very High,132575.91,23%,31097.38,50.34,Net Banking,,FALSE,Delivered,4
ORD-02746,04/03/2023,2023,Q1,March,Saturday,CUST71887,Nisha Kapoor,3,Child & Teen,Other,East,Bhubaneswar,Books,Textbook,10,1221.02,0.17,Medium,15191.82,33%,5083.3,86.46,EMI,5,FALSE,Pending,4
ORD-02871,31/05/2023,2023,Q2,May,Wednesday,CUST88518,Aditya Bose,58,Senior,Female,South,Hyderabad,Electronics,Headphones,5,26851.1,0.03,Low,218111.79,11%,24902.1,72.55,UPI,2,FALSE,Delivered,2
ORD-03298,26/11/2023,2023,Q4,November,Sunday,CUST82100,Pooja Kapoor,,,Female,West,Surat,Sports,Football,3,11118.32,0.3,High,22974.82,21%,4866.53,53.21,Net Banking,4,TRUE,Returned,9
ORD-00693,11/09/2020,2020,Q3,September,Friday,CUST90563,Rahul Kumar,31,Young Adult,Male,North,Delhi,Beauty,Hair Oil,10,1973.78,0.07,Low,14584.96,37%,5325.39,34.79,Credit Card,4,FALSE,Delivered,8
ORD-02945,30/06/2023,2023,Q2,June,Friday,CUST19434,Aarav Das,28,Young Adult,Other,East,Guwahati,Furniture,Bed Frame,9,12800.64,0.3,High,120310.49,24%,28867.05,77.17,Cash on Delivery,5,FALSE,Delivered,7
ORD-00291,05/08/2020,2020,Q3,August,Wednesday,CUST36091,Meera Mehta,43,Adult,Other,North,Delhi,Electronics,Laptop,5,16919.29,0.06,Low,117489.88,13%,14930.93,59.99,UPI,5,TRUE,Returned,10
ORD-02931,23/06/2023,2023,Q2,June,Friday,CUST81737,Ananya Joshi,36,Adult,Other,West,Surat,Beauty,Shampoo,8,1976.85,0.3,High,17609.1,49%,8544.51,81.44,Debit Card,4,FALSE,Delivered,6
ORD-00530,22/08/2020,2020,Q3,August,Saturday,CUST91144,Sanjay Iyer,29,Young Adult,Male,East,Patna,Beauty,Lipstick,1,357.7,0.24,High,286.61,48%,137.45,95.23,Credit Card,3,FALSE,Delivered,1
ORD-01920,29/04/2022,2022,Q2,April,Friday,CUST28329,Vikram Sharma,28,Young Adult,Male,West,Mumbai,Groceries,Sugar,10,321.34,0.16,Medium,4232.71,10%,408.89,47.89,Credit Card,1,FALSE,delivered,9
ORD-04004,25/09/2024,2024,Q3,September,Wednesday,CUST45019,Nikhil Mishra,27,Young Adult,Other,North,Amritsar,Clothing,Dress,1,2472.06,0.23,High,2559.11,30%,756.36,57.21,Net Banking,5,FALSE,Delivered,10
ORD-02861,29/05/2023,2023,Q2,May,Monday,CUST53780,Meera Joshi,28,Young Adult,Female,North,Chandigarh,Furniture,Bed Frame,4,25915.33,0.11,Medium,132743.41,22%,29427.55,58.32,Debit Card,5,FALSE,Delivered,10
ORD-00403,22/06/2020,2020,Q2,June,Monday,CUST52549,Pooja Rao,32,Young Adult,Other,North,Delhi,Clothing,T-Shirt,7,2701.8,0.09,Low,22364.16,38%,8609.23,56.32,Cash on Delivery,5,TRUE,Returned,2
ORD-03741,19/06/2024,2024,Q2,June,Wednesday,CUST11870,Arjun Iyer,28,Young Adult,Other,East,Kolkata,Clothing,Jacket,4,2577.39,0.11,Medium,15407.9,35%,5412.09,58.52,UPI,2,FALSE,Delivered,1
ORD-03172,10/04/2023,2023,Q2,April,Monday,CUST73615,Sanjay Gupta,45,Adult,Male,West,Surat,Groceries,Dal (1kg),4,309.85,0.04,Low,1375.7,9%,128.93,73.63,UPI,4,TRUE,Returned,5
ORD-00749,12/06/2020,2020,Q2,June,Friday,CUST43010,Priya Gupta,33,Young Adult,Other,Central,Nagpur,Clothing,Dress,8,2574.11,0.12,Medium,12273.11,46%,5629.65,67.94,Credit Card,5,TRUE,Returned,10
ORD-00053,21/01/2020,2020,Q1,January,Tuesday,CUST07190,Deepa Kapoor,33,Young Adult,Other,East,Guwahati,Beauty,Lipstick,9,1931.61,0.35,Very High,10532.18,50%,5257.88,98.73,Net Banking,5,FALSE,Delivered,3
ORD-01418,10/01/2021,2021,Q1,January,Sunday,CUST26109,Aditya Gupta,52,Adult,Male,Central,Raipur,Sports,Cycle,3,13585.06,0.33,Very High,26055.86,21%,5488.23,62.01,EMI,5,FALSE,cancelled,2
ORD-03527,03/11/2024,2024,Q4,November,Sunday,CUST89020,Meera Patel,11,Child & Teen,Male,East,Guwahati,Clothing,T-Shirt,2,1543.23,0.26,High,3196.43,40%,1291.1,71.02,UPI,5,FALSE,Delivered,6
ORD-02382,28/10/2022,2022,Q4,October,Friday,CUST54015,Shreya Rao,48,Adult,Female,West,Pune,Sports,Dumbbells,1,14172.12,0.14,Medium,12312.75,17%,2055.13,79.52,EMI,5,FALSE,Delivered,6
ORD-00601,25/09/2020,2020,Q3,September,Friday,CUST39660,Priya Pillai,53,Adult,Male,South,Kochi,Books,Textbook,7,298.01,0.2,Medium,1735.77,39%,683.51,71.67,EMI,2,TRUE,Returned,2
ORD-00339,27/05/2020,2020,Q2,May,Wednesday,CUST65020,Pooja Bhat,28,Young Adult,Other,West,Pune,Furniture,Wardrobe,10,2690.93,0.35,Very High,23373.24,32%,7410.64,43.86,UPI,4,TRUE,Returned,4
ORD-02825,05/12/2023,2023,Q4,December,Tuesday,CUST40911,Ritu Gupta,51,Adult,Other,Central,Raipur,Groceries,Rice (5kg),1,380.33,0.2,Medium,506.19,9%,44.82,61.88,UPI,,FALSE,Delivered,
ORD-01292,08/06/2021,2021,Q2,June,Tuesday,CUST14859,Vikram Mehta,21,Young Adult,Female,West,Surat,Beauty,Lipstick,3,1302.9,0.23,High,4258.29,40%,1724.59,82.26,UPI,2,FALSE,Cancelled,5
ORD-03394,01/09/2024,2024,Q3,September,Sunday,CUST94721,Nisha Reddy,26,Young Adult,Male,North,Ludhiana,Electronics,Smartwatch,4,13215.16,0.15,Medium,41177.25,9%,3874.92,36.17,Net Banking,2,FALSE,Delivered,3
ORD-03486,24/02/2024,2024,Q1,February,Saturday,CUST56798,Meera Pillai,28,Young Adult,Female,East,Guwahati,Clothing,Saree,5,3018.53,0.26,High,13152.75,40%,5208.94,73.33,Credit Card,1,FALSE,Shipped,4
ORD-03191,13/10/2023,2023,Q4,October,Friday,CUST15190,Aditya Shah,37,Adult,Male,South,Hyderabad,Beauty,Shampoo,4,817.47,0.24,High,2848.99,50%,1431.62,61.6,Debit Card,5,FALSE,Cancelled,2
ORD-00183,22/03/2020,2020,Q1,March,Sunday,CUST16395,Sunita Pillai,19,Young Adult,Other,Central,Raipur,Beauty,Sunscreen,9,646.01,0.38,Very High,3807.56,34%,1281.84,51.72,Credit Card,2,FALSE,Pending,3
ORD-02779,18/04/2023,2023,Q2,April,Tuesday,CUST66673,Pooja Mehta,32,Young Adult,Female,East,Bhubaneswar,Beauty,Face Cream,1,588.9,0.03,Low,804.15,45%,359.5,76.29,Net Banking,5,FALSE,Delivered,5
ORD-01224,07/06/2021,2021,Q2,June,Monday,CUST34079,Nisha Das,4,Child & Teen,Male,Central,Bhopal,Clothing,T-Shirt,6,3032.93,0.08,Low,25322.69,42%,10654.04,27.7,EMI,1,FALSE,Delivered,4
ORD-03282,18/11/2023,2023,Q4,November,Saturday,CUST30266,Deepa Bose,34,Young Adult,Female,West,Surat,Sports,Yoga Mat,3,14108.02,0.12,Medium,36649.85,17%,6203.2,56.58,EMI,2,FALSE,Delivered,10
ORD-03259,11/08/2023,2023,Q3,August,Friday,CUST28855,Kavya Kumar,26,Young Adult,Female,South,Chennai,Groceries,Cooking Oil,9,165.39,0.22,High,1080.19,9%,98.81,71.09,Cash on Delivery,3,FALSE,Delivered,6
ORD-00458,20/07/2020,2020,Q3,July,Monday,CUST53954,Amit Kapoor,4,Child & Teen,Other,Central,Nagpur,Books,Cook Book,4,313.79,0.37,Very High,885.78,42%,369.77,43.26,Net Banking,2,FALSE,Delivered,
ORD-02316,10/04/2022,2022,Q2,April,Sunday,CUST62789,Ananya Gupta,4,Child & Teen,Other,South,Kochi,Groceries,Dal (1kg),4,314.73,0.15,Medium,998.21,6%,61.22,79,Cash on Delivery,,FALSE,Delivered,8
ORD-02007,06/04/2022,2022,Q2,April,Wednesday,CUST96054,Ritu Nair,4,Child & Teen,Other,East,Bhubaneswar,Electronics,Smartphone,7,21000.78,0.3,High,174189.34,14%,24923.4,115.73,UPI,5,FALSE,Delivered,6
ORD-02400,11/04/2022,2022,Q2,April,Monday,CUST21465,Pooja Kumar,33,Young Adult,Female,West,Ahmedabad,Clothing,Saree,7,525.25,0.03,Low,3229.98,38%,1218.39,48.82,UPI,4,FALSE,Delivered,8
ORD-02972,07/10/2023,2023,Q4,October,Saturday,CUST95419,Deepa Joshi,37,Adult,Male,West,Pune,Beauty,Face Cream,9,108.24,0.18,Medium,1201.96,47%,569.48,55.36,UPI,4,FALSE,Delivered,5
ORD-03622,24/04/2024,2024,Q2,April,Wednesday,CUST32129,Sunita Iyer,39,Adult,Other,South,Hyderabad,Electronics,Smartwatch,7,45364.52,0.08,Low,465179.21,12%,56612.46,59.16,EMI,1,TRUE,Returned,8
ORD-00200,30/03/2020,2020,Q1,March,Monday,CUST79644,Aarav Verma,23,Young Adult,Female,West,Mumbai,Sports,Cycle,5,9009.65,0.08,Low,44971.39,22%,10004.34,58.16,EMI,3,FALSE,Delivered,4
ORD-04057,25/10/2024,2024,Q4,October,Friday,CUST95307,Nisha Mehta,28,Young Adult,Female,Central,Raipur,Electronics,Headphones,3,9261.39,0.24,High,25255.17,14%,3570.94,42.63,EMI,3,FALSE,Cancelled,4
ORD-02618,02/10/2023,2023,Q4,October,Monday,CUST54344,Nisha Reddy,41,Adult,Female,North,Delhi,Clothing,Saree,5,2531.54,,,13540.41,38%,5111.11,49.22,Net Banking,3,FALSE,Shipped,4
ORD-02742,04/01/2023,2023,Q1,January,Wednesday,CUST34359,Shreya Kumar,27,Young Adult,Male,West,Pune,Furniture,Bookshelf,7,23696.15,0.33,Very High,157416.69,32%,50425.99,51.3,Cash on Delivery,,FALSE,Pending,1
ORD-01568,12/02/2021,2021,Q1,February,Friday,CUST42665,Shreya Chatterjee,24,Young Adult,Male,South,Kochi,Groceries,Rice (5kg),1,359.04,0.01,Low,276.46,7%,18.11,72.66,Cash on Delivery,,FALSE,delivered,10
ORD-02757,04/08/2023,2023,Q3,August,Friday,CUST97559,Sunita Kumar,49,Adult,Male,West,Ahmedabad,Sports,Dumbbells,4,2360.4,0.36,Very High,9045.13,18%,1640.8,46.73,Credit Card,2,FALSE,Delivered,2
ORD-00881,02/02/2021,2021,Q1,February,Tuesday,CUST31073,Kavya Shah,48,Adult,Male,East,Bhubaneswar,Groceries,Flour,7,474.48,0.26,High,2258.19,8%,189.8,40.18,Debit Card,1,TRUE,Returned,2
ORD-01700,28/01/2022,2022,Q1,January,Friday,CUST75005,Meera Bhat,16,Child & Teen,Female,South,Bangalore,Sports,Tennis Racket,3,14928.96,0.4,Very High,21823.19,21%,4574.82,60.83,UPI,1,FALSE,Delivered,8
ORD-00751,12/07/2020,2020,Q3,July,Sunday,CUST41385,Rohan Patel,32,Young Adult,Male,North,Amritsar,Books,Cook Book,999,403.63,0.15,Medium,203951.5,40%,80603.27,48.7,EMI,5,FALSE,Delivered,1
ORD-01788,03/04/2022,2022,Q2,April,Sunday,CUST10753,Kavya Kumar,51,Adult,Male,Central,Indore,Beauty,Face Cream,6,153.84,0.09,Low,1006.96,61%,616.53,54.61,Debit Card,3,FALSE,Delivered,9
ORD-00262,25/04/2020,2020,Q2,April,Saturday,CUST33827,Rahul Bose,24,Young Adult,Male,West,Surat,Furniture,Wardrobe,2,3582.55,0.08,Low,8506.99,31%,2610.08,54.88,Debit Card,3,FALSE,Delivered,7
ORD-04086,11/07/2024,2024,Q3,July,Thursday,CUST69304,Kavya Shah,57,Senior,Other,West,Ahmedabad,Electronics,Tablet,9,70570.87,0.27,High,436166.56,12%,54481.93,66.68,Debit Card,2,FALSE,Delivered,3
ORD-03415,19/01/2024,2024,Q1,January,Friday,CUST23737,Karan Kumar,42,Adult,Male,West,Surat,Electronics,Laptop,2,46140.78,,,86042.12,14%,11876.13,85.6,Debit Card,1,FALSE,Delivered,6
ORD-01693,24/01/2022,2022,Q1,January,Monday,CUST37446,Shreya Das,66,Senior,Other,North,Delhi,Beauty,Lipstick,9,265.25,0.18,Medium,1737.45,39%,685.06,28.69,Credit Card,2,FALSE,Delivered,5
ORD-02495,18/12/2022,2022,Q4,December,Sunday,CUST29148,Amit Kumar,22,Young Adult,Female,South,Bangalore,Groceries,Sugar,7,56.3,0.16,Medium,219.23,8%,17.73,83.47,Net Banking,4,TRUE,Returned,6
ORD-02508,24/12/2022,2022,Q4,December,Saturday,CUST55151,Ananya Reddy,27,Young Adult,Male,East,Kolkata,Furniture,Wardrobe,1,21949.11,0.11,Medium,16420.47,32%,5291.08,87.46,EMI,1,FALSE,Delivered,2
ORD-02734,30/03/2023,2023,Q1,March,Thursday,CUST69340,Sanjay Kapoor,31,Young Adult,Male,South,Chennai,Books,Fiction Novel,10,432.2,0.22,High,4097.63,45%,1857.23,69.1,Net Banking,,FALSE,Delivered,5
ORD-01872,04/06/2022,2022,Q2,June,Saturday,CUST60962,Shreya Rao,3,Child & Teen,Male,North,Amritsar,Sports,Cricket Bat,10,8393.4,0.27,High,79799.46,16%,13093.99,54.18,Net Banking,2,FALSE,Delivered,8
ORD-01233,07/10/2021,2021,Q4,October,Thursday,CUST64805,Priya Mishra,33,Young Adult,Female,South,Hyderabad,Clothing,Jacket,6,2619.38,0.24,High,15863.82,32%,5048.54,23.2,EMI,2,FALSE,Delivered,4
ORD-00752,12/07/2020,2020,Q3,July,Sunday,CUST76726,Meera Rao,26,Young Adult,Male,West,Surat,Sports,Tennis Racket,8,4670.6,0.27,High,19375.1,15%,2879.15,51.67,Credit Card,4,FALSE,Delivered,4
ORD-00038,14/01/2020,2020,Q1,January,Tuesday,CUST79223,Sunita Reddy,2,Child & Teen,Male,East,Kolkata,Books,Fiction Novel,1,1172.06,0.18,Medium,613.66,40%,243.99,62.05,Cash on Delivery,4,FALSE,Delivered,1
ORD-00994,29/03/2021,2021,Q1,March,Monday,CUST13598,Sanjay Chatterjee,31,Young Adult,Male,South,Chennai,Electronics,Smartwatch,4,70635.62,0.32,Very High,207766.8,10%,19874.73,73.83,UPI,2,FALSE,Pending,1
ORD-00436,10/07/2020,2020,Q3,July,Friday,CUST18887,Pooja Kapoor,43,Adult,Female,West,Pune,Books,Biography,2,449.62,0.4,Very High,661.09,37%,247.72,68.85,Debit Card,1,FALSE,Delivered,6
ORD-00923,22/02/2021,2021,Q1,February,Monday,CUST41859,Deepa Kumar,38,Adult,Other,Central,Nagpur,Beauty,Shampoo,7,322.75,0.15,Medium,1684.8,45%,760.63,28.86,Cash on Delivery,1,TRUE,Returned,5
ORD-03838,26/07/2024,2024,Q3,July,Friday,CUST12042,Vikram Reddy,39,Adult,Male,North,Amritsar,Groceries,Cooking Oil,2,92.87,0.33,Very High,179.13,11%,19.37,36.78,EMI,3,FALSE,Cancelled,
ORD-04035,16/10/2024,2024,Q4,October,Wednesday,CUST10272,Sunita Das,2,Child & Teen,Male,South,Kochi,Electronics,Smartwatch,1,78299.49,0.18,Medium,76494.58,14%,10883.34,80.12,Credit Card,3,FALSE,Delivered,9
ORD-04090,11/09/2024,2024,Q3,September,Wednesday,CUST31562,Rohan Shah,33,Young Adult,Male,East,Patna,Clothing,Jeans,4,1153.04,0.23,High,3508.11,35%,1237.09,67.93,Credit Card,2,FALSE,Delivered,1
ORD-02193,15/08/2022,2022,Q3,August,Monday,CUST54369,Priya Rao,65,Senior,Other,East,Kolkata,Books,Fiction Novel,6,966.11,0.29,High,5647.04,34%,1896.58,107.74,Net Banking,1,FALSE,Cancelled,
ORD-03275,16/11/2023,2023,Q4,November,Thursday,CUST06690,Sunita Iyer,28,Young Adult,Other,West,Ahmedabad,Clothing,Saree,8,1471.86,0.27,High,8376.83,36%,3013.79,87.43,Credit Card,,FALSE,Delivered,7
ORD-01237,12/07/2021,2021,Q3,July,Monday,CUST86703,Sanjay Verma,2,Child & Teen,Female,North,Amritsar,Electronics,Smartphone,3,33090.17,0.22,High,110240.96,10%,11080.86,57.35,EMI,5,TRUE,Returned,
ORD-03401,13/01/2024,2024,Q1,January,Saturday,CUST97545,Ritu Bose,25,Young Adult,Other,Central,Raipur,Books,Cook Book,2,365.34,0.09,Low,599.16,46%,276.46,52.27,UPI,2,FALSE,Delivered,4
ORD-04160,12/11/2024,2024,Q4,November,Tuesday,CUST91116,Rohan Patel,36,Adult,Male,South,Hyderabad,Books,Biography,7,609.79,0.25,High,2905.61,37%,1079.08,68.86,UPI,3,FALSE,Delivered,7
ORD-01192,20/06/2021,2021,Q2,June,Sunday,CUST39249,Pooja Kapoor,34,Young Adult,Other,South,Kochi,Groceries,Cooking Oil,7,363.21,0.38,Very High,2475.37,7%,175.94,73.22,UPI,4,FALSE,Shipped,1
ORD-01195,23/06/2021,2021,Q2,June,Wednesday,CUST26595,Ananya Gupta,4,Child & Teen,Other,Central,Nagpur,Sports,Tennis Racket,1,8678.32,0.17,Medium,9630.16,31%,2953.14,33.35,UPI,5,FALSE,Delivered,4
ORD-01212,07/01/2021,2021,Q1,January,Thursday,CUST22983,Deepa Kapoor,4,Child & Teen,Other,South,Bangalore,Clothing,Saree,2,738.48,0.09,Low,1795.94,32%,565.89,67.67,Net Banking,,FALSE,Delivered,7
ORD-00170,15/03/2020,2020,Q1,March,Sunday,CUST53622,Aditya Chatterjee,31,Young Adult,Male,South,Bangalore,Groceries,Sugar,9,236.54,0.19,Medium,1658.66,8%,140.16,101.07,Credit Card,3,TRUE,Returned,1
ORD-01213,07/01/2021,2021,Q1,January,Thursday,CUST54226,Nisha Mehta,33,Young Adult,Male,East,Bhubaneswar,Beauty,Lipstick,5,1998.43,0.26,High,9047.98,48%,4337.88,79.62,UPI,4,FALSE,Shipped,3
ORD-04115,25/11/2024,2024,Q4,November,Monday,CUST88970,Ritu Pillai,38,Adult,Other,East,Patna,Electronics,Smartwatch,9,76064.53,0.25,High,473255.79,12%,56343.87,79.71,Cash on Delivery,3,FALSE,Delivered,1
ORD-03200,16/10/2023,2023,Q4,October,Monday,CUST43688,Amit Iyer,49,Adult,Other,North,Delhi,Groceries,Tea,1,97.17,0.14,Medium,86.02,10%,8.27,46.49,EMI,1,FALSE,Delivered,5
ORD-00713,22/11/2020,2020,Q4,November,Sunday,CUST97013,Rahul Verma,48,Adult,Other,Central,Raipur,Groceries,Cooking Oil,9,407.45,0.36,Very High,1769.53,8%,149.16,50.13,Net Banking,1,TRUE,Returned,8
ORD-00975,20/03/2021,2021,Q1,March,Saturday,CUST76263,Arjun Reddy,2,Child & Teen,Male,West,Surat,Furniture,Sofa,6,5299.05,0.13,Medium,28279.75,19%,5506.48,36.55,Cash on Delivery,4,FALSE,Delivered,7
ORD-01391,20/09/2021,2021,Q3,September,Monday,CUST53724,Kavya Iyer,45,Adult,Other,East,Bhubaneswar,Groceries,Dal (1kg),8,126.77,0.15,Medium,930.33,7%,66.45,64.29,Net Banking,4,FALSE,Shipped,2
ORD-02467,12/06/2022,2022,Q2,June,Sunday,CUST34028,Vikram Rao,14,Child & Teen,Female,East,Guwahati,Electronics,Smartphone,1,7708.68,0.26,High,4938.48,11%,534.97,101.65,EMI,2,FALSE,Shipped,6
ORD-02390,11/01/2022,2022,Q1,January,Tuesday,CUST38274,Ananya Shah,27,Young Adult,Female,West,Pune,Beauty,Lipstick,6,835.52,0.01,Low,4761.71,26%,1237.08,54.35,Cash on Delivery,,FALSE,Delivered,2
ORD-01111,16/05/2021,2021,Q2,May,Sunday,CUST07335,Vikram Kapoor,21,Young Adult,Male,East,Guwahati,Sports,Cricket Bat,6,3857.03,0.3,High,21548.37,28%,6137.14,60.48,Cash on Delivery,2,FALSE,Delivered,4
ORD-02171,08/09/2022,2022,Q3,September,Thursday,CUST77492,Karan Sharma,33,Young Adult,Male,South,Chennai,Clothing,Saree,1,1170.22,0.37,Very High,1011.25,42%,422.66,82.03,Debit Card,4,FALSE,Delivered,2
ORD-01824,16/03/2022,2022,Q1,March,Wednesday,CUST58449,Priya Chatterjee,,,Female,North,Delhi,Clothing,Jeans,5,2505.4,0.11,Medium,12039.52,34%,4140.53,57.65,Cash on Delivery,,FALSE,Delivered,1
ORD-02834,18/05/2023,2023,Q2,May,Thursday,CUST80957,Pooja Gupta,31,Young Adult,Other,North,Delhi,Electronics,Smartphone,2,73267.64,0.32,Very High,142488.63,14%,20643.55,69.99,Credit Card,2,FALSE,Delivered,6
ORD-03900,14/08/2024,2024,Q3,August,Wednesday,CUST14119,Vikram Verma,39,Adult,Female,West,Mumbai,Books,Fiction Novel,3,705.21,0.14,Medium,2873.31,36%,1040.42,76.63,EMI,1,FALSE,Delivered,8
ORD-02550,01/12/2023,2023,Q4,December,Friday,CUST69130,Sunita Pillai,48,Adult,Other,North,Amritsar,Sports,Yoga Mat,6,13916.75,0.25,High,54342.29,23%,12305.07,38.89,UPI,4,FALSE,Pending,
ORD-02192,15/08/2022,2022,Q3,August,Monday,CUST61790,Amit Kumar,32,Young Adult,Other,East,Kolkata,Furniture,Sofa,3,23445.9,0.31,Very High,60026.42,25%,15012.25,54.92,Credit Card,1,TRUE,Returned,7
ORD-02000,06/02/2022,2022,Q1,February,Sunday,CUST60137,Sanjay Sharma,35,Young Adult,Female,East,Patna,Sports,Cricket Bat,6,6661.26,0.13,Medium,55550.3,20%,11352.36,99.9,Cash on Delivery,2,FALSE,Delivered,8
ORD-03042,08/09/2023,2023,Q3,September,Friday,CUST48817,Karan Singh,25,Young Adult,Male,North,Amritsar,Clothing,Saree,2,3266.34,0,No Discount,9066.91,41%,3755.8,51.58,Cash on Delivery,5,FALSE,Delivered,1
ORD-03399,01/12/2024,2024,Q4,December,Sunday,CUST76705,Meera Das,42,Adult,Male,South,Chennai,Beauty,Sunscreen,1,2339.83,0.03,Low,2319.17,58%,1351.82,88.12,Net Banking,3,FALSE,Delivered,10
ORD-01991,30/05/2022,2022,Q2,May,Monday,CUST25027,Nisha Mishra,24,Young Adult,Female,East,Bhubaneswar,Beauty,Hair Oil,8,1075.32,0.25,High,9458.95,52%,4920.35,101.65,Credit Card,1,TRUE,Returned,8
ORD-00322,21/05/2020,2020,Q2,May,Thursday,CUST34894,Ritu Mehta,32,Young Adult,Other,East,Guwahati,Electronics,Smartwatch,,59036.18,0.38,Very High,48186.78,11%,5073.5,67,Net Banking,4,FALSE,Delivered,3
ORD-04049,23/10/2024,2024,Q4,October,Wednesday,CUST98496,Nisha Singh,27,Young Adult,Other,Central,Indore,Groceries,Flour,8,174.02,0.14,Medium,1362,8%,107.89,40.35,Cash on Delivery,5,FALSE,Delivered,10
ORD-02187,14/08/2022,2022,Q3,August,Sunday,CUST47298,Shreya Gupta,36,Adult,Other,North,Amritsar,Books,Comic Book,1,1129.04,0.28,High,1081.22,38%,412.61,40.43,Net Banking,1,TRUE,Returned,10
ORD-03703,27/05/2024,2024,Q2,May,Monday,CUST91203,Arjun Verma,32,Young Adult,Other,West,Mumbai,Beauty,Sunscreen,4,722.47,0.19,Medium,4358.73,35%,1526.73,71.99,EMI,1,FALSE,Cancelled,7
ORD-01312,08/12/2021,2021,Q4,December,Wednesday,CUST22985,Amit Pillai,22,Young Adult,Male,North,Delhi,Beauty,Sunscreen,2,542.62,0.14,Medium,971.77,46%,443.38,61.76,UPI,4,FALSE,Delivered,3
ORD-00797,29/12/2020,2020,Q4,December,Tuesday,CUST04732,Nisha Joshi,38,Adult,Male,South,Chennai,Beauty,Face Cream,4,197.52,0.35,Very High,379.18,45%,169.93,61.28,EMI,3,FALSE,Delivered,2
ORD-00034,01/12/2020,2020,Q4,December,Tuesday,CUST21613,Arjun Das,49,Adult,Other,West,Mumbai,Groceries,Flour,,315.85,0.13,Medium,203.41,7%,13.82,60.46,Cash on Delivery,5,FALSE,Delivered,10
ORD-02663,27/02/2023,2023,Q1,February,Monday,CUST82371,Kavya Nair,49,Adult,Male,East,Patna,Groceries,Dal (1kg),4,230.58,0.17,Medium,768.3,7%,50.26,81.52,UPI,1,FALSE,Delivered,1
ORD-01907,23/04/2022,2022,Q2,April,Saturday,CUST58083,Sanjay Kapoor,31,Young Adult,Male,Central,Raipur,Sports,Cricket Bat,6,12397.94,0.35,Very High,69539.73,21%,14673.82,51.27,UPI,2,FALSE,Delivered,1
ORD-00766,13/12/2020,2020,Q4,December,Sunday,CUST94306,Shreya Kapoor,19,Young Adult,Female,North,Amritsar,Books,Fiction Novel,6,526.32,0.14,Medium,1927.61,31%,588.73,49.68,Credit Card,3,TRUE,Returned,3
ORD-03824,21/07/2024,2024,Q3,July,Sunday,CUST13500,Amit Patel,26,Young Adult,Other,North,Chandigarh,Groceries,Flour,6,112.85,0.13,Medium,1196.11,10%,116.49,40.89,Cash on Delivery,5,TRUE,Returned,8
ORD-03029,08/04/2023,2023,Q2,April,Saturday,CUST15879,Kavya Pillai,24,Young Adult,Other,North,Delhi,Groceries,Flour,6,184.04,0.32,Very High,1193.08,7%,80.93,70.55,Credit Card,5,FALSE,Delivered,1
ORD-02801,29/04/2023,2023,Q2,April,Saturday,CUST13741,Meera Verma,3,Child & Teen,Female,East,Guwahati,Beauty,Hair Oil,7,1050.38,0.06,Low,8746.39,39%,3436.69,85.61,Debit Card,3,FALSE,Delivered,5
ORD-03014,29/07/2023,2023,Q3,July,Saturday,CUST35539,Karan Reddy,31,Young Adult,Female,South,Kochi,Sports,Dumbbells,,8903.55,0.12,Medium,11991.16,15%,1852.66,64.95,Debit Card,,TRUE,Returned,7
ORD-01318,15/08/2021,2021,Q3,August,Sunday,CUST59067,Nikhil Gupta,49,Adult,Male,Central,Raipur,Beauty,Hair Oil,4,525.05,0.02,Low,2333.99,41%,964.12,71.8,EMI,5,FALSE,Delivered,1
ORD-03603,17/04/2024,2024,Q2,April,Wednesday,CUST16934,Nisha Das,26,Young Adult,Other,Central,Indore,Clothing,Jeans,5,3541.45,0.23,High,19925.91,43%,8625.62,58,Cash on Delivery,3,FALSE,Pending,9
ORD-01221,07/05/2021,2021,Q2,May,Friday,CUST24791,Arjun Pillai,8,Child & Teen,Male,East,Kolkata,Clothing,Saree,9,1326.38,0.16,Medium,11602.32,37%,4308.95,58.85,Credit Card,4,FALSE,Delivered,1
ORD-02947,07/01/2023,2023,Q1,January,Saturday,CUST85761,Aditya Chatterjee,44,Adult,Other,South,Kochi,Furniture,Bookshelf,2,26714.83,0.23,High,63871.89,26%,16676.94,67.21,UPI,5,FALSE,delivered,7
ORD-02635,15/02/2023,2023,Q1,February,Wednesday,CUST74282,Ritu Das,47,Adult,Male,South,Hyderabad,Beauty,Perfume,9,1698.6,0.25,High,12379.8,33%,4098.15,63.7,EMI,,FALSE,Delivered,1
ORD-02030,14/06/2022,2022,Q2,June,Tuesday,CUST98295,Ritu Rao,17,Child & Teen,Male,West,Pune,Sports,Football,1,13827.19,0.4,Very High,13665.74,18%,2472.59,24.48,Net Banking,3,FALSE,Cancelled,3
ORD-02150,08/01/2022,2022,Q1,January,Saturday,CUST80481,Sanjay Mishra,53,Adult,Female,West,Surat,Beauty,Sunscreen,4,356.27,0.25,High,1442.88,37%,531.3,38.09,Net Banking,5,FALSE,Delivered,5
ORD-01826,17/03/2022,2022,Q1,March,Thursday,CUST42492,Nikhil Bose,26,Young Adult,Male,South,Bangalore,Beauty,Sunscreen,2,563.96,,,1382.93,38%,529.71,100.92,Cash on Delivery,4,FALSE,Delivered,1
ORD-03667,13/05/2024,2024,Q2,May,Monday,CUST95748,Arjun Kapoor,61,Senior,Female,East,Kolkata,Electronics,Tablet,1,42744.12,0.29,High,49034.56,12%,5764.27,81.41,Debit Card,4,FALSE,Delivered,8
ORD-03993,20/09/2024,2024,Q3,September,Friday,CUST65197,Rohan Chatterjee,38,Adult,Female,South,Chennai,Books,Fiction Novel,9,816.41,0.35,Very High,5054.28,42%,2136.9,42.16,UPI,2,FALSE,Delivered,5
ORD-02332,10/09/2022,2022,Q3,September,Saturday,CUST15721,Sunita Kumar,32,Young Adult,Female,West,Ahmedabad,Groceries,Flour,10,364.93,0.07,Low,3274.29,9%,294.88,52.13,UPI,,FALSE,Pending,3
ORD-02774,16/04/2023,2023,Q2,April,Sunday,CUST92472,Deepa Gupta,33,Young Adult,Male,East,Patna,Sports,Dumbbells,7,12799.72,0.11,Medium,114501.45,22%,25731.03,74.55,Net Banking,2,FALSE,Delivered,2
ORD-03017,30/07/2023,2023,Q3,July,Sunday,CUST11433,Aditya Shah,49,Adult,Other,North,Chandigarh,Groceries,Dal (1kg),,380.49,0.36,Very High,368.28,10%,36.06,27.57,EMI,5,FALSE,delivered,1
ORD-01712,02/01/2022,2022,Q1,January,Sunday,CUST49015,Pooja Iyer,31,Young Adult,Male,Central,Indore,Beauty,Face Cream,,1868.65,0.06,Low,1684.76,40%,667.36,71.24,UPI,4,FALSE,Delivered,2
ORD-00337,26/05/2020,2020,Q2,May,Tuesday,CUST25152,Shreya Mishra,61,Senior,Female,West,Ahmedabad,Books,Cook Book,2,425.83,0.04,Low,846.36,43%,364.43,42.68,UPI,4,FALSE,Delivered,10
ORD-03207,19/10/2023,2023,Q4,October,Thursday,CUST72297,Nisha Bhat,53,Adult,Female,South,Bangalore,Furniture,Bed Frame,5,2374.77,0.28,High,9688.23,27%,2614.25,83.81,UPI,1,FALSE,Delivered,6
ORD-00354,06/01/2020,2020,Q1,January,Monday,CUST12677,Aditya Shah,41,Adult,Other,North,Chandigarh,Groceries,Rice (5kg),8,294.27,0.35,Very High,1927.79,5%,96.62,53.97,Cash on Delivery,1,FALSE,Delivered,5
ORD-00837,18/01/2021,2021,Q1,January,Monday,CUST71096,Kavya Shah,29,Young Adult,Other,East,Patna,Electronics,Headphones,5,58480.23,0.09,Low,200569.38,12%,24313.05,84.38,Credit Card,4,FALSE,Delivered,2
ORD-02607,02/06/2023,2023,Q2,June,Friday,CUST31900,Amit Rao,39,Adult,Other,South,Bangalore,Sports,Yoga Mat,8,5590.43,0.19,Medium,37398.22,13%,4824.74,69.42,Credit Card,4,FALSE,Delivered,2
ORD-00727,29/11/2020,2020,Q4,November,Sunday,CUST39869,Ritu Mishra,29,Young Adult,Female,West,Mumbai,Electronics,Smartwatch,4,7981.68,0.38,Very High,12800.24,14%,1753.15,40.05,Debit Card,4,FALSE,Delivered,5
ORD-02529,01/03/2023,2023,Q1,March,Wednesday,CUST61216,Nikhil Joshi,34,Young Adult,Male,West,Pune,Furniture,Bed Frame,2,9783.06,0.12,Medium,15984.43,22%,3578.22,43.71,Cash on Delivery,2,TRUE,Returned,5
ORD-03018,30/07/2023,2023,Q3,July,Sunday,CUST13941,Ritu Sharma,34,Young Adult,Other,South,Hyderabad,Electronics,Camera,4,66643.15,0.14,Medium,325899.4,12%,40690.87,51.43,Cash on Delivery,1,FALSE,Delivered,3
ORD-01841,26/03/2022,2022,Q1,March,Saturday,CUST02321,Sunita Patel,26,Young Adult,Female,West,Surat,Beauty,Shampoo,10,160.57,0.38,Very High,1214.1,57%,697.82,51.31,Credit Card,3,FALSE,Delivered,2
ORD-02858,28/05/2023,2023,Q2,May,Sunday,CUST34534,Sanjay Rao,55,Adult,Male,Central,Bhopal,Sports,Cricket Bat,7,12138.63,0.13,Medium,95488.18,22%,21101.52,32.89,UPI,5,FALSE,Shipped,4
ORD-04176,21/12/2024,2024,Q4,December,Saturday,CUST37046,Rohan Bhat,3,Child & Teen,Other,West,Surat,Electronics,Headphones,6,61234.43,0.24,High,268632.52,12%,31422.9,48.82,Credit Card,,FALSE,Delivered,4
ORD-03609,20/04/2024,2024,Q2,April,Saturday,CUST45693,Aditya Singh,45,Adult,Male,North,Amritsar,Books,Comic Book,5,224.92,0.24,High,1230.66,43%,529.42,65.16,UPI,5,FALSE,Delivered,2
ORD-00559,09/05/2020,2020,Q2,May,Saturday,CUST34558,Amit Bhat,46,Adult,Other,West,Mumbai,Clothing,Jeans,8,2151.16,0.12,Medium,15432.22,30%,4651.88,67.35,Cash on Delivery,4,TRUE,Returned,4
ORD-01775,25/02/2022,2022,Q1,February,Friday,CUST42783,Ritu Das,25,Young Adult,Other,Central,Indore,Sports,Tennis Racket,1,7835.77,0.08,Low,6868.24,23%,1599.65,44.2,Credit Card,,TRUE,Returned,
ORD-02870,31/05/2023,2023,Q2,May,Wednesday,CUST15861,Priya Mishra,27,Young Adult,Other,West,Surat,Books,Fiction Novel,2,790.19,0.12,Medium,2524.52,49%,1241.47,75.5,UPI,2,FALSE,Delivered,1
ORD-00130,20/02/2020,2020,Q1,February,Thursday,CUST73625,Nisha Bose,28,Young Adult,Other,East,Guwahati,Books,Textbook,10,327.54,0.15,Medium,2755.17,55%,1528.85,80.58,Debit Card,5,TRUE,Returned,2
ORD-02188,14/08/2022,2022,Q3,August,Sunday,CUST93685,Vikram Singh,19,Young Adult,Other,South,Chennai,Electronics,Laptop,10,46080.58,0.33,Very High,392607.23,10%,38045.24,42.13,Credit Card,1,FALSE,Delivered,7
ORD-02807,05/03/2023,2023,Q1,March,Sunday,CUST59711,Rohan Mishra,29,Young Adult,Female,East,Bhubaneswar,Clothing,Kurta,10,630.78,,,10612,33%,3459.74,83.61,Credit Card,4,FALSE,Delivered,8
ORD-01201,25/06/2021,2021,Q2,June,Friday,CUST00543,Karan Singh,,,Male,South,Kochi,Sports,Cricket Bat,,10501.07,0.1,Low,15147.36,20%,3020.39,56.4,Cash on Delivery,5,FALSE,Delivered,7
ORD-03976,09/10/2024,2024,Q4,October,Wednesday,CUST72202,Aarav Joshi,28,Young Adult,Male,West,Ahmedabad,Electronics,Headphones,1,40304.61,0.04,Low,54475.55,10%,5497.55,73.05,UPI,2,FALSE,Cancelled,5
ORD-03674,15/05/2024,2024,Q2,May,Wednesday,CUST71549,Ritu Das,37,Adult,Female,East,Kolkata,Furniture,Chair,3,16806.93,0.37,Very High,52202.49,34%,17999.97,90.53,Credit Card,4,FALSE,Delivered,2
ORD-00982,23/03/2021,2021,Q1,March,Tuesday,CUST31894,Amit Joshi,44,Adult,Other,North,Ludhiana,Furniture,Desk,2,4143.1,,,9554.34,26%,2463.95,56.97,Net Banking,5,FALSE,Delivered,5
ORD-00485,08/02/2020,2020,Q1,February,Saturday,CUST67381,Amit Mehta,46,Adult,Other,East,Kolkata,Electronics,Laptop,6,76471.27,,,542833.32,15%,79755.17,71.89,Cash on Delivery,5,FALSE,Delivered,5
ORD-03297,26/11/2023,2023,Q4,November,Sunday,CUST29713,Rahul Gupta,37,Adult,Male,West,Mumbai,Books,Cook Book,10,666.25,0.07,Low,5098.4,34%,1728.64,55.61,UPI,3,FALSE,Delivered,8
ORD-04137,12/04/2024,2024,Q2,April,Friday,CUST62051,Ananya Pillai,5,Child & Teen,Other,Central,Bhopal,Electronics,Tablet,4,51581.35,0.38,Very High,131067.26,12%,15238.43,72.66,Net Banking,4,TRUE,Returned,8
ORD-02163,05/08/2022,2022,Q3,August,Friday,CUST72247,Arjun Mishra,57,Senior,Male,East,Kolkata,Electronics,Tablet,1,67980.93,,,96948,12%,11975.81,63.26,Cash on Delivery,4,FALSE,Delivered,9
ORD-02445,28/11/2022,2022,Q4,November,Monday,CUST71240,Pooja Sharma,3,Child & Teen,Other,North,Chandigarh,Books,Fiction Novel,5,1175.29,0.36,Very High,3025.64,43%,1294.96,66.21,Net Banking,2,FALSE,Delivered,4
ORD-00767,13/12/2020,2020,Q4,December,Sunday,CUST99682,Aditya Mishra,17,Child & Teen,Other,North,Ludhiana,Furniture,Sofa,5,30866.8,0.07,Low,87823.05,30%,26550.31,38.03,Debit Card,5,FALSE,Delivered,10
ORD-00629,10/09/2020,2020,Q3,September,Thursday,CUST51786,Kavya Joshi,48,Adult,Male,Central,Bhopal,Beauty,Perfume,9,1406.56,0.1,Low,8925.05,42%,3776.97,39.94,Cash on Delivery,,FALSE,Delivered,5
ORD-00701,13/11/2020,2020,Q4,November,Friday,CUST90688,Priya Nair,42,Adult,Female,East,Patna,Electronics,Tablet,6,50084.03,0.17,Medium,186628.87,11%,20981.15,94.58,Debit Card,4,FALSE,Cancelled,6
ORD-00439,07/12/2020,2020,Q4,December,Monday,CUST45071,Aditya Nair,22,Young Adult,Male,West,Ahmedabad,Groceries,Cooking Oil,2,379.2,0.2,Medium,658.39,4%,27.25,67.65,UPI,1,FALSE,Delivered,7
ORD-00132,20/02/2020,2020,Q1,February,Thursday,CUST20387,Ritu Mishra,26,Young Adult,Female,South,Kochi,Beauty,Lipstick,2,959.97,0.05,Low,1563.91,40%,630.51,71.85,EMI,4,FALSE,Delivered,2
ORD-00343,28/05/2020,2020,Q2,May,Thursday,CUST91659,Shreya Verma,2,Child & Teen,Male,Central,Nagpur,Clothing,Kurta,1,1604.88,0.22,High,1620.42,26%,414.75,71.08,Debit Card,3,TRUE,Returned,4
ORD-02362,18/10/2022,2022,Q4,October,Tuesday,CUST09796,Shreya Mehta,2,Child & Teen,Other,North,Ludhiana,Clothing,Kurta,5,3077.69,0.12,Medium,12279.25,33%,4018.97,55.38,UPI,3,FALSE,Delivered,8
ORD-01138,28/05/2021,2021,Q2,May,Friday,CUST65692,Aarav Kumar,12,Child & Teen,Other,Central,Raipur,Groceries,Tea,10,179.45,0.1,Low,2253.34,8%,170.8,35.54,EMI,,FALSE,Delivered,7
ORD-03480,22/02/2024,2024,Q1,February,Thursday,CUST61945,Vikram Joshi,25,Young Adult,Other,West,Ahmedabad,Clothing,T-Shirt,6,1277.66,,,7425.11,29%,2123.71,43.17,Net Banking,1,FALSE,Delivered,10
ORD-02011,06/05/2022,2022,Q2,May,Friday,CUST67385,Kavya Shah,52,Adult,Female,West,Pune,Sports,Cricket Bat,10,6308.82,0.36,Very High,65319.25,21%,13727.44,63.87,Net Banking,1,TRUE,Returned,7
ORD-03217,22/10/2023,2023,Q4,October,Sunday,CUST14537,Pooja Joshi,41,Adult,Other,North,Amritsar,Beauty,Hair Oil,10,850.71,0.4,Very High,5762.75,47%,2735.24,38.04,Cash on Delivery,4,FALSE,Delivered,6
ORD-02921,17/06/2023,2023,Q2,June,Saturday,CUST51781,Karan Singh,26,Young Adult,Male,North,Delhi,Groceries,Rice (5kg),5,200.85,0.36,Very High,1116.38,6%,71.67,58.1,EMI,2,FALSE,Delivered,1
ORD-01303,08/10/2021,2021,Q4,October,Friday,CUST71873,Aditya Singh,35,Young Adult,Female,East,Bhubaneswar,Furniture,Sofa,3,23823.69,0.11,Medium,88956.71,29%,26211.15,95.16,EMI,5,FALSE,Delivered,6
ORD-01463,23/10/2021,2021,Q4,October,Saturday,CUST80946,Nikhil Verma,35,Young Adult,Other,West,Ahmedabad,Sports,Football,6,10030.26,0.17,Medium,51174.21,28%,14093.89,33.86,Net Banking,4,FALSE,Delivered,8
ORD-02411,11/08/2022,2022,Q3,August,Thursday,CUST04556,Amit Shah,43,Adult,Male,East,Kolkata,Electronics,Laptop,9,33801.96,0.4,Very High,175761.72,14%,23971.25,95.97,Cash on Delivery,,TRUE,Returned,7
ORD-02048,20/06/2022,2022,Q2,June,Monday,CUST98440,Nikhil Nair,,,Other,South,Kochi,Clothing,Saree,4,2288.92,0.09,Low,11495.42,32%,3680.34,53.41,Cash on Delivery,4,FALSE,Shipped,8
ORD-02047,20/06/2022,2022,Q2,June,Monday,CUST63577,Sunita Iyer,49,Adult,Male,Central,Indore,Groceries,Flour,8,377.69,0.27,High,3219.24,8%,244.77,42.69,Credit Card,1,FALSE,delivered,4
ORD-00197,28/03/2020,2020,Q1,March,Saturday,CUST04223,Pooja Joshi,12,Child & Teen,Other,North,Amritsar,Sports,Cycle,8,10282.68,0.11,Medium,66340.96,20%,13106.07,65.44,Net Banking,1,FALSE,Delivered,3
ORD-01595,13/12/2021,2021,Q4,December,Monday,CUST89482,Nisha Chatterjee,38,Adult,Male,South,Kochi,Books,Self-Help Book,7,233.11,0.36,Very High,762.89,36%,271.36,71.2,UPI,,FALSE,Delivered,2
ORD-00799,29/12/2020,2020,Q4,December,Tuesday,CUST20881,Rohan Singh,48,Adult,Male,West,Mumbai,Sports,Yoga Mat,4,2347.62,0.22,High,5426.75,31%,1694.29,36.23,Debit Card,1,FALSE,Delivered,10
ORD-03920,20/08/2024,2024,Q3,August,Tuesday,CUST20311,Shreya Gupta,54,Adult,Other,West,Surat,Sports,Dumbbells,8,8802.69,0.36,Very High,54768.47,23%,12390.55,76.21,Credit Card,5,FALSE,Delivered,
ORD-01013,04/03/2021,2021,Q1,March,Thursday,CUST39675,Priya Kapoor,24,Young Adult,Other,East,Bhubaneswar,Clothing,Jacket,8,1837.46,0.26,High,13934.11,30%,4142.94,81.4,EMI,1,FALSE,Cancelled,8
ORD-02295,23/09/2022,2022,Q3,September,Friday,CUST16205,Arjun Kapoor,32,Young Adult,Male,East,Guwahati,Sports,Tennis Racket,,7290.72,0,No Discount,8729.66,29%,2532.61,59.36,EMI,5,FALSE,Delivered,2
ORD-00267,27/04/2020,2020,Q2,April,Monday,CUST76356,Aditya Pillai,21,Young Adult,Female,East,Kolkata,Sports,Football,6,7876.81,0.02,Low,58868.95,21%,12406.43,62.09,Debit Card,4,FALSE,Shipped,3
ORD-01704,30/01/2022,2022,Q1,January,Sunday,CUST33909,Amit Reddy,28,Young Adult,Female,North,Chandigarh,Books,Comic Book,4,1134.89,0.05,Low,3201.22,29%,939.71,68.97,Net Banking,4,FALSE,Delivered,2
ORD-01925,01/05/2022,2022,Q2,May,Sunday,CUST73689,Meera Chatterjee,41,Adult,Male,South,Kochi,Clothing,Jeans,9,3373.39,0.02,Low,45729.43,41%,18565.86,73.18,Cash on Delivery,2,FALSE,Delivered,4
ORD-02748,04/05/2023,2023,Q2,May,Thursday,CUST72583,Sunita Bose,41,Adult,Female,West,Surat,Groceries,Tea,9,467.6,0.02,Low,5992.24,11%,654.29,37.13,EMI,4,FALSE,Delivered,7
ORD-00575,14/09/2020,2020,Q3,September,Monday,CUST39101,Sunita Mehta,32,Young Adult,Other,East,Guwahati,Furniture,Bookshelf,7,5932.53,0.39,Very High,23093.12,35%,8164.97,84.41,UPI,3,FALSE,Delivered,1
ORD-03873,08/07/2024,2024,Q3,July,Monday,CUST07406,Sunita Pillai,54,Adult,Other,West,Pune,Clothing,Jeans,,545.99,0.34,Very High,578.97,32%,183.45,68.2,Credit Card,1,FALSE,Delivered,9
ORD-02409,11/06/2022,2022,Q2,June,Saturday,CUST13324,Sanjay Iyer,31,Young Adult,Other,North,Delhi,Groceries,Tea,8,163.97,0.16,Medium,1055.34,9%,91.59,24.74,Debit Card,4,FALSE,Shipped,8
ORD-02610,02/06/2023,2023,Q2,June,Friday,CUST96115,Sanjay Rao,39,Adult,Male,South,Kochi,Books,Self-Help Book,10,947.87,0.24,High,7234.13,49%,3527.5,84.4,Credit Card,4,FALSE,Delivered,4
ORD-00915,16/02/2021,2021,Q1,February,Tuesday,CUST76268,Arjun Patel,36,Adult,Other,North,Amritsar,Electronics,Smartwatch,3,48921.59,0.19,Medium,107608.01,16%,16935.06,46.65,Credit Card,1,FALSE,Delivered,3
ORD-02705,17/03/2023,2023,Q1,March,Friday,CUST85785,Meera Rao,41,Adult,Female,West,Surat,Beauty,Perfume,2,888.49,0.08,Low,2115.74,38%,795.3,42.25,Debit Card,1,FALSE,Pending,8
ORD-01524,16/11/2021,2021,Q4,November,Tuesday,CUST61294,Shreya Mishra,,,Other,North,Amritsar,Groceries,Rice (5kg),1,148.49,0.12,Medium,100.14,7%,7.46,70.77,Credit Card,1,FALSE,Delivered,9
ORD-00597,24/09/2020,2020,Q3,September,Thursday,CUST03651,Arjun Patel,55,Adult,Female,West,Surat,Electronics,Tablet,1,38379.55,0.18,Medium,33725.89,14%,4708.06,49.85,EMI,2,FALSE,Delivered,
ORD-04126,30/11/2024,2024,Q4,November,Saturday,CUST88649,Pooja Iyer,3,Child & Teen,Female,South,Chennai,Books,Self-Help Book,10,1308.63,0.39,Very High,8038.79,46%,3691.88,59.74,EMI,5,FALSE,Delivered,9
ORD-01289,08/03/2021,2021,Q1,March,Monday,CUST60491,Shreya Bhat,24,Young Adult,Other,East,Bhubaneswar,Sports,Cycle,2,8857.58,0.05,Low,21239.19,16%,3446.13,90.64,Net Banking,,TRUE,Returned,8
ORD-01992,30/05/2022,2022,Q2,May,Monday,CUST42274,Nisha Reddy,38,Adult,Other,South,Chennai,Sports,Tennis Racket,10,2313.34,0.07,Low,26178.67,23%,6071.72,54.61,Debit Card,1,TRUE,Returned,3
ORD-02690,13/03/2023,2023,Q1,March,Monday,CUST42802,Sanjay Rao,25,Young Adult,Male,South,Hyderabad,Sports,Cycle,4,7081.6,0.31,Very High,25039.19,26%,6611.41,89.06,Debit Card,,TRUE,Returned,10
ORD-02181,13/08/2022,2022,Q3,August,Saturday,CUST50045,Arjun Verma,21,Young Adult,Male,North,Chandigarh,Clothing,Jeans,8,3588.17,0.24,High,31618.79,43%,13674.74,86.78,EMI,1,FALSE,Delivered,7
ORD-03851,30/07/2024,2024,Q3,July,Tuesday,CUST24550,Amit Nair,19,Young Adult,Other,West,Pune,Clothing,Kurta,4,2461.65,0.33,Very High,9963.87,24%,2386.31,85.19,Net Banking,4,FALSE,Delivered,1
ORD-00644,14/10/2020,2020,Q4,October,Wednesday,CUST94203,Sanjay Nair,34,Young Adult,Other,Central,Bhopal,Furniture,Bed Frame,4,22879.02,0.1,Low,63905.82,29%,18612.63,53.94,Cash on Delivery,1,FALSE,Cancelled,6
ORD-02923,18/06/2023,2023,Q2,June,Sunday,CUST62956,Pooja Mishra,15,Child & Teen,Male,North,Ludhiana,Books,Cook Book,9,916.14,0.36,Very High,8220.04,32%,2666.27,63.91,Cash on Delivery,4,FALSE,Cancelled,7
ORD-01414,29/09/2021,2021,Q3,September,Wednesday,CUST00909,Ananya Verma,32,Young Adult,Other,South,Bangalore,Furniture,Sofa,6,3717.72,0.22,High,17177.15,29%,4949.58,62.81,Net Banking,2,FALSE,Delivered,3
ORD-03126,09/11/2023,2023,Q4,November,Thursday,CUST84742,Sunita Patel,42,Adult,Other,South,Bangalore,Sports,Cricket Bat,7,7005.09,,,55004.13,25%,13825.48,39.04,Net Banking,3,FALSE,Delivered,3
ORD-00251,20/04/2020,2020,Q2,April,Monday,CUST66007,Sunita Bose,26,Young Adult,Male,North,Ludhiana,Furniture,Sofa,1,6470.7,0.34,Very High,4394.74,28%,1235.03,66.87,Net Banking,4,FALSE,Delivered,7
ORD-03006,24/07/2023,2023,Q3,July,Monday,CUST96839,Amit Sharma,38,Adult,Female,Central,Raipur,Books,Cook Book,10,680.67,0.28,High,7920.13,55%,4381.82,60.91,Credit Card,,FALSE,Delivered,4
ORD-01407,25/09/2021,2021,Q3,September,Saturday,CUST62870,Shreya Mehta,38,Adult,Female,Central,Raipur,Beauty,Face Cream,2,1348.14,0.25,High,2363.7,38%,904.82,48.59,UPI,2,FALSE,Delivered,5
ORD-02313,10/02/2022,2022,Q1,February,Thursday,CUST66337,Kavya Singh,,,Female,South,Bangalore,Clothing,Dress,10,2259.78,0.04,Low,20953.37,38%,7949.05,52.93,UPI,5,FALSE,Delivered,7
ORD-01620,25/12/2021,2021,Q4,December,Saturday,CUST54344,Nisha Bhat,27,Young Adult,Female,North,Amritsar,Beauty,Sunscreen,1,805.29,0.36,Very High,359.88,48%,172.3,52.35,Net Banking,,FALSE,Delivered,6
ORD-00563,09/07/2020,2020,Q3,July,Thursday,CUST44323,Ritu Bose,33,Young Adult,Female,South,Bangalore,Books,Cook Book,6,1105.96,0.29,High,5241.79,33%,1716.01,67.65,Debit Card,3,TRUE,Returned,
ORD-01940,05/06/2022,2022,Q2,June,Sunday,CUST29935,Sanjay Mishra,3,Child & Teen,Female,West,Surat,Beauty,Sunscreen,8,2364.86,0.15,Medium,20195.66,59%,11817.43,58.27,Debit Card,5,FALSE,Delivered,5
ORD-00142,27/02/2020,2020,Q1,February,Thursday,CUST82516,Ritu Joshi,4,Child & Teen,Female,East,Bhubaneswar,Sports,Tennis Racket,1,11227.96,0.31,Very High,6220.68,27%,1706.13,87.6,Net Banking,2,FALSE,Shipped,3
ORD-03035,08/05/2023,2023,Q2,May,Monday,CUST76199,Meera Pillai,6,Child & Teen,Other,West,Ahmedabad,Sports,Tennis Racket,3,6247.18,0.23,High,19652.06,26%,5128.89,52.48,Credit Card,4,FALSE,Delivered,7
ORD-04095,11/11/2024,2024,Q4,November,Monday,CUST78442,Arjun Gupta,43,Adult,Female,South,Kochi,Furniture,Bed Frame,2,28947.69,0.39,Very High,35266.77,23%,8167.38,63.11,UPI,,FALSE,Delivered,1
ORD-03088,26/08/2023,2023,Q3,August,Saturday,CUST49151,Sunita Patel,35,Young Adult,Other,West,Mumbai,Electronics,Headphones,1,41296.1,0.07,Low,53611.5,8%,4184.23,65.67,Credit Card,5,FALSE,Delivered,5
ORD-00283,05/05/2020,2020,Q2,May,Tuesday,CUST17741,Arjun Verma,32,Young Adult,Female,East,Patna,Books,Cook Book,10,1387.77,0.03,Low,15244.18,35%,5378.75,88.89,Net Banking,4,FALSE,Delivered,9
ORD-01821,16/03/2022,2022,Q1,March,Wednesday,CUST07773,Karan Gupta,41,Adult,Female,South,Hyderabad,Books,Comic Book,2,1012.58,,,2058.59,46%,942.39,79.24,UPI,5,FALSE,Delivered,
ORD-01627,27/12/2021,2021,Q4,December,Monday,CUST42701,Aarav Joshi,48,Adult,Male,South,Kochi,Clothing,Jacket,10,593.55,0.18,Medium,3624.78,25%,896.12,78,Debit Card,5,FALSE,Delivered,9
ORD-02274,15/09/2022,2022,Q3,September,Thursday,CUST66737,Ananya Patel,43,Adult,Female,South,Chennai,Clothing,T-Shirt,,803.12,0.07,Low,911.76,36%,328.33,73.01,Credit Card,3,FALSE,Delivered,7
ORD-03211,20/10/2023,2023,Q4,October,Friday,CUST59240,Ananya Mehta,47,Adult,Male,North,Ludhiana,Beauty,Shampoo,3,2099.98,0.35,Very High,4400.47,48%,2125.89,50.77,Cash on Delivery,,TRUE,Returned,7
ORD-02973,07/11/2023,2023,Q4,November,Tuesday,CUST55824,Ritu Kumar,27,Young Adult,Male,West,Pune,Books,Fiction Novel,1,623.96,0.21,High,778.16,34%,263.81,68.14,Cash on Delivery,3,FALSE,Delivered,6
ORD-03131,15/09/2023,2023,Q3,September,Friday,CUST60904,Aditya Shah,29,Young Adult,Female,North,Chandigarh,Groceries,Dal (1kg),1,394.11,0.22,High,414.31,8%,32.52,55.15,UPI,3,FALSE,Delivered,2
ORD-01170,06/08/2021,2021,Q3,August,Friday,CUST04051,Ananya Sharma,4,Child & Teen,Male,South,Hyderabad,Furniture,Sofa,5,23260.25,0.33,Very High,119013.87,27%,32585.16,74.55,EMI,5,FALSE,Delivered,9
ORD-02153,03/08/2022,2022,Q3,August,Wednesday,CUST05495,Vikram Singh,45,Adult,Female,North,Delhi,Clothing,Kurta,1,2503.3,0.15,Medium,2937.26,25%,723.88,47.55,EMI,2,TRUE,Returned,10
ORD-02260,09/10/2022,2022,Q4,October,Sunday,CUST10492,Rahul Patel,61,Senior,Other,West,Surat,Beauty,Lipstick,9,1292.16,0.22,High,10154.82,30%,3046.85,70.59,Credit Card,2,TRUE,Returned,6
ORD-01363,09/05/2021,2021,Q2,May,Sunday,CUST15260,Meera Patel,4,Child & Teen,Female,East,Bhubaneswar,Electronics,Camera,10,55908.72,0.11,Medium,627898.81,14%,86690.85,75.65,Cash on Delivery,5,FALSE,Shipped,4
ORD-01781,03/02/2022,2022,Q1,February,Thursday,CUST31446,Priya Singh,57,Senior,Female,North,Chandigarh,Beauty,Face Cream,6,583.99,0.26,High,2822.23,47%,1322.69,22.05,Credit Card,4,FALSE,Shipped,6
ORD-02812,05/04/2023,2023,Q2,April,Wednesday,CUST82471,Pooja Shah,36,Adult,Female,South,Kochi,Clothing,Saree,2,3236.58,0.04,Low,9893.97,32%,3171.49,71.87,Cash on Delivery,1,FALSE,Delivered,9
ORD-04169,16/12/2024,2024,Q4,December,Monday,CUST68700,Aditya Mehta,33,Young Adult,Female,South,Bangalore,Sports,Football,9,7976.73,,,57905.39,24%,13844.42,69.85,EMI,1,FALSE,Delivered,8
ORD-00384,06/12/2020,2020,Q4,December,Sunday,CUST60562,Kavya Rao,25,Young Adult,Male,North,Ludhiana,Clothing,Dress,10,658.16,0.25,High,6367.6,29%,1841.64,63.58,Cash on Delivery,1,FALSE,Delivered,7
ORD-03940,26/08/2024,2024,Q3,August,Monday,CUST96355,Shreya Bose,35,Young Adult,Female,East,Bhubaneswar,Books,Comic Book,2,1157.89,0.35,Very High,2443.04,27%,649.16,56.27,Debit Card,1,FALSE,Delivered,9
ORD-01059,25/04/2021,2021,Q2,April,Sunday,CUST64001,Ananya Das,63,Senior,Other,South,Hyderabad,Electronics,Tablet,8,28211.93,0.33,Very High,175402.71,12%,20772.79,61.29,Debit Card,5,FALSE,Delivered,4
ORD-03995,21/09/2024,2024,Q3,September,Saturday,CUST60857,Aarav Kapoor,3,Child & Teen,Male,Central,Raipur,Beauty,Sunscreen,7,2114.17,0.39,Very High,13036.59,47%,6081.67,26.71,Debit Card,3,FALSE,delivered,
ORD-03729,14/06/2024,2024,Q2,June,Friday,CUST27952,Pooja Rao,33,Young Adult,Other,West,Ahmedabad,Clothing,Dress,1,3581.25,0.01,Low,6175.08,29%,1771.61,56.33,Credit Card,1,FALSE,Delivered,
ORD-03122,09/09/2023,2023,Q3,September,Saturday,CUST56458,Kavya Das,3,Child & Teen,Other,East,Kolkata,Furniture,Desk,9,24481.84,0.18,Medium,236017.16,29%,68746.18,92.95,Net Banking,3,FALSE,Pending,10
ORD-02176,08/12/2022,2022,Q4,December,Thursday,CUST51575,Karan Mishra,3,Child & Teen,Other,North,Ludhiana,Sports,Football,7,14759.38,0,No Discount,128001.22,20%,25740.07,70.7,Net Banking,3,FALSE,Delivered,7
ORD-01078,05/03/2021,2021,Q1,March,Friday,CUST72966,Vikram Verma,52,Adult,Female,East,Kolkata,Beauty,Perfume,2,608.88,0.23,High,1272.71,40%,511.96,106.95,UPI,4,TRUE,Returned,4
ORD-03959,09/04/2024,2024,Q2,April,Tuesday,CUST64416,Pooja Reddy,35,Young Adult,Other,West,Surat,Clothing,Jacket,10,1823.02,0.19,Medium,21680.07,54%,11667.37,63.11,UPI,5,FALSE,Delivered,6
ORD-02697,14/03/2023,2023,Q1,March,Tuesday,CUST37138,Ritu Nair,42,Adult,Other,West,Pune,Electronics,Headphones,2,76935.79,0.01,Low,171768.97,16%,27234.01,63.96,Cash on Delivery,1,FALSE,Delivered,3
ORD-00270,28/04/2020,2020,Q2,April,Tuesday,CUST73911,Ritu Patel,,,Other,East,Kolkata,Clothing,Jeans,6,2934.92,0.1,Low,18790.52,41%,7715.18,74.02,Debit Card,5,FALSE,Cancelled,8
ORD-02515,28/12/2022,2022,Q4,December,Wednesday,CUST66205,Ritu Verma,3,Child & Teen,Male,West,Pune,Books,Biography,5,1103.75,0.25,High,3579.91,53%,1891.54,60.86,Cash on Delivery,3,FALSE,Cancelled,1
ORD-02735,30/03/2023,2023,Q1,March,Thursday,CUST60872,Kavya Shah,38,Adult,Male,South,Chennai,Furniture,Chair,1,7329.9,0.35,Very High,6777.56,35%,2396.72,101.29,Credit Card,5,FALSE,Shipped,10
ORD-01766,21/02/2022,2022,Q1,February,Monday,CUST87890,Karan Mishra,46,Adult,Other,Central,Nagpur,Books,Textbook,4,378.9,0.39,Very High,957.41,25%,235.48,29.15,Credit Card,5,FALSE,Delivered,3
ORD-02707,18/03/2023,2023,Q1,March,Saturday,CUST97042,Ananya Mishra,28,Young Adult,Other,Central,Bhopal,Books,Cook Book,4,1221.11,0.25,High,5162.57,36%,1875.62,43.22,EMI,5,FALSE,Delivered,5
ORD-00671,31/10/2020,2020,Q4,October,Saturday,CUST93387,Ritu Bose,43,Adult,Other,West,Surat,Groceries,Cooking Oil,8,347.71,0.08,Low,2265.28,8%,178.59,64.88,Credit Card,5,FALSE,Delivered,9
ORD-03931,23/08/2024,2024,Q3,August,Friday,CUST94914,Sunita Verma,31,Young Adult,Other,South,Chennai,Sports,Yoga Mat,6,9574.41,0.02,Low,81951.13,19%,15952.26,75.33,EMI,4,FALSE,Delivered,6
ORD-04022,10/09/2024,2024,Q3,September,Tuesday,CUST76630,Aarav Patel,,,Male,South,Kochi,Books,Cook Book,8,1268.46,0.05,Low,12103.46,30%,3618.98,30.55,EMI,2,FALSE,Delivered,10
ORD-01721,02/05/2022,2022,Q2,May,Monday,CUST05033,Pooja Mishra,22,Young Adult,Male,West,Ahmedabad,Sports,Football,8,11620.56,0.18,Medium,89828.71,29%,25898.31,50.64,Debit Card,4,FALSE,Delivered,2
ORD-03054,14/08/2023,2023,Q3,August,Monday,CUST26906,Nisha Iyer,39,Adult,Female,East,Patna,Electronics,Smartphone,1,34885.37,0.1,Low,44683.38,8%,3420.51,85.38,Credit Card,4,FALSE,Shipped,3
ORD-03543,20/03/2024,2024,Q1,March,Wednesday,CUST14777,Aarav Shah,6,Child & Teen,Other,Central,Nagpur,Furniture,Bed Frame,7,28445.23,0.28,High,189614.18,22%,42435.49,18.04,UPI,2,FALSE,Cancelled,10
ORD-02803,30/04/2023,2023,Q2,April,Sunday,CUST07347,Priya Mehta,28,Young Adult,Female,West,Mumbai,Electronics,Smartwatch,6,64360.23,0.32,Very High,385580.53,7%,28776.57,55.31,Debit Card,1,FALSE,Delivered,1
ORD-03231,29/10/2023,2023,Q4,October,Sunday,CUST88608,Nikhil Nair,5,Child & Teen,Male,South,Hyderabad,Beauty,Sunscreen,2,1820.95,0.15,Medium,2961.7,44%,1317.61,69.89,Net Banking,4,FALSE,Delivered,5
ORD-02672,03/01/2023,2023,Q1,January,Tuesday,CUST97216,Deepa Pillai,29,Young Adult,Female,East,Bhubaneswar,Electronics,Headphones,6,78301.55,0.24,High,446345.61,14%,61437.6,87.28,EMI,4,FALSE,Delivered,7
ORD-00232,04/11/2020,2020,Q4,November,Wednesday,CUST30800,Rohan Chatterjee,36,Adult,Other,Central,Nagpur,Beauty,Perfume,4,171.85,0.03,Low,902.31,66%,591.14,34.27,Debit Card,3,FALSE,Shipped,8
ORD-00566,09/09/2020,2020,Q3,September,Wednesday,CUST67628,Meera Chatterjee,25,Young Adult,Other,North,Amritsar,Sports,Dumbbells,,603.71,0.39,Very High,373.9,20%,76.01,68.01,Net Banking,,FALSE,Shipped,9
ORD-01174,06/09/2021,2021,Q3,September,Monday,CUST88311,Karan Gupta,31,Young Adult,Female,East,Patna,Groceries,Dal (1kg),6,57.72,,,553.5,9%,48.28,80.69,EMI,3,FALSE,Shipped,5
ORD-00522,19/08/2020,2020,Q3,August,Wednesday,CUST28496,Ritu Gupta,49,Adult,Female,South,Hyderabad,Furniture,Desk,3,28093.41,0.11,Medium,80865.4,18%,14166.32,69.8,Net Banking,3,TRUE,Returned,3
ORD-03797,07/09/2024,2024,Q3,September,Saturday,CUST19882,Sanjay Gupta,3,Child & Teen,Male,North,Chandigarh,Electronics,Headphones,3,39483.93,0.01,Low,188221.16,9%,17116.65,68.56,UPI,3,TRUE,Returned,2
ORD-04170,16/12/2024,2024,Q4,December,Monday,CUST70820,Nikhil Iyer,14,Child & Teen,Male,East,Kolkata,Clothing,Jeans,4,1999.6,0.4,Very High,4690.45,24%,1146.6,66.84,Net Banking,,FALSE,Delivered,
ORD-03327,12/10/2023,2023,Q4,October,Thursday,CUST05689,Ananya Bhat,3,Child & Teen,Male,North,Ludhiana,Groceries,Cooking Oil,9,407.05,0.3,High,1997.66,7%,139.6,72.88,Net Banking,4,FALSE,Cancelled,6
ORD-03907,16/08/2024,2024,Q3,August,Friday,CUST07299,Karan Reddy,46,Adult,Female,Central,Nagpur,Sports,Yoga Mat,9,3110.88,0.28,High,29090.53,15%,4498.07,43.42,EMI,2,FALSE,Delivered,8
ORD-02613,02/09/2023,2023,Q3,September,Saturday,CUST69520,Vikram Pillai,18,Young Adult,Male,North,Delhi,Sports,Yoga Mat,1,12495.08,0.27,High,9249.06,18%,1686.4,55.06,Credit Card,5,FALSE,Delivered,9
ORD-04164,14/12/2024,2024,Q4,December,Saturday,CUST96903,Deepa Kapoor,46,Adult,Other,North,Amritsar,Furniture,Chair,1,9449.94,0.15,Medium,7223.61,31%,2224.51,32.57,UPI,1,TRUE,Returned,2
ORD-01065,27/04/2021,2021,Q2,April,Tuesday,CUST39633,Aarav Mishra,35,Young Adult,Male,Central,Bhopal,Electronics,Headphones,8,30314.74,0.06,Low,283224.55,12%,33093.14,68.75,Credit Card,1,TRUE,Returned,9
ORD-00656,22/10/2020,2020,Q4,October,Thursday,CUST42875,Sanjay Verma,26,Young Adult,Other,South,Hyderabad,Sports,Cycle,1,12380.73,0.24,High,8294.3,26%,2144.64,80.23,Credit Card,4,FALSE,Cancelled,5
ORD-02588,30/01/2023,2023,Q1,January,Monday,CUST71632,Karan Sharma,13,Child & Teen,Male,West,Surat,Sports,Dumbbells,4,6304.42,0.31,Very High,15164.38,23%,3544.74,95.26,Credit Card,5,FALSE,Delivered,6
ORD-00172,15/03/2020,2020,Q1,March,Sunday,CUST40704,Aarav Rao,16,Child & Teen,Other,East,Guwahati,Clothing,Saree,2,2448.31,0.35,Very High,3584.88,35%,1270.16,79.97,Credit Card,4,FALSE,Delivered,7
ORD-03479,21/02/2024,2024,Q1,February,Wednesday,CUST39897,Sunita Singh,3,Child & Teen,Other,South,Chennai,Electronics,Headphones,3,50121.13,0.25,High,130268.18,14%,18524,68.49,Debit Card,5,FALSE,cancelled,4
ORD-03008,26/07/2023,2023,Q3,July,Wednesday,CUST03875,Arjun Patel,35,Young Adult,Other,North,Chandigarh,Sports,Tennis Racket,5,1956.54,0.2,Medium,10411.35,26%,2723.2,60.98,UPI,3,FALSE,Delivered,3
ORD-03519,03/09/2024,2024,Q3,September,Tuesday,CUST89317,Vikram Singh,28,Young Adult,Other,North,Ludhiana,Electronics,Laptop,5,35958.57,0.23,High,180888.8,10%,18318.66,45.69,UPI,1,FALSE,Delivered,6
ORD-01711,02/01/2022,2022,Q1,January,Sunday,CUST71903,Rahul Sharma,3,Child & Teen,Female,East,Bhubaneswar,Beauty,Shampoo,10,1797.87,0.31,Very High,12188.57,24%,2948.45,85.14,Cash on Delivery,,FALSE,Shipped,4
ORD-01731,02/08/2022,2022,Q3,August,Tuesday,CUST81381,Aarav Bose,65,Senior,Male,North,Chandigarh,Groceries,Flour,10,299.21,0.19,Medium,2491.46,11%,268.35,16.74,Net Banking,3,FALSE,Delivered,9
ORD-02322,10/05/2022,2022,Q2,May,Tuesday,CUST93809,Kavya Sharma,44,Adult,Other,Central,Indore,Furniture,Bookshelf,8,32195.15,0.25,High,191258.73,28%,53878.3,67.87,Cash on Delivery,2,FALSE,Delivered,4
ORD-01659,01/09/2022,2022,Q3,September,Thursday,CUST72759,Pooja Patel,26,Young Adult,Other,South,Hyderabad,Furniture,Chair,7,2529.87,0.12,Medium,14719.17,28%,4154.01,90.47,EMI,5,FALSE,Delivered,
ORD-02365,18/10/2022,2022,Q4,October,Tuesday,CUST12074,Ritu Joshi,51,Adult,Female,North,Amritsar,Sports,Football,10,14562.6,0.31,Very High,86000.34,21%,18267.52,33.55,Cash on Delivery,5,FALSE,Delivered,4
ORD-00115,02/12/2020,2020,Q4,December,Wednesday,CUST05374,Aditya Chatterjee,39,Adult,Female,South,Chennai,Beauty,Hair Oil,6,1270.36,0.06,Low,5747.77,46%,2669,62.46,EMI,3,FALSE,Delivered,8
ORD-01557,29/11/2021,2021,Q4,November,Monday,CUST23869,Amit Reddy,54,Adult,Other,South,Bangalore,Books,Fiction Novel,3,789.1,0.18,Medium,1449.86,39%,562.04,72.43,UPI,3,FALSE,Cancelled,2
ORD-00800,30/12/2020,2020,Q4,December,Wednesday,CUST77423,Priya Shah,33,Young Adult,Other,East,Patna,Electronics,Camera,7,56504.32,0.3,High,197546.47,11%,21532.46,53.78,Cash on Delivery,5,FALSE,Delivered,1
ORD-00020,01/08/2020,2020,Q3,August,Saturday,CUST05879,Nisha Nair,12,Child & Teen,Other,Central,Nagpur,Sports,Dumbbells,2,2448.88,0.08,Low,3192.22,11%,355.63,47.54,Cash on Delivery,3,FALSE,Delivered,9
ORD-03912,17/08/2024,2024,Q3,August,Saturday,CUST72269,Ritu Gupta,41,Adult,Female,South,Bangalore,Electronics,Headphones,3,51479.19,0.25,High,182018.37,10%,19016.37,55.15,UPI,,FALSE,Pending,3
ORD-04036,17/10/2024,2024,Q4,October,Thursday,CUST12279,Meera Patel,,,Other,North,Ludhiana,Groceries,Flour,8,184.25,0.21,High,1215.29,6%,77.92,46.09,Credit Card,,FALSE,Shipped,6
ORD-02381,28/10/2022,2022,Q4,October,Friday,CUST35452,Rahul Singh,36,Adult,Female,North,Ludhiana,Electronics,Camera,6,6441.62,0.27,High,31528.73,19%,5997.64,53.2,EMI,3,FALSE,cancelled,8
ORD-01862,04/02/2022,2022,Q1,February,Friday,CUST38887,Aditya Nair,39,Adult,Other,West,Ahmedabad,Groceries,Dal (1kg),3,475.6,0.18,Medium,1586.7,10%,154.07,65.63,Credit Card,1,FALSE,Shipped,10
ORD-04033,16/10/2024,2024,Q4,October,Wednesday,CUST01456,Ananya Singh,4,Child & Teen,Other,Central,Bhopal,Furniture,Chair,2,8590.53,0.23,High,12705.04,28%,3529.2,40.59,Credit Card,5,FALSE,Delivered,6
ORD-04061,27/10/2024,2024,Q4,October,Sunday,CUST83988,Arjun Bose,18,Young Adult,Female,North,Ludhiana,Furniture,Bed Frame,1,14589.01,0.2,Medium,13208.25,24%,3174.45,52.97,Credit Card,3,FALSE,Delivered,1
ORD-02662,27/02/2023,2023,Q1,February,Monday,CUST02913,Nisha Kumar,32,Young Adult,Female,East,Kolkata,Books,Fiction Novel,2,484.9,0.1,Low,1040.24,41%,423.7,69.41,Net Banking,1,FALSE,Delivered,10
ORD-01421,10/02/2021,2021,Q1,February,Wednesday,CUST32538,Amit Rao,24,Young Adult,Other,South,Bangalore,Electronics,Laptop,10,23157.51,0.12,Medium,176221.6,12%,21453.69,53.6,Net Banking,3,FALSE,Delivered,4
ORD-03373,30/12/2023,2023,Q4,December,Saturday,CUST23969,Rahul Mehta,27,Young Adult,Male,Central,Raipur,Books,Textbook,9,609.86,0.14,Medium,3554.23,54%,1923.48,54.96,EMI,,FALSE,Shipped,1
ORD-02686,03/11/2023,2023,Q4,November,Friday,CUST63976,Vikram Verma,42,Adult,Male,South,Hyderabad,Clothing,Jacket,8,570.18,0.04,Low,5294.75,33%,1738.46,56.28,Credit Card,2,FALSE,Delivered,4
ORD-02630,14/02/2023,2023,Q1,February,Tuesday,CUST21078,Meera Kapoor,33,Young Adult,Female,North,Ludhiana,Electronics,Laptop,9,41854.41,0.33,Very High,247342.73,12%,30449.06,42.16,Debit Card,2,FALSE,Delivered,8
ORD-01893,16/04/2022,2022,Q2,April,Saturday,CUST98008,Amit Singh,39,Adult,Female,Central,Bhopal,Clothing,Dress,3,3710.29,0.05,Low,14616.34,37%,5360.81,62.88,Cash on Delivery,4,FALSE,Delivered,4
ORD-01702,30/01/2022,2022,Q1,January,Sunday,CUST81394,Nikhil Kumar,27,Young Adult,Male,North,Amritsar,Beauty,Hair Oil,10,2477.1,0.19,Medium,19204,48%,9210.86,24.71,Credit Card,5,FALSE,Cancelled,8
ORD-00781,21/12/2020,2020,Q4,December,Monday,CUST92097,Nisha Gupta,44,Adult,Male,South,Hyderabad,Sports,Cycle,8,12540.64,0.16,Medium,54877.82,24%,12900.73,44.66,UPI,1,FALSE,Delivered,8
ORD-02838,20/05/2023,2023,Q2,May,Saturday,CUST32623,Ananya Verma,17,Child & Teen,Female,East,Patna,Beauty,Shampoo,8,211.05,0.17,Medium,2271.48,58%,1315.77,75.69,Net Banking,,TRUE,Returned,3
ORD-00983,24/03/2021,2021,Q1,March,Wednesday,CUST01477,Karan Mishra,49,Adult,Female,North,Delhi,Sports,Yoga Mat,7,2782.21,0.21,High,13694.75,14%,1856.34,60.88,Net Banking,3,FALSE,delivered,4
ORD-01403,25/09/2021,2021,Q3,September,Saturday,CUST02694,Priya Chatterjee,19,Young Adult,Male,Central,Raipur,Beauty,Hair Oil,7,210.31,0.23,High,1209,50%,600.88,67.46,UPI,5,TRUE,Returned,6
ORD-03034,05/08/2023,2023,Q3,August,Saturday,CUST76477,Sunita Bose,33,Young Adult,Female,East,Guwahati,Furniture,Chair,2,27227.5,0.27,High,53652.43,34%,18467.9,69.07,Net Banking,5,FALSE,Delivered,9
ORD-03420,22/01/2024,2024,Q1,January,Monday,CUST83939,Priya Bose,49,Adult,Male,Central,Indore,Sports,Tennis Racket,2,11637.71,0.03,Low,20228.5,19%,3894.99,49.76,EMI,4,TRUE,Returned,6
ORD-02386,29/10/2022,2022,Q4,October,Saturday,CUST85891,Aditya Mishra,3,Child & Teen,Male,South,Hyderabad,Books,Self-Help Book,10,1494.95,0.38,Very High,9412.99,51%,4806.77,81.37,Credit Card,,TRUE,Returned,6
ORD-00379,06/10/2020,2020,Q4,October,Tuesday,CUST57932,Rohan Bhat,24,Young Adult,Male,Central,Bhopal,Clothing,Jeans,2,1835.19,0.03,Low,4360.69,42%,1812.7,37.12,EMI,5,FALSE,Delivered,2
ORD-00734,12/01/2020,2020,Q1,January,Sunday,CUST76439,Aarav Mishra,25,Young Adult,Other,Central,Indore,Clothing,Dress,2,3263.53,0.28,High,3766.06,34%,1284.73,57.51,Net Banking,2,FALSE,Delivered,10
ORD-01911,24/04/2022,2022,Q2,April,Sunday,CUST11183,Aditya Patel,19,Young Adult,Female,East,Kolkata,Books,Fiction Novel,5,610.98,0.16,Medium,3679.38,39%,1422.56,53.99,Cash on Delivery,4,FALSE,Delivered,4
ORD-02647,18/02/2023,2023,Q1,February,Saturday,CUST98321,Ananya Shah,3,Child & Teen,Male,North,Delhi,Books,Cook Book,4,1488.05,0.16,Medium,5878.72,32%,1895.88,33.95,Debit Card,3,TRUE,Returned,9
ORD-00664,28/10/2020,2020,Q4,October,Wednesday,CUST76842,Shreya Gupta,47,Adult,Female,South,Hyderabad,Books,Textbook,8,513.63,0.17,Medium,2804.09,36%,1009.57,48.54,Cash on Delivery,4,FALSE,delivered,1
ORD-00346,28/05/2020,2020,Q2,May,Thursday,CUST21580,Pooja Bhat,35,Young Adult,Other,East,Kolkata,Groceries,Sugar,9,213.6,0.32,Very High,1665.43,12%,193.99,101.52,Net Banking,4,FALSE,Cancelled,4
ORD-03434,29/01/2024,2024,Q1,January,Monday,CUST36372,Vikram Gupta,26,Young Adult,Other,North,Amritsar,Beauty,Sunscreen,4,1120.04,0,No Discount,4784.7,22%,1051.2,70.2,Credit Card,5,FALSE,Delivered,6
ORD-02070,07/02/2022,2022,Q1,February,Monday,CUST88932,Aditya Pillai,42,Adult,Female,North,Ludhiana,Electronics,Headphones,5,14814.19,,,105694.63,11%,11127.91,56.42,Debit Card,3,FALSE,Pending,1
ORD-00495,08/05/2020,2020,Q2,May,Friday,CUST95892,Vikram Gupta,4,Child & Teen,Other,East,Guwahati,Groceries,Rice (5kg),4,57.97,0.1,Low,258.54,6%,16.67,74.15,Net Banking,3,FALSE,Delivered,9
ORD-01008,04/01/2021,2021,Q1,January,Monday,CUST58835,Meera Iyer,45,Adult,Male,Central,Bhopal,Groceries,Flour,2,438.16,0.25,High,855.21,8%,70.3,76.82,Debit Card,5,FALSE,Delivered,2
ORD-01435,10/08/2021,2021,Q3,August,Tuesday,CUST41321,Ritu Bhat,23,Young Adult,Male,North,Chandigarh,Groceries,Cooking Oil,5,312.3,0.12,Medium,1270.29,9%,110.96,25.67,Cash on Delivery,3,FALSE,Delivered,8
ORD-03713,06/07/2024,2024,Q3,July,Saturday,CUST56250,Shreya Shah,26,Young Adult,Female,South,Bangalore,Clothing,T-Shirt,8,3182.92,0.17,Medium,35409.06,49%,17485.08,81.77,UPI,5,FALSE,Delivered,9
ORD-02022,06/10/2022,2022,Q4,October,Thursday,CUST15844,Rohan Verma,39,Adult,Female,East,Guwahati,Clothing,Kurta,3,1256.16,0.05,Low,5186.09,45%,2331.26,90.36,EMI,5,FALSE,Delivered,9
ORD-00219,04/05/2020,2020,Q2,May,Monday,CUST81881,Sanjay Mishra,,,Male,Central,Indore,Beauty,Face Cream,9,1356.81,0.01,Low,13938.43,38%,5273.14,76.63,Credit Card,3,FALSE,Delivered,4
ORD-00138,24/02/2020,2020,Q1,February,Monday,CUST54691,Priya Shah,27,Young Adult,Female,East,Patna,Beauty,Sunscreen,3,1655.54,0.25,High,2825.92,63%,1777.23,81.69,UPI,3,FALSE,Delivered,5
ORD-02813,05/04/2023,2023,Q2,April,Wednesday,CUST45426,Arjun Patel,2,Child & Teen,Other,South,Kochi,Beauty,Lipstick,6,2373.35,0.3,High,15281.74,56%,8565.14,54.97,Cash on Delivery,3,FALSE,Delivered,3
ORD-02397,11/02/2022,2022,Q1,February,Friday,CUST53890,Kavya Kapoor,46,Adult,Other,North,Chandigarh,Clothing,Dress,3,1457.48,0.04,Low,3326.03,34%,1139.23,47.06,Credit Card,5,FALSE,Delivered,10
ORD-00617,10/03/2020,2020,Q1,March,Tuesday,CUST56731,Rohan Bhat,52,Adult,Female,South,Bangalore,Electronics,Smartwatch,4,72305.61,0.03,Low,221219.87,13%,28168.08,54.29,Debit Card,4,TRUE,Returned,10
ORD-00973,20/03/2021,2021,Q1,March,Saturday,CUST18672,Rahul Rao,12,Child & Teen,Other,West,Mumbai,Beauty,Hair Oil,3,956.76,0.28,High,2408.87,48%,1153.68,89.77,Credit Card,,FALSE,Delivered,9
ORD-03961,04/09/2024,2024,Q3,September,Wednesday,CUST41469,Ananya Singh,28,Young Adult,Male,West,Mumbai,Electronics,Smartphone,3,57941.59,0.17,Medium,202708.19,13%,27362.05,70.62,Credit Card,2,TRUE,Returned,5
ORD-04195,28/12/2024,2024,Q4,December,Saturday,CUST13220,Ritu Gupta,36,Adult,Other,East,Bhubaneswar,Furniture,Desk,9,21875.15,0.01,Low,161990.01,32%,51700.42,87.08,Credit Card,4,FALSE,Delivered,10
ORD-03605,19/04/2024,2024,Q2,April,Friday,CUST13355,Aarav Rao,31,Young Adult,Other,West,Surat,Electronics,Headphones,5,48881.01,0.29,High,271257.62,5%,14499.23,74.54,UPI,4,FALSE,shipped,2
ORD-01381,15/09/2021,2021,Q3,September,Wednesday,CUST67856,Ananya Shah,46,Adult,Other,East,Bhubaneswar,Books,Comic Book,1,1391.59,0.04,Low,1424.19,35%,496.68,84.05,Net Banking,4,FALSE,Shipped,5
ORD-02719,25/03/2023,2023,Q1,March,Saturday,CUST07357,Meera Nair,24,Young Adult,Female,West,Surat,Furniture,Bed Frame,6,16778.26,0.34,Very High,79749.85,26%,20899.58,68.68,UPI,3,FALSE,Delivered,9
ORD-00779,19/12/2020,2020,Q4,December,Saturday,CUST99814,Sunita Reddy,51,Adult,Female,North,Amritsar,Electronics,Camera,9,59205.69,0.29,High,281237.44,9%,26659.17,68.68,Debit Card,4,FALSE,Delivered,8
ORD-02925,19/06/2023,2023,Q2,June,Monday,CUST97817,Ritu Mishra,2,Child & Teen,Other,East,Patna,Electronics,Smartphone,10,54102.6,0.36,Very High,523395.38,12%,62065.82,73.13,Debit Card,,FALSE,Delivered,7
ORD-04101,16/11/2024,2024,Q4,November,Saturday,CUST53114,Kavya Bose,35,Young Adult,Female,West,Pune,Electronics,Headphones,3,36271.47,0.08,Low,106383.22,8%,8562.92,64.31,Credit Card,2,TRUE,Returned,10
ORD-03749,21/06/2024,2024,Q2,June,Friday,CUST71536,Amit Bose,49,Adult,Male,North,Ludhiana,Books,Fiction Novel,6,587.3,0.23,High,4643.97,41%,1923.83,52.24,Net Banking,5,FALSE,Delivered,5
ORD-01544,23/11/2021,2021,Q4,November,Tuesday,CUST03481,Rahul Mishra,23,Young Adult,Male,South,Chennai,Furniture,Bed Frame,7,32709.32,0.15,Medium,154037.83,26%,40170.16,86.06,Cash on Delivery,2,FALSE,Delivered,1
ORD-01040,17/04/2021,2021,Q2,April,Saturday,CUST99976,Meera Kumar,2,Child & Teen,Other,Central,Indore,Groceries,Dal (1kg),7,228.64,0.17,Medium,1426.02,7%,99.2,68.16,Net Banking,1,FALSE,Delivered,8
ORD-01527,17/11/2021,2021,Q4,November,Wednesday,CUST25719,Nikhil Chatterjee,42,Adult,Other,North,Ludhiana,Groceries,Tea,3,308.05,0.19,Medium,531.13,8%,41.25,45.78,Cash on Delivery,3,FALSE,Delivered,2
ORD-00164,03/12/2020,2020,Q4,December,Thursday,CUST97663,Aarav Singh,,,Male,North,Ludhiana,Clothing,Kurta,9,3971.91,0.18,Medium,32366.71,45%,14702.14,47.38,Cash on Delivery,3,FALSE,Pending,4
ORD-02287,19/09/2022,2022,Q3,September,Monday,CUST48005,Deepa Nair,48,Adult,Other,South,Chennai,Electronics,Headphones,7,10316.01,0.33,Very High,50301.08,14%,6888.17,90.01,Net Banking,,FALSE,Delivered,4
ORD-03296,25/11/2023,2023,Q4,November,Saturday,CUST49836,Amit Bose,32,Young Adult,Other,Central,Raipur,Clothing,Saree,4,2037.61,0.09,Low,7459.65,40%,2991.98,28.18,Cash on Delivery,1,TRUE,Returned,7
ORD-02542,01/09/2023,2023,Q3,September,Friday,CUST20603,Aditya Patel,47,Adult,Other,North,Delhi,Furniture,Desk,4,16407.34,0.13,Medium,51661.63,36%,18819.99,55.63,Cash on Delivery,3,FALSE,Delivered,7
ORD-01038,15/04/2021,2021,Q2,April,Thursday,CUST91204,Ananya Mishra,43,Adult,Other,East,Patna,Furniture,Chair,9,19514.51,,,215673.94,33%,71953.35,87.81,Debit Card,1,TRUE,Returned,9
ORD-00886,02/04/2021,2021,Q2,April,Friday,CUST50029,Rohan Mehta,27,Young Adult,Other,West,Mumbai,Clothing,T-Shirt,10,1064.5,0.2,Medium,8259.53,40%,3321.3,64.42,Cash on Delivery,4,FALSE,Delivered,9
ORD-02510,25/12/2022,2022,Q4,December,Sunday,CUST29676,Arjun Rao,43,Adult,Other,South,Hyderabad,Beauty,Shampoo,4,1024.2,0.28,High,2046.31,24%,485.53,57.96,Net Banking,2,FALSE,Delivered,9
ORD-03352,20/12/2023,2023,Q4,December,Wednesday,CUST97209,Karan Iyer,36,Adult,Female,South,Bangalore,Sports,Cricket Bat,5,11277.04,0.03,Low,47607.55,31%,14946.09,96.43,EMI,2,FALSE,Shipped,8
ORD-03714,06/07/2024,2024,Q3,July,Saturday,CUST48600,Kavya Reddy,23,Young Adult,Female,East,Kolkata,Clothing,Saree,6,3566.25,0.19,Medium,31426.55,41%,12874.37,94.51,EMI,5,FALSE,Delivered,2
ORD-00941,03/01/2021,2021,Q1,January,Sunday,CUST76016,Sanjay Gupta,27,Young Adult,Other,South,Hyderabad,Sports,Tennis Racket,1,10397.72,,,10108.14,29%,2948.56,88.19,Net Banking,1,FALSE,Shipped,2
ORD-00669,29/10/2020,2020,Q4,October,Thursday,CUST66974,Aarav Sharma,,,Other,East,Guwahati,Clothing,Kurta,3,562.94,0.27,High,1022.04,30%,309.8,88.97,UPI,2,TRUE,Returned,1
ORD-02173,08/11/2022,2022,Q4,November,Tuesday,CUST84895,Vikram Mishra,37,Adult,Other,North,Amritsar,Electronics,Camera,9,54464.82,0,No Discount,647259.03,14%,89846.44,53.63,Credit Card,,FALSE,Delivered,4
ORD-00737,12/02/2020,2020,Q1,February,Wednesday,CUST84086,Priya Singh,21,Young Adult,Male,North,Amritsar,Groceries,Tea,9,335.03,0.34,Very High,1431.69,7%,93.14,59.48,Net Banking,4,TRUE,Returned,1
ORD-02712,22/03/2023,2023,Q1,March,Wednesday,CUST21655,Amit Reddy,29,Young Adult,Other,North,Chandigarh,Groceries,Sugar,8,172.53,0.22,High,1491.46,12%,177.24,47.93,Credit Card,3,FALSE,delivered,4
ORD-03079,22/08/2023,2023,Q3,August,Tuesday,CUST74717,Ananya Bhat,24,Young Adult,Female,East,Patna,Sports,Cricket Bat,1,7788.48,0.16,Medium,9678.82,26%,2560.56,67.88,EMI,4,FALSE,Shipped,3
ORD-00093,02/06/2020,2020,Q2,June,Tuesday,CUST28742,Kavya Bhat,38,Adult,Female,East,Kolkata,Beauty,Hair Oil,3,1535.87,0.04,Low,3186.03,42%,1346.8,86.51,Cash on Delivery,5,TRUE,Returned,7
ORD-02847,25/05/2023,2023,Q2,May,Thursday,CUST62909,Aditya Bose,31,Young Adult,Female,West,Ahmedabad,Groceries,Flour,8,399.28,0.11,Medium,5100.96,8%,406.96,62.93,Cash on Delivery,4,FALSE,Shipped,2
ORD-02511,25/12/2022,2022,Q4,December,Sunday,CUST68061,Sunita Chatterjee,,,Male,South,Hyderabad,Groceries,Rice (5kg),7,89.81,0.34,Very High,325.22,10%,31.2,64.12,EMI,3,FALSE,Delivered,5
ORD-01066,27/04/2021,2021,Q2,April,Tuesday,CUST14264,Ananya Singh,35,Young Adult,Male,North,Delhi,Sports,Tennis Racket,6,7246.81,,,51448.04,18%,9498.99,40.22,Cash on Delivery,4,FALSE,Delivered,10
ORD-03740,18/06/2024,2024,Q2,June,Tuesday,CUST25398,Nikhil Nair,27,Young Adult,Other,Central,Bhopal,Groceries,Cooking Oil,,167.05,0.13,Medium,268.86,8%,21.3,51.15,Net Banking,5,FALSE,Delivered,10
ORD-03053,13/08/2023,2023,Q3,August,Sunday,CUST70734,Meera Kumar,3,Child & Teen,Female,Central,Nagpur,Furniture,Desk,10,5902.83,0.26,High,61642.35,35%,21436.01,63.39,Credit Card,3,FALSE,Delivered,7
ORD-03174,10/04/2023,2023,Q2,April,Monday,CUST00106,Ananya Bhat,21,Young Adult,Female,Central,Indore,Books,Cook Book,9,641.84,,,5619.07,44%,2471.08,20.79,Cash on Delivery,1,FALSE,Delivered,5
ORD-03942,27/08/2024,2024,Q3,August,Tuesday,CUST76909,Arjun Bose,29,Young Adult,Male,South,Hyderabad,Sports,Yoga Mat,9,4499.21,0.06,Low,57299.76,21%,12249.26,66.59,Net Banking,2,FALSE,Delivered,4
ORD-00201,30/03/2020,2020,Q1,March,Monday,CUST39806,Sanjay Bhat,27,Young Adult,Other,West,Mumbai,Beauty,Face Cream,4,2430.1,0.03,Low,8709.27,63%,5472.38,60.42,Debit Card,5,FALSE,Delivered,1
ORD-00582,17/09/2020,2020,Q3,September,Thursday,CUST42583,Nisha Rao,31,Young Adult,Other,South,Bangalore,Books,Cook Book,1,587.49,0.09,Low,560.43,32%,178.2,82.7,Debit Card,3,FALSE,Delivered,6
ORD-00571,09/10/2020,2020,Q4,October,Friday,CUST29775,Deepa Sharma,16,Child & Teen,Other,Central,Raipur,Books,Biography,1,565.12,0.08,Low,539.57,46%,249.41,49.52,UPI,4,FALSE,Delivered,4
ORD-02281,18/09/2022,2022,Q3,September,Sunday,CUST68153,Aditya Das,45,Adult,Female,North,Amritsar,Beauty,Perfume,9,2226.07,0.16,Medium,18524.57,41%,7612.81,50.45,EMI,4,FALSE,Delivered,2
ORD-02777,17/04/2023,2023,Q2,April,Monday,CUST15930,Rahul Bhat,33,Young Adult,Female,North,Chandigarh,Beauty,Face Cream,6,438.59,0.26,High,2826.56,36%,1014.02,64.81,Net Banking,3,TRUE,Returned,9
ORD-01949,05/11/2022,2022,Q4,November,Saturday,CUST55786,Deepa Mehta,2,Child & Teen,Female,South,Chennai,Beauty,Face Cream,6,2429.19,0.34,Very High,14916.43,54%,8055.68,40.45,UPI,2,FALSE,Delivered,10
ORD-01516,14/11/2021,2021,Q4,November,Sunday,CUST58345,Nikhil Mishra,24,Young Adult,Other,South,Kochi,Electronics,Smartphone,7,19882.94,0.29,High,79433.81,10%,8287.36,61,EMI,1,FALSE,Shipped,3
ORD-01425,10/04/2021,2021,Q2,April,Saturday,CUST22978,Nikhil Bhat,,,Male,North,Ludhiana,Sports,Cycle,4,13459.01,0.32,Very High,39215.89,27%,10601.74,48.42,Credit Card,2,FALSE,Delivered,6
ORD-02846,25/05/2023,2023,Q2,May,Thursday,CUST56492,Ananya Gupta,35,Young Adult,Male,South,Kochi,Furniture,Wardrobe,10,31142.23,0.12,Medium,475250.99,28%,133297.06,90.65,UPI,4,FALSE,Cancelled,1
ORD-00619,10/04/2020,2020,Q2,April,Friday,CUST73824,Rohan Kapoor,36,Adult,Male,Central,Raipur,Furniture,Wardrobe,5,11291.76,0.4,Very High,21297.23,25%,5332.78,40.67,Credit Card,4,FALSE,Shipped,
ORD-02258,09/10/2022,2022,Q4,October,Sunday,CUST95281,Shreya Bose,34,Young Adult,Male,East,Kolkata,Sports,Football,,541.85,0.04,Low,618.29,17%,107.23,87.16,UPI,2,FALSE,Delivered,1
ORD-03441,02/01/2024,2024,Q1,January,Tuesday,CUST02308,Rahul Sharma,21,Young Adult,Female,South,Hyderabad,Electronics,Smartwatch,6,71178.54,0.11,Medium,482509.98,10%,50570.5,74.9,UPI,3,FALSE,Delivered,2
ORD-01690,23/01/2022,2022,Q1,January,Sunday,CUST13726,Sanjay Joshi,42,Adult,Other,East,Guwahati,Books,Self-Help Book,1,293.65,0.21,High,216.04,40%,87.2,77.91,Credit Card,3,FALSE,Shipped,3
ORD-01139,29/05/2021,2021,Q2,May,Saturday,CUST11240,Deepa Iyer,37,Adult,Other,West,Pune,Clothing,Saree,5,3466.72,0.15,Medium,22647.02,37%,8403.3,47.97,Net Banking,3,FALSE,Pending,8
ORD-02223,28/08/2022,2022,Q3,August,Sunday,CUST98444,Ritu Mehta,15,Child & Teen,Male,East,Guwahati,Sports,Dumbbells,1,8591.44,0.03,Low,11764.77,25%,2988.26,69.66,UPI,3,FALSE,delivered,8
ORD-01042,18/04/2021,2021,Q2,April,Sunday,CUST52708,Shreya Bhat,31,Young Adult,Female,North,Delhi,Beauty,Lipstick,7,1384.15,0.23,High,10118.86,44%,4454.79,62.32,Debit Card,4,FALSE,Delivered,9
ORD-00452,18/07/2020,2020,Q3,July,Saturday,CUST52335,Nisha Patel,52,Adult,Male,West,Ahmedabad,Books,Textbook,4,565.17,0.05,Low,2606.02,47%,1227.07,78.29,Credit Card,4,FALSE,Delivered,
ORD-00028,01/11/2020,2020,Q4,November,Sunday,CUST03400,Karan Mishra,23,Young Adult,Male,Central,Indore,Sports,Football,7,12178.99,0.01,Low,66009.55,26%,17076.44,51.51,UPI,5,FALSE,Cancelled,10
ORD-03478,20/02/2024,2024,Q1,February,Tuesday,CUST86909,Amit Reddy,44,Adult,Female,Central,Nagpur,Groceries,Rice (5kg),7,447.52,0.3,High,2656.34,7%,182.91,47.41,Cash on Delivery,3,FALSE,delivered,5
ORD-00350,30/05/2020,2020,Q2,May,Saturday,CUST72810,Arjun Reddy,26,Young Adult,Male,East,Guwahati,Clothing,Kurta,10,2738.51,0.12,Medium,31229.97,35%,10815.02,81.19,Credit Card,5,FALSE,Delivered,4
ORD-02384,28/10/2022,2022,Q4,October,Friday,CUST51225,Ananya Kumar,23,Young Adult,Other,West,Mumbai,Sports,Dumbbells,,10898.37,0.05,Low,11714.4,19%,2224.47,82.53,Debit Card,5,FALSE,Cancelled,10
ORD-02052,23/06/2022,2022,Q2,June,Thursday,CUST10079,Pooja Singh,29,Young Adult,Male,South,Bangalore,Electronics,Smartwatch,8,48445.16,0.26,High,371584.08,17%,63270.83,70.06,Cash on Delivery,5,FALSE,Delivered,8
ORD-01961,16/05/2022,2022,Q2,May,Monday,CUST60023,Rohan Rao,32,Young Adult,Female,West,Mumbai,Sports,Dumbbells,6,1826.8,0.07,Low,14790.65,23%,3473.29,74.41,Credit Card,2,TRUE,Returned,6
ORD-00404,22/06/2020,2020,Q2,June,Monday,CUST02130,Vikram Shah,16,Child & Teen,Female,West,Ahmedabad,Books,Textbook,3,541.31,0.06,Low,2139.34,34%,731.39,56.62,Cash on Delivery,5,FALSE,Delivered,8
ORD-00742,12/03/2020,2020,Q1,March,Thursday,CUST42571,Meera Kumar,39,Adult,Male,West,Pune,Books,Comic Book,2,1291.54,0.29,High,1186.63,30%,359.86,74.76,EMI,,FALSE,Delivered,4
ORD-00317,19/05/2020,2020,Q2,May,Tuesday,CUST52213,Kavya Iyer,53,Adult,Other,South,Bangalore,Groceries,Rice (5kg),4,429.54,0.06,Low,2163.54,7%,148.28,61.97,Credit Card,2,TRUE,Returned,7
ORD-02982,15/07/2023,2023,Q3,July,Saturday,CUST81628,Rahul Shah,33,Young Adult,Other,West,Surat,Beauty,Perfume,10,2340.48,,,30857.19,54%,16769.4,65.62,EMI,2,FALSE,Delivered,9
ORD-03440,02/01/2024,2024,Q1,January,Tuesday,CUST60633,Priya Mehta,28,Young Adult,Male,East,Kolkata,Clothing,Dress,6,604.18,0.2,Medium,2790.47,24%,661.77,84.73,Debit Card,5,FALSE,Delivered,2
ORD-00318,20/05/2020,2020,Q2,May,Wednesday,CUST80292,Ritu Shah,2,Child & Teen,Other,Central,Raipur,Sports,Tennis Racket,7,4673.19,0.33,Very High,25140.26,30%,7454.48,59.8,Cash on Delivery,1,FALSE,Delivered,4
ORD-02292,21/09/2022,2022,Q3,September,Wednesday,CUST08013,Ritu Gupta,41,Adult,Other,East,Bhubaneswar,Sports,Yoga Mat,2,8645.73,0.24,High,14376.69,24%,3461.36,94.07,EMI,4,TRUE,Returned,3
ORD-04161,12/11/2024,2024,Q4,November,Tuesday,CUST28262,Aarav Patel,22,Young Adult,Male,South,Chennai,Groceries,Rice (5kg),3,55.73,0.25,High,132.26,7%,9.16,67.07,Credit Card,4,TRUE,Returned,9
ORD-02099,07/12/2022,2022,Q4,December,Wednesday,CUST13620,Amit Das,39,Adult,Male,South,Hyderabad,Beauty,Shampoo,4,1632.26,0.4,Very High,5867.49,38%,2226.87,61.99,UPI,4,FALSE,Delivered,7
ORD-00129,19/02/2020,2020,Q1,February,Wednesday,CUST20302,Aditya Gupta,48,Adult,Other,South,Bangalore,Clothing,Saree,8,967.73,0.36,Very High,4117.6,39%,1596.92,73.93,Credit Card,3,TRUE,Returned,6
ORD-03339,16/12/2023,2023,Q4,December,Saturday,CUST29727,Amit Kumar,29,Young Adult,Male,South,Chennai,Furniture,Desk,9,14900.48,0.2,Medium,103163.26,30%,31355.08,45.89,Debit Card,4,FALSE,Delivered,9
ORD-02780,18/04/2023,2023,Q2,April,Tuesday,CUST00961,Nisha Kumar,37,Adult,Female,Central,Nagpur,Beauty,Perfume,8,899.3,0.17,Medium,8975.56,38%,3421.59,71.55,Credit Card,2,FALSE,Delivered,3
ORD-01597,14/12/2021,2021,Q4,December,Tuesday,CUST58607,Kavya Kumar,25,Young Adult,Male,Central,Indore,Beauty,Face Cream,1,2412.42,0.02,Low,1867.03,41%,770.96,51.08,Cash on Delivery,1,FALSE,Delivered,10
ORD-02643,17/02/2023,2023,Q1,February,Friday,CUST02524,Amit Patel,5,Child & Teen,Male,West,Pune,Sports,Cricket Bat,6,9703.74,0.16,Medium,52648.79,17%,8966.19,50.19,EMI,1,FALSE,Delivered,7
ORD-03637,30/04/2024,2024,Q2,April,Tuesday,CUST91185,Karan Rao,19,Young Adult,Other,Central,Nagpur,Beauty,Face Cream,3,2213,0.1,Low,9293.85,48%,4453.78,86.73,EMI,4,FALSE,Delivered,10
ORD-03586,04/09/2024,2024,Q3,September,Wednesday,CUST91393,Meera Pillai,42,Adult,Other,North,Ludhiana,Sports,Cycle,1,7923.79,0.02,Low,12021.65,30%,3631.41,54.15,Cash on Delivery,3,FALSE,Shipped,
ORD-02974,07/11/2023,2023,Q4,November,Tuesday,CUST06333,Amit Verma,44,Adult,Other,North,Amritsar,Clothing,Jacket,6,1202.81,0.08,Low,9663.61,28%,2700.5,84.89,Net Banking,1,TRUE,Returned,6
ORD-03801,07/11/2024,2024,Q4,November,Thursday,CUST68786,Rahul Sharma,38,Adult,Other,West,Mumbai,Sports,Football,2,13574.46,0.31,Very High,32632.91,30%,9812.3,49.47,Net Banking,3,FALSE,Delivered,7
ORD-01247,16/07/2021,2021,Q3,July,Friday,CUST10958,Rahul Nair,52,Adult,Male,North,Chandigarh,Sports,Tennis Racket,9,10077.49,0.34,Very High,84123.31,20%,16599.27,71.95,Cash on Delivery,3,FALSE,Delivered,2
ORD-00428,07/08/2020,2020,Q3,August,Friday,CUST48382,Priya Kumar,47,Adult,Female,Central,Nagpur,Groceries,Flour,4,443.03,0.32,Very High,1593.89,7%,115.6,71.82,Debit Card,4,FALSE,Shipped,2
ORD-03405,14/01/2024,2024,Q1,January,Sunday,CUST34808,Ritu Shah,36,Adult,Male,North,Chandigarh,Electronics,Smartwatch,1,16829.03,0.04,Low,16558.81,15%,2537.33,43.96,Credit Card,1,TRUE,Returned,9
ORD-03621,23/04/2024,2024,Q2,April,Tuesday,CUST65858,Karan Nair,24,Young Adult,Female,East,Kolkata,Clothing,Kurta,10,3066.81,0.02,Low,47758.51,40%,19208.34,77.64,Net Banking,2,FALSE,Delivered,9
ORD-02736,30/03/2023,2023,Q1,March,Thursday,CUST35540,Kavya Reddy,26,Young Adult,Male,West,Ahmedabad,Clothing,Dress,8,1829.04,0.24,High,14780.74,42%,6166.69,80.06,Net Banking,3,FALSE,Cancelled,4
ORD-02856,28/05/2023,2023,Q2,May,Sunday,CUST18697,Karan Verma,54,Adult,Female,North,Chandigarh,Furniture,Bed Frame,8,30782.92,0.11,Medium,356477.73,33%,116445.94,61.27,EMI,,FALSE,Delivered,2
ORD-01999,06/01/2022,2022,Q1,January,Thursday,CUST83431,Aditya Patel,53,Adult,Other,West,Mumbai,Beauty,Sunscreen,7,1167.86,0.15,Medium,10729.59,47%,5022.26,56.89,Debit Card,2,FALSE,Delivered,8
ORD-02823,05/11/2023,2023,Q4,November,Sunday,CUST96063,Shreya Iyer,25,Young Adult,Other,North,Chandigarh,Electronics,Smartphone,9,6647.49,0.34,Very High,68948.2,12%,8595.88,51.47,Cash on Delivery,4,FALSE,Delivered,8
ORD-00051,20/01/2020,2020,Q1,January,Monday,CUST27973,Shreya Pillai,13,Child & Teen,Male,South,Hyderabad,Beauty,Perfume,6,1952.59,0.14,Medium,6658.21,58%,3867.94,38.17,Credit Card,1,FALSE,Shipped,8
ORD-01937,05/05/2022,2022,Q2,May,Thursday,CUST01091,Sunita Das,32,Young Adult,Male,West,Pune,Beauty,Shampoo,3,1685.48,0.05,Low,6564.17,46%,3034.89,79.19,Debit Card,1,FALSE,Cancelled,1
ORD-01851,30/03/2022,2022,Q1,March,Wednesday,CUST81634,Ananya Kumar,36,Adult,Male,West,Surat,Electronics,Tablet,1,28957.64,0.33,Very High,18619.85,8%,1514.95,63.73,Debit Card,5,FALSE,Delivered,10
ORD-03966,09/07/2024,2024,Q3,July,Tuesday,CUST46541,Deepa Das,32,Young Adult,Other,East,Kolkata,Beauty,Perfume,3,1229.88,0.16,Medium,4385.27,53%,2310.74,75.88,Credit Card,5,FALSE,Pending,4
ORD-02914,13/06/2023,2023,Q2,June,Tuesday,CUST62247,Aditya Rao,47,Adult,Male,South,Hyderabad,Clothing,Saree,2,1474.66,0.16,Medium,3493.62,35%,1237.15,83,Cash on Delivery,2,FALSE,Delivered,9
ORD-03096,30/08/2023,2023,Q3,August,Wednesday,CUST81977,Sunita Verma,35,Young Adult,Female,East,Patna,Groceries,Dal (1kg),9,132.91,0.37,Very High,1379.32,7%,95.16,84.31,Cash on Delivery,1,FALSE,Delivered,4
ORD-02175,08/12/2022,2022,Q4,December,Thursday,CUST77531,Deepa Gupta,37,Adult,Male,South,Kochi,Beauty,Shampoo,2,2364.83,0.07,Low,5331.18,42%,2254.41,60.96,EMI,1,FALSE,Delivered,4
ORD-03027,08/04/2023,2023,Q2,April,Saturday,CUST20866,Kavya Rao,26,Young Adult,Female,West,Pune,Sports,Yoga Mat,10,10231.86,0.33,Very High,98825.46,18%,17642.86,40.2,Credit Card,2,FALSE,Delivered,9
ORD-03598,14/04/2024,2024,Q2,April,Sunday,CUST37246,Aarav Mehta,22,Young Adult,Female,East,Patna,Books,Biography,1,675.6,0.09,Low,960.99,31%,301.26,94.17,Net Banking,5,FALSE,Shipped,5
ORD-02959,07/06/2023,2023,Q2,June,Wednesday,CUST01768,Sunita Patel,34,Young Adult,Female,Central,Nagpur,Electronics,Headphones,3,69702.56,0.36,Very High,204235.41,15%,30667.19,72.01,EMI,5,FALSE,Delivered,2
ORD-03349,20/12/2023,2023,Q4,December,Wednesday,CUST44606,Nisha Mehta,59,Senior,Other,East,Kolkata,Beauty,Face Cream,4,1670.09,0.39,Very High,3402.85,55%,1861.74,94.95,UPI,1,TRUE,Returned,6
ORD-03923,20/08/2024,2024,Q3,August,Tuesday,CUST86711,Ritu Chatterjee,2,Child & Teen,Female,West,Ahmedabad,Furniture,Bed Frame,7,14200.86,0.14,Medium,123743.08,30%,37065.68,54.52,Debit Card,2,FALSE,Delivered,10
ORD-01417,30/09/2021,2021,Q3,September,Thursday,CUST32469,Aditya Das,31,Young Adult,Male,East,Patna,Books,Comic Book,3,751.24,0.34,Very High,1754.21,26%,458.13,103.5,Debit Card,3,FALSE,Delivered,10
ORD-03066,18/08/2023,2023,Q3,August,Friday,CUST82969,Ritu Joshi,5,Child & Teen,Female,South,Hyderabad,Furniture,Wardrobe,7,34829.83,0.27,High,251225.51,35%,87253.16,74.92,EMI,1,FALSE,Delivered,9
ORD-00432,07/09/2020,2020,Q3,September,Monday,CUST05737,Karan Bose,36,Adult,Other,South,Chennai,Clothing,T-Shirt,2,2956.54,0.38,Very High,4033.47,43%,1730.04,80.22,Debit Card,4,FALSE,Delivered,3
ORD-03073,20/08/2023,2023,Q3,August,Sunday,CUST40607,Amit Kapoor,29,Young Adult,Male,Central,Bhopal,Sports,Tennis Racket,4,5660.42,0.24,High,22682.85,21%,4781.05,52.61,UPI,5,FALSE,Shipped,6
ORD-00064,23/01/2020,2020,Q1,January,Thursday,CUST37898,Shreya Patel,53,Adult,Female,North,Ludhiana,Clothing,Kurta,1,3054,0.03,Low,2217.29,25%,558.25,82.49,EMI,4,FALSE,Delivered,9
ORD-03968,09/08/2024,2024,Q3,August,Friday,CUST99406,Ritu Gupta,28,Young Adult,Other,West,Ahmedabad,Clothing,Jeans,1,3018.11,0,No Discount,3776.1,24%,922.32,65.86,Debit Card,3,FALSE,Cancelled,3
ORD-00447,16/07/2020,2020,Q3,July,Thursday,CUST75670,Kavya Mehta,2,Child & Teen,Other,East,Patna,Books,Biography,4,585.03,0.39,Very High,1538.2,43%,656.23,105.88,Net Banking,5,FALSE,Delivered,1
ORD-00174,16/03/2020,2020,Q1,March,Monday,CUST91348,Meera Reddy,35,Young Adult,Other,North,Chandigarh,Groceries,Flour,9,167.67,0.25,High,1072.27,9%,93.59,68.23,Cash on Delivery,1,FALSE,Delivered,7
ORD-03612,21/04/2024,2024,Q2,April,Sunday,CUST81078,Shreya Mishra,46,Adult,Female,North,Delhi,Books,Fiction Novel,9,518.93,0.18,Medium,6095.48,34%,2092.32,33.55,Net Banking,3,FALSE,Delivered,3
ORD-03829,23/07/2024,2024,Q3,July,Tuesday,CUST62705,Sunita Rao,12,Child & Teen,Other,South,Kochi,Books,Textbook,9,1016.4,0.28,High,11448.61,45%,5111.04,85.13,EMI,2,FALSE,Delivered,5
ORD-00685,11/06/2020,2020,Q2,June,Thursday,CUST18067,Amit Mishra,,,Female,South,Hyderabad,Sports,Cricket Bat,1,1702.99,0.09,Low,1106.02,20%,224.4,73.43,Credit Card,5,FALSE,Delivered,4
ORD-04098,15/11/2024,2024,Q4,November,Friday,CUST64023,Karan Nair,23,Young Adult,Male,South,Hyderabad,Furniture,Desk,9,21959.46,0.26,High,157002.59,18%,28723.82,58.03,Debit Card,1,FALSE,Delivered,3
ORD-00959,03/11/2021,2021,Q4,November,Wednesday,CUST32919,Ritu Patel,,,Female,North,Chandigarh,Electronics,Tablet,7,75319.55,0.06,Low,571655.9,9%,51762.81,44.32,Debit Card,,FALSE,Delivered,3
ORD-03243,11/02/2023,2023,Q1,February,Saturday,CUST21449,Rahul Bose,36,Adult,Other,Central,Nagpur,Furniture,Bed Frame,6,12617.99,0.05,Low,66859.47,29%,19527.7,32.57,Debit Card,4,FALSE,Delivered,9
ORD-00153,03/03/2020,2020,Q1,March,Tuesday,CUST65087,Sunita Reddy,35,Young Adult,Female,East,Kolkata,Books,Cook Book,1,928.19,0.29,High,699.17,36%,249.77,65.35,Net Banking,5,FALSE,Cancelled,9
ORD-01408,26/09/2021,2021,Q3,September,Sunday,CUST69520,Sanjay Singh,31,Young Adult,Other,West,Mumbai,Clothing,Jacket,6,1744.18,0.2,Medium,8503.76,32%,2737.92,72.31,Cash on Delivery,5,FALSE,Shipped,5
ORD-03874,08/07/2024,2024,Q3,July,Monday,CUST96272,Meera Shah,,,Female,North,Ludhiana,Beauty,Lipstick,8,1652.49,0.27,High,14214.4,35%,5014,26.94,Net Banking,1,FALSE,delivered,2
ORD-02425,15/11/2022,2022,Q4,November,Tuesday,CUST81941,Aditya Iyer,36,Adult,Male,North,Chandigarh,Sports,Football,4,1627.2,0.35,Very High,3842.87,23%,894.8,32.06,EMI,4,FALSE,Delivered,1
ORD-01605,16/12/2021,2021,Q4,December,Thursday,CUST74310,Rohan Bhat,29,Young Adult,Female,West,Surat,Clothing,Dress,1,3977.51,0.3,High,1958.29,23%,447.76,61.65,UPI,1,FALSE,Delivered,9
ORD-03886,08/09/2024,2024,Q3,September,Sunday,CUST37843,Rahul Iyer,22,Young Adult,Other,West,Mumbai,Books,Cook Book,10,742.8,0.27,High,7769.9,29%,2273.34,49.53,Cash on Delivery,5,FALSE,Delivered,2
ORD-00508,13/08/2020,2020,Q3,August,Thursday,CUST12889,Priya Verma,21,Young Adult,Other,West,Surat,Groceries,Sugar,10,321.17,0.36,Very High,2171.58,8%,181.47,51.28,Net Banking,5,FALSE,Delivered,1
ORD-00161,03/09/2020,2020,Q3,September,Thursday,CUST18225,Deepa Chatterjee,33,Young Adult,Male,South,Hyderabad,Books,Textbook,6,997.06,0.35,Very High,3628.96,39%,1433.29,49.84,Cash on Delivery,,FALSE,Delivered,4
ORD-02799,28/04/2023,2023,Q2,April,Friday,CUST04344,Rahul Bose,35,Young Adult,Female,South,Hyderabad,Groceries,Flour,10,310.75,0.28,High,2966.57,7%,220.38,68.83,EMI,3,FALSE,Delivered,7
ORD-03209,19/10/2023,2023,Q4,October,Thursday,CUST57413,Karan Patel,23,Young Adult,Female,Central,Indore,Sports,Cycle,3,13795.34,0.33,Very High,30187.27,25%,7482.85,39.48,Credit Card,5,FALSE,Delivered,9
ORD-02760,04/10/2023,2023,Q4,October,Wednesday,CUST27593,Nikhil Shah,49,Adult,Male,West,Pune,Sports,Cycle,3,11672.79,0.26,High,39508.65,27%,10514.43,77.35,EMI,2,FALSE,Shipped,2
ORD-01910,24/04/2022,2022,Q2,April,Sunday,CUST00866,Nisha Joshi,18,Young Adult,Female,Central,Raipur,Electronics,Tablet,1,23696.79,0.36,Very High,19360.65,15%,2981.96,18.02,EMI,4,FALSE,Delivered,9
ORD-03867,08/05/2024,2024,Q2,May,Wednesday,CUST39793,Shreya Mishra,48,Adult,Male,South,Kochi,Electronics,Laptop,8,50411.34,0.17,Medium,538833.63,14%,74291.94,56.86,UPI,2,FALSE,Delivered,7
ORD-00740,12/03/2020,2020,Q1,March,Thursday,CUST43436,Aarav Verma,36,Adult,Female,East,Bhubaneswar,Beauty,Face Cream,5,1245.93,0.14,Medium,3724.57,43%,1585.85,84.66,Cash on Delivery,4,FALSE,Delivered,4
ORD-03403,13/01/2024,2024,Q1,January,Saturday,CUST49423,Ananya Rao,43,Adult,Male,North,Ludhiana,Furniture,Bed Frame,4,10877.51,0.4,Very High,25389.56,22%,5507.59,72.07,Net Banking,5,FALSE,Delivered,9
ORD-03091,29/08/2023,2023,Q3,August,Tuesday,CUST39206,Amit Mehta,32,Young Adult,Other,South,Kochi,Furniture,Desk,6,11929.15,0.13,Medium,90019.76,17%,15285.49,66.85,Net Banking,5,FALSE,Cancelled,4
ORD-02040,17/06/2022,2022,Q2,June,Friday,CUST10264,Ritu Bose,21,Young Adult,Other,North,Ludhiana,Beauty,Hair Oil,9,217.37,0.23,High,2271.02,42%,949.07,51.63,EMI,2,TRUE,Returned,8
ORD-03367,29/12/2023,2023,Q4,December,Friday,CUST44669,Sunita Mishra,33,Young Adult,Other,Central,Bhopal,Electronics,Smartphone,4,76576.24,0.36,Very High,154095.36,13%,19680.31,60.02,Net Banking,5,FALSE,Delivered,2
ORD-00724,27/11/2020,2020,Q4,November,Friday,CUST48812,Arjun Reddy,25,Young Adult,Other,North,Delhi,Sports,Yoga Mat,1,8581.84,0.17,Medium,4599.35,20%,941.93,62.41,UPI,3,FALSE,Delivered,6
ORD-00841,20/01/2021,2021,Q1,January,Wednesday,CUST59671,Vikram Bhat,28,Young Adult,Female,East,Bhubaneswar,Groceries,Rice (5kg),4,246.81,0.32,Very High,564.98,7%,41.55,95.51,Cash on Delivery,2,FALSE,Cancelled,6
ORD-02154,08/03/2022,2022,Q1,March,Tuesday,CUST23836,Karan Rao,3,Child & Teen,Female,West,Surat,Clothing,Saree,8,1988.03,0.22,High,14005.89,29%,4000.64,66.85,Cash on Delivery,,FALSE,Delivered,5
ORD-02230,30/08/2022,2022,Q3,August,Tuesday,CUST49677,Vikram Rao,36,Adult,Other,East,Kolkata,Sports,Dumbbells,5,13503.49,0.07,Low,73166.71,14%,10338.38,81.11,Debit Card,3,FALSE,Delivered,9
ORD-00031,01/12/2020,2020,Q4,December,Tuesday,CUST59076,Nisha Shah,,,Male,West,Mumbai,Furniture,Bed Frame,9,5472.53,0.02,Low,34892.59,31%,10855.26,69.37,Net Banking,2,FALSE,Delivered,3
ORD-02694,14/03/2023,2023,Q1,March,Tuesday,CUST76215,Ananya Reddy,49,Adult,Female,North,Chandigarh,Clothing,T-Shirt,9,3251.19,0.13,Medium,25267.42,32%,8081.15,70.98,Debit Card,2,TRUE,Returned,9
ORD-03260,11/09/2023,2023,Q3,September,Monday,CUST04203,Ananya Patel,41,Adult,Female,Central,Bhopal,Beauty,Hair Oil,4,1738.78,0.07,Low,5920.27,29%,1693.39,61.38,Net Banking,1,TRUE,Returned,2
ORD-00624,10/06/2020,2020,Q2,June,Wednesday,CUST07175,Kavya Joshi,44,Adult,Male,East,Kolkata,Electronics,Smartwatch,8,67654.44,0.02,Low,436216.85,13%,54905.07,62.12,EMI,2,FALSE,Pending,6
ORD-02814,05/04/2023,2023,Q2,April,Wednesday,CUST78368,Nisha Iyer,31,Young Adult,Male,East,Bhubaneswar,Clothing,Jeans,3,3314.75,0.06,Low,15452.12,23%,3519.97,85.4,Debit Card,2,FALSE,Delivered,8
ORD-02201,17/08/2022,2022,Q3,August,Wednesday,CUST38678,Karan Reddy,25,Young Adult,Male,West,Surat,Electronics,Headphones,4,67647.58,0.07,Low,353527.87,10%,36275.65,52.43,EMI,2,FALSE,Delivered,8
ORD-00209,04/01/2020,2020,Q1,January,Saturday,CUST38184,Amit Bhat,43,Adult,Other,North,Chandigarh,Books,Fiction Novel,2,630.66,0.15,Medium,1278.54,32%,414.77,75.82,Cash on Delivery,,FALSE,delivered,6
ORD-02795,26/04/2023,2023,Q2,April,Wednesday,CUST45978,Nikhil Iyer,26,Young Adult,Male,West,Mumbai,Beauty,Shampoo,8,566.96,0.36,Very High,4268.95,48%,2029.92,60.59,Debit Card,3,FALSE,Delivered,5
ORD-00552,09/02/2020,2020,Q1,February,Sunday,CUST21371,Pooja Rao,,,Male,West,Mumbai,Beauty,Face Cream,2,2054.29,0.27,High,2751.04,42%,1143.86,51.63,Credit Card,2,FALSE,Cancelled,10
ORD-02373,23/10/2022,2022,Q4,October,Sunday,CUST88880,Nisha Shah,8,Child & Teen,Male,West,Surat,Electronics,Smartphone,6,79286.42,0.37,Very High,281133.54,12%,33087.68,61.66,Debit Card,,FALSE,Delivered,8
ORD-01147,30/05/2021,2021,Q2,May,Sunday,CUST78239,Pooja Chatterjee,36,Adult,Other,South,Hyderabad,Clothing,Jeans,6,3055.06,,,23548.92,38%,8925.17,69.22,EMI,,FALSE,Delivered,4
ORD-03780,07/03/2024,2024,Q1,March,Thursday,CUST38828,Shreya Bose,45,Adult,Male,Central,Raipur,Groceries,Tea,9,276.93,0.27,High,3183.79,9%,275.46,47.94,UPI,,FALSE,Delivered,6
ORD-00097,02/07/2020,2020,Q3,July,Thursday,CUST92061,Aditya Kumar,27,Young Adult,Other,South,Kochi,Beauty,Hair Oil,1,918.65,0.09,Low,643.64,52%,333.85,73.92,Credit Card,3,FALSE,Shipped,10
ORD-03102,09/03/2023,2023,Q1,March,Thursday,CUST37184,Karan Verma,25,Young Adult,Male,Central,Raipur,Furniture,Bed Frame,1,11522.93,0.02,Low,10840.71,29%,3173.42,65.43,UPI,5,FALSE,Delivered,5
ORD-03648,05/04/2024,2024,Q2,April,Friday,CUST67942,Rohan Bhat,28,Young Adult,Male,West,Ahmedabad,Electronics,Tablet,2,32171.04,0.1,Low,95994.28,10%,9495.02,70.88,Debit Card,3,TRUE,Returned,7
ORD-02349,13/10/2022,2022,Q4,October,Thursday,CUST17978,Meera Verma,55,Adult,Other,Central,Nagpur,Electronics,Laptop,7,16843.15,0.36,Very High,63975.84,13%,8190.65,81.28,Cash on Delivery,3,FALSE,Delivered,3
ORD-02944,30/06/2023,2023,Q2,June,Friday,CUST91370,Rahul Bhat,41,Adult,Other,North,Amritsar,Sports,Dumbbells,7,4046,0.11,Medium,44053.34,21%,9372.63,42.33,Debit Card,2,FALSE,Delivered,6
ORD-03085,25/08/2023,2023,Q3,August,Friday,CUST66243,Karan Shah,31,Young Adult,Other,North,Ludhiana,Books,Fiction Novel,10,260.93,0.13,Medium,3566.39,40%,1435.04,28.36,Cash on Delivery,3,FALSE,Delivered,1
ORD-03781,07/03/2024,2024,Q1,March,Thursday,CUST02825,Nikhil Joshi,31,Young Adult,Male,South,Kochi,Sports,Tennis Racket,5,4630.14,0.29,High,28327.7,14%,3969.38,82.73,Debit Card,,FALSE,Delivered,5
ORD-00116,02/12/2020,2020,Q4,December,Wednesday,CUST51634,Sunita Bose,52,Adult,Male,East,Patna,Sports,Tennis Racket,4,5949.42,0.34,Very High,11315.53,24%,2670.63,82.54,EMI,5,FALSE,Delivered,4
ORD-02593,02/01/2023,2023,Q1,January,Monday,CUST54751,Vikram Sharma,4,Child & Teen,Male,Central,Raipur,Beauty,Shampoo,3,2052.63,0.2,Medium,5621.99,42%,2360.34,38.92,Cash on Delivery,5,FALSE,Delivered,8
ORD-01196,23/06/2021,2021,Q2,June,Wednesday,CUST09212,Ritu Mishra,4,Child & Teen,Other,East,Guwahati,Electronics,Headphones,1,40389.09,,,51680.51,10%,5290.6,91.67,Cash on Delivery,5,FALSE,Pending,10
ORD-03379,31/12/2023,2023,Q4,December,Sunday,CUST97050,Nisha Iyer,47,Adult,Female,South,Kochi,Sports,Yoga Mat,3,2123.23,0.11,Medium,4790.25,24%,1126.66,78.63,Net Banking,1,FALSE,delivered,10
ORD-01829,22/03/2022,2022,Q1,March,Tuesday,CUST59422,Vikram Das,44,Adult,Other,Central,Raipur,Beauty,Face Cream,1,2044.93,0.23,High,1828.13,31%,565,44.76,UPI,2,TRUE,Returned,2
ORD-03844,29/07/2024,2024,Q3,July,Monday,CUST42003,Kavya Shah,29,Young Adult,Female,East,Kolkata,Beauty,Lipstick,3,1864.31,,,9882.2,42%,4184.16,66.81,Debit Card,2,FALSE,Cancelled,5
ORD-00374,06/08/2020,2020,Q3,August,Thursday,CUST62120,Pooja Pillai,21,Young Adult,Male,East,Guwahati,Clothing,Jacket,9,3409.51,0.33,Very High,26237.94,48%,12568.82,97.18,UPI,,FALSE,Cancelled,3
ORD-03261,11/09/2023,2023,Q3,September,Monday,CUST80345,Pooja Verma,32,Young Adult,Male,South,Kochi,Electronics,Laptop,4,71997.6,0.08,Low,238162.29,11%,25389.57,76.9,Cash on Delivery,2,FALSE,Delivered,3
ORD-03347,18/12/2023,2023,Q4,December,Monday,CUST96482,Pooja Chatterjee,36,Adult,Other,East,Kolkata,Electronics,Headphones,,21214.09,0.05,Low,18096.43,11%,1927.45,99.77,Debit Card,2,FALSE,Cancelled,2
ORD-02239,09/03/2022,2022,Q1,March,Wednesday,CUST33232,Ritu Kumar,57,Senior,Other,West,Pune,Clothing,T-Shirt,3,3199.67,0.02,Low,9330.68,40%,3697.29,67.55,UPI,5,FALSE,Delivered,9
ORD-00922,22/02/2021,2021,Q1,February,Monday,CUST58356,Ananya Sharma,38,Adult,Other,West,Ahmedabad,Books,Textbook,4,386.28,0.3,High,1032.77,50%,513.15,50.89,EMI,5,FALSE,Delivered,5
ORD-00807,01/04/2021,2021,Q2,April,Thursday,CUST38805,Nikhil Joshi,26,Young Adult,Female,West,Pune,Furniture,Desk,2,7006.2,0.24,High,8461.81,25%,2133.62,67.35,UPI,2,FALSE,Delivered,7
ORD-00434,07/09/2020,2020,Q3,September,Monday,CUST66878,Shreya Rao,28,Young Adult,Other,East,Kolkata,Books,Self-Help Book,2,472.49,0.2,Medium,1015.04,47%,475.52,89.97,Credit Card,2,FALSE,Delivered,1
ORD-03887,08/10/2024,2024,Q4,October,Tuesday,CUST50038,Kavya Reddy,32,Young Adult,Male,East,Patna,Beauty,Face Cream,6,1237.08,0.08,Low,10495.02,49%,5178.08,78.37,EMI,3,FALSE,Delivered,10
ORD-03107,09/04/2023,2023,Q2,April,Sunday,CUST95163,Priya Pillai,28,Young Adult,Male,West,Mumbai,Furniture,Chair,,18140.26,0.03,Low,21348.67,31%,6686.71,61.79,UPI,4,FALSE,Shipped,10
ORD-03010,27/07/2023,2023,Q3,July,Thursday,CUST41279,Amit Sharma,43,Adult,Other,South,Bangalore,Electronics,Smartwatch,4,14557.67,0.17,Medium,78608.45,12%,9451.45,67.92,Debit Card,2,FALSE,Shipped,5
ORD-01239,13/07/2021,2021,Q3,July,Tuesday,CUST27651,Amit Chatterjee,36,Adult,Female,West,Pune,Groceries,Rice (5kg),4,88.17,0.18,Medium,435.55,8%,36.13,74.3,Cash on Delivery,1,TRUE,Returned,7
ORD-01115,17/05/2021,2021,Q2,May,Monday,CUST88128,Nikhil Patel,4,Child & Teen,Other,North,Ludhiana,Sports,Cycle,4,8417.94,0.17,Medium,35739.9,22%,7946.19,44.41,Cash on Delivery,,TRUE,Returned,3
ORD-00015,01/05/2020,2020,Q2,May,Friday,CUST32301,Arjun Bhat,41,Adult,Male,South,Kochi,Groceries,Tea,6,375.14,0.19,Medium,1288.33,7%,89.5,54.85,Debit Card,1,FALSE,delivered,9
ORD-03772,30/06/2024,2024,Q2,June,Sunday,CUST20093,Arjun Pillai,38,Adult,Female,East,Kolkata,Clothing,Jeans,1,940.26,0.15,Medium,1246.04,43%,538.04,74.32,Debit Card,5,FALSE,Delivered,4
ORD-03934,25/08/2024,2024,Q3,August,Sunday,CUST52420,Pooja Patel,37,Adult,Male,Central,Nagpur,Books,Textbook,4,504.03,0.09,Low,2819.84,38%,1074.69,58.2,EMI,5,FALSE,Delivered,1
ORD-03468,13/02/2024,2024,Q1,February,Tuesday,CUST47776,Arjun Das,38,Adult,Female,South,Kochi,Groceries,Cooking Oil,9,121.9,0.27,High,818.88,11%,88.91,66.37,Debit Card,5,FALSE,Delivered,9
ORD-00677,11/02/2020,2020,Q1,February,Tuesday,CUST61386,Karan Verma,4,Child & Teen,Male,North,Amritsar,Electronics,Headphones,10,28972.39,0.33,Very High,130564.4,10%,13703.51,50.2,EMI,3,FALSE,Delivered,8
ORD-00503,08/11/2020,2020,Q4,November,Sunday,CUST41086,Ananya Kumar,38,Adult,Male,South,Hyderabad,Sports,Football,10,12293.17,0.28,High,106448.38,21%,22757.35,56.34,EMI,4,FALSE,delivered,6
ORD-02456,30/11/2022,2022,Q4,November,Wednesday,CUST02238,Shreya Kapoor,21,Young Adult,Male,Central,Nagpur,Electronics,Smartphone,10,46339.99,0.36,Very High,266029.05,14%,36961.78,81.54,Cash on Delivery,,FALSE,Delivered,9
ORD-00263,25/04/2020,2020,Q2,April,Saturday,CUST31785,Karan Rao,18,Young Adult,Female,Central,Bhopal,Electronics,Laptop,,77507.61,0.11,Medium,80565.98,12%,9703.67,60.01,Debit Card,1,FALSE,Delivered,5
ORD-01657,01/08/2022,2022,Q3,August,Monday,CUST72051,Sunita Bhat,32,Young Adult,Male,West,Mumbai,Beauty,Sunscreen,2,332.8,0.24,High,429.47,55%,235.77,47.12,Net Banking,1,FALSE,Delivered,2
ORD-03364,28/12/2023,2023,Q4,December,Thursday,CUST81812,Pooja Chatterjee,2,Child & Teen,Female,North,Chandigarh,Clothing,T-Shirt,3,2696.4,0.19,Medium,5511.95,34%,1848.17,57.33,Credit Card,5,FALSE,delivered,10
ORD-03526,03/11/2024,2024,Q4,November,Sunday,CUST01333,Meera Kumar,14,Child & Teen,Female,South,Hyderabad,Sports,Football,8,14238.38,0.39,Very High,99575.7,21%,21335.83,73.75,UPI,,TRUE,Returned,3
ORD-03758,24/06/2024,2024,Q2,June,Monday,CUST81275,Pooja Pillai,2,Child & Teen,Female,West,Surat,Electronics,Headphones,4,59208.95,0.03,Low,400648.58,14%,57546.61,86.75,Net Banking,,FALSE,Delivered,8
ORD-01705,30/01/2022,2022,Q1,January,Sunday,CUST77601,Rohan Mishra,54,Adult,Other,West,Mumbai,Furniture,Wardrobe,5,15638.22,0.12,Medium,53952.69,25%,13304.82,71.64,Credit Card,1,FALSE,Delivered,4
ORD-00050,19/01/2020,2020,Q1,January,Sunday,CUST20234,Rahul Patel,3,Child & Teen,Other,South,Hyderabad,Clothing,Jacket,9,1560.64,0.03,Low,9605.16,28%,2702.45,71.03,Cash on Delivery,5,FALSE,Delivered,4
ORD-03151,27/09/2023,2023,Q3,September,Wednesday,CUST28094,Meera Shah,39,Adult,Male,East,Patna,Sports,Dumbbells,5,3167.34,0.17,Medium,17024.05,15%,2543.83,66.83,UPI,4,FALSE,Delivered,10
ORD-03880,08/09/2024,2024,Q3,September,Sunday,CUST49372,Rahul Rao,,,Male,East,Bhubaneswar,Beauty,Perfume,10,323.84,0.18,Medium,3695.81,42%,1548.57,79.93,Credit Card,5,FALSE,Delivered,7
ORD-01784,03/02/2022,2022,Q1,February,Thursday,CUST21830,Shreya Joshi,17,Child & Teen,Other,South,Bangalore,Sports,Tennis Racket,5,5150.64,0.37,Very High,19963.26,19%,3851.26,75.38,UPI,4,FALSE,Pending,3
ORD-01483,27/10/2021,2021,Q4,October,Wednesday,CUST97519,Amit Singh,15,Child & Teen,Other,Central,Bhopal,Furniture,Wardrobe,8,31666.8,0.27,High,186136.9,26%,48229.69,70.27,Net Banking,3,FALSE,Delivered,5
ORD-01746,14/02/2022,2022,Q1,February,Monday,CUST09453,Arjun Gupta,3,Child & Teen,Male,North,Delhi,Clothing,Jeans,4,3616.81,0.01,Low,14243.78,26%,3640.83,40.58,Debit Card,4,FALSE,Shipped,2
ORD-02669,28/02/2023,2023,Q1,February,Tuesday,CUST70473,Nisha Gupta,,,Male,Central,Nagpur,Electronics,Tablet,8,28881.53,0.38,Very High,145274.42,10%,14990.91,36.68,Credit Card,,FALSE,Shipped,6
ORD-01671,17/01/2022,2022,Q1,January,Monday,CUST45922,Sunita Chatterjee,44,Adult,Other,Central,Bhopal,Beauty,Lipstick,9,1064.67,0.33,Very High,5679.24,58%,3280.89,74.79,Cash on Delivery,4,TRUE,Returned,10
ORD-00944,03/02/2021,2021,Q1,February,Wednesday,CUST74789,Ritu Bose,32,Young Adult,Male,North,Delhi,Groceries,Sugar,9,172.48,0.16,Medium,1373.62,8%,111.05,48.27,Debit Card,2,FALSE,Delivered,6
ORD-02251,09/08/2022,2022,Q3,August,Tuesday,CUST41014,Deepa Bhat,26,Young Adult,Other,West,Surat,Furniture,Bed Frame,2,21391.95,0.09,Low,42758.89,20%,8615.36,88.4,Debit Card,2,TRUE,Returned,3
ORD-00466,24/07/2020,2020,Q3,July,Friday,CUST73065,Priya Das,35,Young Adult,Female,Central,Nagpur,Clothing,T-Shirt,1,2855.2,0.19,Medium,3015.82,52%,1580.35,65.12,Cash on Delivery,1,FALSE,Delivered,1
ORD-01518,15/11/2021,2021,Q4,November,Monday,CUST66356,Rahul Sharma,45,Adult,Male,West,Surat,Clothing,Jacket,2,1623.15,0.33,Very High,1938.25,38%,726.9,45.5,Credit Card,3,FALSE,Pending,2
ORD-01384,17/09/2021,2021,Q3,September,Friday,CUST19005,Sanjay Bose,38,Adult,Other,East,Bhubaneswar,Clothing,T-Shirt,1,581.13,0.01,Low,664.52,36%,237.69,85.55,Cash on Delivery,2,FALSE,Delivered,4
ORD-00383,06/12/2020,2020,Q4,December,Sunday,CUST78014,Vikram Joshi,39,Adult,Male,Central,Raipur,Clothing,T-Shirt,8,2755.32,0.2,Medium,24539.81,28%,6803.51,48.26,UPI,1,FALSE,Delivered,4
ORD-01525,17/11/2021,2021,Q4,November,Wednesday,CUST73027,Sanjay Kapoor,28,Young Adult,Other,East,Guwahati,Groceries,Dal (1kg),4,421.33,0.14,Medium,1026.65,9%,97.18,82,Credit Card,1,FALSE,Delivered,10
ORD-02930,21/06/2023,2023,Q2,June,Wednesday,CUST27302,Karan Verma,29,Young Adult,Male,West,Ahmedabad,Beauty,Shampoo,10,325.56,0.29,High,3569.04,51%,1816.65,46.14,Credit Card,1,FALSE,Cancelled,3
ORD-01440,10/11/2021,2021,Q4,November,Wednesday,CUST84528,Vikram Kapoor,36,Adult,Other,North,Amritsar,Books,Textbook,10,1279.2,0.17,Medium,10694.49,43%,4612.59,38.62,EMI,1,FALSE,Shipped,6
ORD-03307,12/01/2023,2023,Q1,January,Thursday,CUST74033,Vikram Mehta,46,Adult,Male,North,Amritsar,Beauty,Shampoo,1,2427.7,0.11,Medium,1734.31,35%,605.52,48.85,Credit Card,2,FALSE,Delivered,1
ORD-01634,29/12/2021,2021,Q4,December,Wednesday,CUST19177,Sanjay Mehta,55,Adult,Other,North,Chandigarh,Clothing,Jacket,6,2259.04,0.36,Very High,6753.1,41%,2777.61,41.85,Net Banking,2,FALSE,Delivered,6
ORD-00772,15/12/2020,2020,Q4,December,Tuesday,CUST40808,Shreya Singh,5,Child & Teen,Female,North,Chandigarh,Furniture,Sofa,1,21726.1,0.28,High,9976.28,28%,2817.21,57.05,Credit Card,4,FALSE,Cancelled,7
ORD-03958,09/04/2024,2024,Q2,April,Tuesday,CUST05507,Kavya Das,41,Adult,Other,Central,Bhopal,Sports,Dumbbells,9,796.29,0.21,High,7659.05,25%,1887.36,52.86,UPI,2,FALSE,Delivered,2
ORD-01896,17/04/2022,2022,Q2,April,Sunday,CUST56422,Kavya Shah,23,Young Adult,Female,East,Kolkata,Sports,Cricket Bat,1,8106.93,0.27,High,7375.32,14%,1061.19,82.98,Credit Card,3,FALSE,Delivered,4
ORD-02041,18/06/2022,2022,Q2,June,Saturday,CUST04308,Sanjay Singh,29,Young Adult,Male,East,Kolkata,Electronics,Smartwatch,8,15107.58,0.15,Medium,173570.72,13%,21830.12,77.28,Cash on Delivery,4,FALSE,Delivered,10
ORD-00078,29/01/2020,2020,Q1,January,Wednesday,CUST03970,Arjun Kumar,21,Young Adult,Other,South,Bangalore,Furniture,Chair,7,4470.73,0.09,Low,22350.68,38%,8417.62,45.52,Cash on Delivery,4,FALSE,Delivered,6
ORD-00758,12/10/2020,2020,Q4,October,Monday,CUST74570,Vikram Patel,37,Adult,Other,Central,Nagpur,Books,Textbook,6,593.85,0.02,Low,2492.55,41%,1018.25,30.08,Net Banking,,FALSE,Delivered,1
ORD-00305,05/12/2020,2020,Q4,December,Saturday,CUST10300,Vikram Joshi,35,Young Adult,Other,East,Bhubaneswar,Sports,Yoga Mat,5,6852.57,0.19,Medium,30208.26,27%,8215.56,100.86,EMI,5,FALSE,Delivered,10
ORD-03198,15/10/2023,2023,Q4,October,Sunday,CUST60856,Shreya Bhat,5,Child & Teen,Female,South,Bangalore,Clothing,Dress,,2135.46,0.21,High,1723.9,21%,368.18,84,UPI,4,FALSE,Delivered,5
ORD-01684,21/01/2022,2022,Q1,January,Friday,CUST67104,Aarav Sharma,36,Adult,Other,North,Delhi,Sports,Cricket Bat,1,14530.7,0.16,Medium,10169.91,23%,2350.09,60.97,UPI,3,TRUE,Returned,8
ORD-02637,16/02/2023,2023,Q1,February,Thursday,CUST01385,Nikhil Sharma,35,Young Adult,Male,South,Bangalore,Books,Textbook,6,893.91,0.15,Medium,5253.1,37%,1937.64,87.48,Debit Card,4,FALSE,Shipped,4
ORD-00013,01/04/2020,2020,Q2,April,Wednesday,CUST86980,Rahul Sharma,31,Young Adult,Male,East,Bhubaneswar,Groceries,Rice (5kg),5,380.73,0.38,Very High,891.35,7%,63.05,69.35,UPI,5,FALSE,Shipped,4
ORD-04159,12/11/2024,2024,Q4,November,Tuesday,CUST56892,Karan Gupta,19,Young Adult,Male,South,Bangalore,Electronics,Camera,10,19562.84,0.24,High,159763.82,14%,22214.02,80.65,EMI,5,FALSE,Shipped,10
ORD-03080,22/08/2023,2023,Q3,August,Tuesday,CUST34629,Aarav Singh,37,Adult,Other,Central,Nagpur,Groceries,Flour,9,460.52,0.37,Very High,3659.71,9%,327.34,48.79,EMI,5,FALSE,Pending,7
ORD-02720,26/03/2023,2023,Q1,March,Sunday,CUST36373,Aarav Kapoor,52,Adult,Other,South,Kochi,Groceries,Cooking Oil,7,448.17,0.11,Medium,3507.4,6%,212.91,34.25,EMI,5,FALSE,Delivered,2
ORD-03318,12/06/2023,2023,Q2,June,Monday,CUST94948,Rohan Kapoor,4,Child & Teen,Other,Central,Indore,Books,Fiction Novel,9,276.41,0.11,Medium,1896.15,45%,853.77,46.35,UPI,2,FALSE,Delivered,
ORD-02315,10/03/2022,2022,Q1,March,Thursday,CUST44222,Nikhil Pillai,37,Adult,Other,North,Ludhiana,Groceries,Rice (5kg),4,385.4,0.06,Low,1455,6%,86.48,49.02,Cash on Delivery,5,FALSE,Delivered,9
ORD-00568,09/10/2020,2020,Q4,October,Friday,CUST35377,Amit Reddy,49,Adult,Female,West,Ahmedabad,Furniture,Bed Frame,9,31653.11,0.37,Very High,185665.67,34%,62381.83,74.88,Debit Card,3,FALSE,Delivered,2
ORD-00896,02/07/2021,2021,Q3,July,Friday,CUST89978,Ananya Gupta,45,Adult,Female,East,Kolkata,Electronics,Smartphone,3,72774.78,0.13,Medium,179559.91,9%,15904.32,90.91,UPI,5,FALSE,Delivered,6
ORD-00003,01/01/2020,2020,Q1,January,Wednesday,CUST37770,Aditya Singh,11,Child & Teen,Female,West,Mumbai,Beauty,Face Cream,9,245.9,0.24,High,1205.28,47%,560.95,45.22,Net Banking,1,TRUE,Returned,
ORD-02261,09/11/2022,2022,Q4,November,Wednesday,CUST28968,Ananya Mehta,25,Young Adult,Male,West,Ahmedabad,Electronics,Camera,5,48089.2,0.19,Medium,248755.47,7%,16926,96.45,Debit Card,4,FALSE,Delivered,9
ORD-04151,12/07/2024,2024,Q3,July,Friday,CUST43686,Nikhil Singh,23,Young Adult,Other,North,Delhi,Groceries,Rice (5kg),4,471.4,0.3,High,1216.57,6%,70.68,52.55,EMI,4,FALSE,Delivered,9
ORD-01430,10/07/2021,2021,Q3,July,Saturday,CUST37845,Nisha Sharma,25,Young Adult,Other,East,Patna,Books,Fiction Novel,2,986.99,0.37,Very High,1052.33,39%,405.51,79.62,Debit Card,2,TRUE,Returned,4
ORD-02884,06/03/2023,2023,Q1,March,Monday,CUST30359,Nisha Patel,33,Young Adult,Female,West,Pune,Books,Textbook,1,1090.31,0.26,High,1249.54,49%,613.99,61.28,Net Banking,3,FALSE,Delivered,9
ORD-00529,22/08/2020,2020,Q3,August,Saturday,CUST06871,Arjun Sharma,27,Young Adult,Female,South,Chennai,Sports,Football,7,9110.75,0.25,High,47812.7,21%,10019.9,90.53,Credit Card,2,FALSE,Delivered,7
ORD-01422,10/02/2021,2021,Q1,February,Wednesday,CUST97273,Aarav Gupta,37,Adult,Other,North,Amritsar,Sports,Cricket Bat,10,12010.26,0.36,Very High,68019.81,19%,13038.75,77.19,UPI,1,FALSE,Delivered,10
ORD-00894,02/05/2021,2021,Q2,May,Sunday,CUST78346,Aarav Gupta,47,Adult,Male,East,Patna,Books,Self-Help Book,10,1043.44,0.34,Very High,5862.96,37%,2186.2,79.99,Debit Card,2,FALSE,Delivered,6
ORD-01172,06/09/2021,2021,Q3,September,Monday,CUST46531,Karan Das,33,Young Adult,Female,South,Kochi,Furniture,Bookshelf,3,33795.77,0.35,Very High,90617.58,36%,32809.37,71.57,UPI,5,FALSE,Delivered,9
ORD-03633,28/04/2024,2024,Q2,April,Sunday,CUST94304,Amit Reddy,35,Young Adult,Other,Central,Raipur,Books,Self-Help Book,9,499.65,0.02,Low,7343.37,34%,2521.34,39.04,Credit Card,2,FALSE,Delivered,2
ORD-00144,27/02/2020,2020,Q1,February,Thursday,CUST57714,Shreya Kumar,37,Adult,Female,South,Chennai,Furniture,Chair,5,32167.65,,,138458.15,29%,39811.27,58.32,Cash on Delivery,5,FALSE,Delivered,6
ORD-02970,07/09/2023,2023,Q3,September,Thursday,CUST03472,Meera Patel,35,Young Adult,Female,South,Bangalore,Books,Self-Help Book,7,900.55,0.37,Very High,6552.28,23%,1538.11,67.3,Net Banking,5,FALSE,Delivered,3
ORD-01114,17/05/2021,2021,Q2,May,Monday,CUST93051,Meera Bhat,34,Young Adult,Female,North,Delhi,Electronics,Camera,7,46170.24,0.37,Very High,258421.55,13%,33391.1,40.35,Net Banking,5,FALSE,Delivered,2
ORD-01499,11/03/2021,2021,Q1,March,Thursday,CUST56836,Meera Singh,14,Child & Teen,Male,Central,Bhopal,Beauty,Sunscreen,4,2378.57,0.06,Low,9023.4,45%,4079.28,68.11,EMI,4,FALSE,Delivered,7
ORD-03800,07/10/2024,2024,Q4,October,Monday,CUST91283,Ananya Verma,27,Young Adult,Female,South,Hyderabad,Sports,Yoga Mat,10,9793.3,0.26,High,101289.99,21%,21064.94,62.81,Cash on Delivery,2,FALSE,Delivered,9
ORD-02646,17/02/2023,2023,Q1,February,Friday,CUST26372,Pooja Pillai,25,Young Adult,Male,East,Kolkata,Books,Cook Book,8,935.46,0.12,Medium,6567.18,47%,3099.56,73.18,Cash on Delivery,,FALSE,cancelled,8
ORD-02453,29/11/2022,2022,Q4,November,Tuesday,CUST60217,Vikram Gupta,5,Child & Teen,Male,East,Patna,Furniture,Chair,9,23692.77,0.01,Low,189801.32,29%,55495.95,85.76,Cash on Delivery,,FALSE,Delivered,3
ORD-03331,12/12/2023,2023,Q4,December,Tuesday,CUST97882,Aarav Singh,12,Child & Teen,Other,West,Mumbai,Electronics,Smartwatch,5,67132.79,0.13,Medium,259751.74,12%,31688.42,67.6,Cash on Delivery,5,FALSE,Delivered,3
ORD-03250,11/04/2023,2023,Q2,April,Tuesday,CUST90626,Aarav Joshi,42,Adult,Female,North,Ludhiana,Electronics,Laptop,10,33487.31,0.11,Medium,270538.05,13%,34449.13,64.65,EMI,,FALSE,Delivered,9
ORD-01808,03/11/2022,2022,Q4,November,Thursday,CUST91944,Priya Kumar,,,Other,North,Delhi,Electronics,Laptop,7,51313.1,0.04,Low,374026.43,13%,48251.12,70.93,Credit Card,5,FALSE,Delivered,1
ORD-03557,26/03/2024,2024,Q1,March,Tuesday,CUST80826,Pooja Chatterjee,48,Adult,Female,Central,Nagpur,Sports,Dumbbells,4,1266.64,0.09,Low,6923.51,11%,754.21,67.58,Net Banking,3,FALSE,Delivered,3
ORD-01952,13/05/2022,2022,Q2,May,Friday,CUST78875,Nikhil Mishra,44,Adult,Male,East,Patna,Groceries,Cooking Oil,3,284.88,0.26,High,817.39,6%,50.93,105.48,UPI,3,TRUE,Returned,10
ORD-03988,15/09/2024,2024,Q3,September,Sunday,CUST06985,Kavya Joshi,39,Adult,Male,South,Bangalore,Sports,Dumbbells,2,10400.51,0.39,Very High,16571.32,24%,3945.31,79.88,EMI,2,FALSE,Delivered,5
ORD-00777,18/12/2020,2020,Q4,December,Friday,CUST52222,Arjun Sharma,38,Adult,Female,North,Chandigarh,Sports,Yoga Mat,3,3464.74,0.22,High,5170.48,15%,757.08,50.42,Net Banking,3,FALSE,Delivered,7
ORD-02091,07/09/2022,2022,Q3,September,Wednesday,CUST74431,Nikhil Chatterjee,44,Adult,Female,South,Kochi,Electronics,Smartwatch,4,6126.05,0.17,Medium,32461.48,10%,3172.94,65.78,EMI,4,FALSE,Delivered,10
ORD-01534,19/11/2021,2021,Q4,November,Friday,CUST28621,Amit Kumar,44,Adult,Male,North,Amritsar,Electronics,Laptop,7,37336.98,0.14,Medium,165469.13,14%,22951.1,40.45,EMI,2,FALSE,Delivered,2
ORD-01857,04/01/2022,2022,Q1,January,Tuesday,CUST08818,Rahul Shah,35,Young Adult,Other,Central,Indore,Groceries,Sugar,3,303.99,0.4,Very High,728.29,6%,43.2,35.74,Debit Card,,FALSE,Delivered,
ORD-01342,26/08/2021,2021,Q3,August,Thursday,CUST97259,Aarav Chatterjee,18,Young Adult,Other,North,Ludhiana,Groceries,Cooking Oil,7,438.39,0.11,Medium,3296.41,7%,234.24,28.61,Credit Card,4,FALSE,Shipped,3
ORD-00718,24/11/2020,2020,Q4,November,Tuesday,CUST87168,Pooja Bhat,32,Young Adult,Female,West,Ahmedabad,Groceries,Rice (5kg),6,79.33,0.21,High,270.5,9%,23.07,33.12,Net Banking,1,FALSE,Delivered,2
ORD-00732,12/01/2020,2020,Q1,January,Sunday,CUST50773,Pooja Nair,38,Adult,Other,North,Ludhiana,Furniture,Bed Frame,10,19507.14,0.23,High,102410.73,29%,29631.5,47.48,Debit Card,2,TRUE,Returned,2
ORD-01041,17/04/2021,2021,Q2,April,Saturday,CUST54549,Shreya Bose,26,Young Adult,Other,South,Hyderabad,Groceries,Rice (5kg),7,481.39,0.2,Medium,3271.29,11%,361.25,82.25,Net Banking,1,FALSE,Delivered,7
ORD-03263,11/10/2023,2023,Q4,October,Wednesday,CUST94911,Rohan Gupta,23,Young Adult,Other,North,Chandigarh,Furniture,Wardrobe,7,31424.24,0.31,Very High,128843.9,36%,46085.23,53.66,Debit Card,5,FALSE,delivered,8
ORD-01119,19/05/2021,2021,Q2,May,Wednesday,CUST96816,Nisha Mehta,3,Child & Teen,Male,Central,Bhopal,Furniture,Wardrobe,4,3717.76,0.18,Medium,16660.91,27%,4463.9,8.31,EMI,2,FALSE,Cancelled,9
ORD-01552,28/11/2021,2021,Q4,November,Sunday,CUST17708,Sunita Iyer,26,Young Adult,Female,East,Patna,Books,Textbook,6,730.36,0.27,High,2369.15,44%,1034.91,94.11,Cash on Delivery,3,FALSE,Delivered,8
ORD-00087,02/04/2020,2020,Q2,April,Thursday,CUST92405,Aditya Nair,19,Young Adult,Female,South,Hyderabad,Furniture,Desk,9,31457.07,0.1,Low,190620.36,27%,52175.19,103.27,Cash on Delivery,3,FALSE,Delivered,6
ORD-01058,24/04/2021,2021,Q2,April,Saturday,CUST42637,Priya Kumar,21,Young Adult,Female,Central,Nagpur,Clothing,Kurta,9,905.46,0.26,High,6527.94,46%,2985.32,40.75,Net Banking,3,TRUE,Returned,2
ORD-00820,01/10/2021,2021,Q4,October,Friday,CUST00304,Vikram Gupta,36,Adult,Male,West,Mumbai,Clothing,T-Shirt,1,3433.94,0.3,High,1813.71,34%,609.25,67.74,EMI,,FALSE,Delivered,1
ORD-03578,04/04/2024,2024,Q2,April,Thursday,CUST61770,Aditya Iyer,17,Child & Teen,Other,East,Guwahati,Furniture,Bed Frame,,7466.4,0.13,Medium,9242.24,27%,2505.04,73.71,Cash on Delivery,2,TRUE,Returned,10
ORD-01248,16/07/2021,2021,Q3,July,Friday,CUST02073,Karan Nair,28,Young Adult,Other,West,Surat,Clothing,Dress,3,1871.08,0.03,Low,7720.71,35%,2716.63,65.48,Cash on Delivery,1,FALSE,delivered,7
ORD-00659,22/10/2020,2020,Q4,October,Thursday,CUST20907,Nikhil Nair,21,Young Adult,Male,East,Kolkata,Electronics,Smartphone,7,53035.2,0.26,High,212011.56,12%,26192.61,82.3,UPI,1,TRUE,Returned,6
ORD-00866,30/01/2021,2021,Q1,January,Saturday,CUST71222,Pooja Das,59,Senior,Male,Central,Bhopal,Electronics,Tablet,3,69155.55,0.25,High,102960.53,12%,11911.08,54.42,EMI,3,FALSE,Delivered,9
ORD-02674,03/02/2023,2023,Q1,February,Friday,CUST43411,Ritu Shah,27,Young Adult,Male,North,Delhi,Beauty,Hair Oil,2,920.67,0.24,High,1821.82,50%,918.21,61.3,Credit Card,4,FALSE,Delivered,3
ORD-01520,15/11/2021,2021,Q4,November,Monday,CUST85696,Kavya Mishra,39,Adult,Female,Central,Indore,Groceries,Rice (5kg),2,260.24,0.22,High,245.84,10%,24.47,73.44,UPI,5,FALSE,Delivered,2
ORD-00479,31/07/2020,2020,Q3,July,Friday,CUST08721,Priya Joshi,28,Young Adult,Female,West,Ahmedabad,Clothing,Jacket,8,3369.18,0.05,Low,29990.07,36%,10760.08,65.1,UPI,3,FALSE,delivered,10
ORD-03969,09/08/2024,2024,Q3,August,Friday,CUST60604,Shreya Mehta,25,Young Adult,Female,South,Bangalore,Groceries,Sugar,3,449.53,0.2,Medium,1417.4,5%,70.52,77.45,UPI,4,FALSE,Pending,10
ORD-01869,04/04/2022,2022,Q2,April,Monday,CUST89646,Rohan Shah,45,Adult,Other,East,Kolkata,Sports,Football,3,1955.47,0.16,Medium,6238.78,23%,1430,93.12,Cash on Delivery,3,FALSE,Shipped,3
ORD-03181,10/07/2023,2023,Q3,July,Monday,CUST05659,Priya Kumar,22,Young Adult,Male,North,Ludhiana,Groceries,Tea,2,216.82,0.28,High,255.27,9%,22.97,53.52,Net Banking,5,TRUE,Returned,4
ORD-00572,09/12/2020,2020,Q4,December,Wednesday,CUST64941,Amit Nair,46,Adult,Other,North,Ludhiana,Sports,Yoga Mat,2,7907.75,0.23,High,11417.09,21%,2439.26,30.79,UPI,4,FALSE,Pending,10
ORD-00095,06/02/2020,2020,Q1,February,Thursday,CUST17595,Ritu Iyer,3,Child & Teen,Male,Central,Nagpur,Beauty,Face Cream,5,1398.56,0.11,Medium,5755.36,41%,2371.83,41.33,Cash on Delivery,1,FALSE,Delivered,2
ORD-00386,13/06/2020,2020,Q2,June,Saturday,CUST61530,Rohan Nair,18,Young Adult,Female,South,Hyderabad,Groceries,Sugar,9,264.6,0.39,Very High,1805.25,6%,107.92,70.83,Debit Card,5,FALSE,Delivered,1
ORD-01321,16/08/2021,2021,Q3,August,Monday,CUST60359,Kavya Gupta,42,Adult,Female,Central,Bhopal,Books,Self-Help Book,3,886.35,0.25,High,2878.52,42%,1205.89,51.22,EMI,1,FALSE,Delivered,6
ORD-03432,26/01/2024,2024,Q1,January,Friday,CUST93500,Kavya Gupta,35,Young Adult,Male,West,Ahmedabad,Books,Textbook,6,589.56,0.33,Very High,2123.41,34%,728.31,73.88,Cash on Delivery,2,TRUE,Returned,3
ORD-01995,30/05/2022,2022,Q2,May,Monday,CUST56565,Sunita Joshi,25,Young Adult,Male,East,Bhubaneswar,Groceries,Tea,9,363.51,0.23,High,3460.81,9%,307.15,84.69,Cash on Delivery,4,TRUE,Returned,7
ORD-02537,06/01/2023,2023,Q1,January,Friday,CUST57903,Aditya Shah,22,Young Adult,Female,North,Delhi,Groceries,Flour,6,303.67,0.05,Low,1631.61,8%,129.1,66.2,Net Banking,1,FALSE,Pending,7
ORD-01383,16/09/2021,2021,Q3,September,Thursday,CUST61824,Priya Sharma,52,Adult,Female,West,Surat,Furniture,Bed Frame,9,28138.72,0,No Discount,267856.83,22%,58224.65,61.16,Debit Card,4,FALSE,Delivered,1
ORD-00969,17/03/2021,2021,Q1,March,Wednesday,CUST73466,Shreya Shah,17,Child & Teen,Other,East,Guwahati,Electronics,Camera,3,53597.73,0.22,High,113953.25,15%,17435,77.63,UPI,2,FALSE,Delivered,8
ORD-01382,16/09/2021,2021,Q3,September,Thursday,CUST87197,Rohan Kumar,41,Adult,Male,North,Amritsar,Sports,Cycle,6,3598.68,0.09,Low,22421.86,27%,6008.67,56.7,Net Banking,2,FALSE,Delivered,8
ORD-00927,23/02/2021,2021,Q1,February,Tuesday,CUST72964,Sunita Shah,33,Young Adult,Female,East,Kolkata,Clothing,Dress,4,3257.05,0.24,High,8461.34,42%,3580.22,80.55,Cash on Delivery,,FALSE,Delivered,6
ORD-01607,18/12/2021,2021,Q4,December,Saturday,CUST44100,Deepa Mehta,66,Senior,Other,North,Ludhiana,Books,Biography,5,199.85,0.07,Low,616.48,45%,277.4,37.23,Credit Card,3,FALSE,Delivered,2
ORD-01983,26/05/2022,2022,Q2,May,Thursday,CUST55032,Meera Nair,26,Young Adult,Other,Central,Nagpur,Sports,Dumbbells,3,6064.09,0.03,Low,24706.43,27%,6641.4,55.09,Credit Card,2,FALSE,Delivered,6
ORD-01533,19/11/2021,2021,Q4,November,Friday,CUST14357,Deepa Chatterjee,33,Young Adult,Other,East,Patna,Clothing,Dress,8,1386.86,0.03,Low,8547.02,32%,2698.05,71.34,EMI,4,FALSE,Delivered,9
ORD-00790,26/12/2020,2020,Q4,December,Saturday,CUST03149,Vikram Mehta,36,Adult,Male,South,Chennai,Groceries,Tea,8,312.61,0.29,High,1360.85,6%,78.9,88.49,Net Banking,4,FALSE,Delivered,9
ORD-03428,25/01/2024,2024,Q1,January,Thursday,CUST34376,Ritu Reddy,13,Child & Teen,Male,East,Patna,Books,Biography,2,1074.9,0.35,Very High,1255.85,18%,228.05,68.34,Debit Card,2,FALSE,Delivered,9
ORD-02988,18/07/2023,2023,Q3,July,Tuesday,CUST14176,Kavya Reddy,27,Young Adult,Male,Central,Indore,Electronics,Smartwatch,2,30216.69,0.16,Medium,77559.67,12%,9624.53,80.07,EMI,2,FALSE,Shipped,5
ORD-01713,02/01/2022,2022,Q1,January,Sunday,CUST87459,Sanjay Das,22,Young Adult,Male,South,Chennai,Clothing,T-Shirt,9,766.29,0.28,High,4890.43,33%,1599.31,46.79,UPI,1,FALSE,delivered,7
ORD-02220,26/08/2022,2022,Q3,August,Friday,CUST94861,Nikhil Patel,63,Senior,Female,West,Ahmedabad,Sports,Tennis Racket,1,9516.54,0.07,Low,11604.33,20%,2275.4,75.61,Debit Card,4,FALSE,Shipped,4
ORD-04056,25/10/2024,2024,Q4,October,Friday,CUST85837,Rohan Bhat,37,Adult,Female,North,Amritsar,Clothing,T-Shirt,3,1187.4,0.35,Very High,2772.19,42%,1166.88,39.79,Cash on Delivery,5,FALSE,Delivered,7
ORD-03871,08/06/2024,2024,Q2,June,Saturday,CUST30080,Nisha Rao,4,Child & Teen,Male,South,Hyderabad,Furniture,Sofa,8,29325.03,0.33,Very High,238669.42,23%,54334.41,57.12,Cash on Delivery,5,FALSE,Delivered,2
ORD-02903,06/08/2023,2023,Q3,August,Sunday,CUST35531,Meera Iyer,39,Adult,Female,Central,Nagpur,Clothing,Jacket,7,983.45,0.03,Low,11834.57,33%,3889.86,67.48,Debit Card,4,TRUE,Returned,10
ORD-02065,30/06/2022,2022,Q2,June,Thursday,CUST70033,Nisha Sharma,31,Young Adult,Male,East,Guwahati,Beauty,Lipstick,3,1275.56,0.37,Very High,3369.84,43%,1461.23,99.3,Cash on Delivery,5,FALSE,Delivered,2
ORD-03223,26/10/2023,2023,Q4,October,Thursday,CUST08748,Amit Sharma,44,Adult,Male,Central,Nagpur,Books,Fiction Novel,2,357.54,0.39,Very High,449.09,47%,210.08,68.6,Net Banking,4,FALSE,Delivered,2
ORD-02837,19/05/2023,2023,Q2,May,Friday,CUST35159,Deepa Rao,55,Adult,Female,North,Chandigarh,Electronics,Smartphone,,25313.99,0.27,High,29639.22,15%,4402.14,51.93,Debit Card,4,FALSE,Delivered,
ORD-02611,02/07/2023,2023,Q3,July,Sunday,CUST82751,Vikram Verma,24,Young Adult,Female,North,Ludhiana,Books,Comic Book,9,1219.11,0.09,Low,11967.15,39%,4663.69,73.88,Debit Card,1,FALSE,Delivered,9
ORD-00288,05/07/2020,2020,Q3,July,Sunday,CUST56916,Shreya Mishra,38,Adult,Male,West,Mumbai,Books,Cook Book,2,713.5,0.03,Low,1825.08,48%,867.87,54.38,Debit Card,3,FALSE,Delivered,3
ORD-00962,13/03/2021,2021,Q1,March,Saturday,CUST30724,Amit Sharma,51,Adult,Female,North,Delhi,Groceries,Sugar,5,432.25,0.01,Low,2079.81,9%,177.78,37.05,EMI,2,FALSE,Delivered,10
ORD-00911,02/11/2021,2021,Q4,November,Tuesday,CUST78268,Shreya Sharma,21,Young Adult,Female,East,Guwahati,Sports,Football,6,9644.78,0.12,Medium,53077.76,24%,12558.1,95.75,Debit Card,3,FALSE,Shipped,9
ORD-02833,18/05/2023,2023,Q2,May,Thursday,CUST95416,Rahul Singh,51,Adult,Male,North,Chandigarh,Books,Textbook,6,473,0.16,Medium,4064.17,28%,1153.73,55.81,Credit Card,1,TRUE,Returned,4
ORD-00691,11/09/2020,2020,Q3,September,Friday,CUST03760,Shreya Bose,36,Adult,Male,South,Hyderabad,Clothing,Saree,9,1818.25,0.15,Medium,10464.16,43%,4513.75,74.96,EMI,4,FALSE,Delivered,4
ORD-02089,07/09/2022,2022,Q3,September,Wednesday,CUST77763,Shreya Nair,25,Young Adult,Male,North,Ludhiana,Furniture,Bed Frame,6,28297.1,0.3,High,183102.21,23%,41267.82,77.25,Credit Card,1,FALSE,Delivered,3
ORD-03147,26/09/2023,2023,Q3,September,Tuesday,CUST30274,Shreya Bhat,29,Young Adult,Other,South,Bangalore,Sports,Football,1,12275.23,0.09,Low,12167.28,24%,2949.77,58.94,Debit Card,3,TRUE,Returned,6
ORD-02100,13/07/2022,2022,Q3,July,Wednesday,CUST74233,Nisha Chatterjee,28,Young Adult,Other,Central,Raipur,Groceries,Rice (5kg),2,116.27,0.28,High,240.6,9%,20.5,46.11,Cash on Delivery,2,FALSE,Pending,9
ORD-02626,14/02/2023,2023,Q1,February,Tuesday,CUST69406,Sunita Iyer,47,Adult,Other,North,Chandigarh,Electronics,Smartwatch,10,19057.82,0.26,High,148714.97,13%,19803.29,66.52,Net Banking,1,TRUE,Returned,10
ORD-02131,24/07/2022,2022,Q3,July,Sunday,CUST50804,Nisha Bose,22,Young Adult,Female,Central,Bhopal,Groceries,Dal (1kg),9,422.02,0.37,Very High,3424.01,8%,264.5,83.86,Net Banking,,TRUE,Returned,4
ORD-02079,07/06/2022,2022,Q2,June,Tuesday,CUST04011,Ananya Mehta,42,Adult,Male,South,Kochi,Clothing,T-Shirt,8,946.16,0.31,Very High,7291.61,42%,3065.47,76.81,UPI,2,FALSE,Delivered,8
ORD-03669,14/05/2024,2024,Q2,May,Tuesday,CUST16468,Arjun Sharma,48,Adult,Male,Central,Bhopal,Clothing,Dress,6,483.3,0.35,Very High,3056.64,35%,1071.72,37.23,Credit Card,,FALSE,Delivered,2
ORD-02750,04/05/2023,2023,Q2,May,Thursday,CUST50334,Priya Singh,19,Young Adult,Male,West,Ahmedabad,Clothing,Kurta,2,3794.57,0.05,Low,9475.19,41%,3916.81,23.37,EMI,5,FALSE,Delivered,3
ORD-03909,16/08/2024,2024,Q3,August,Friday,CUST57051,Pooja Chatterjee,31,Young Adult,Male,North,Ludhiana,Beauty,Face Cream,2,1235.59,0.05,Low,4007.33,44%,1780.2,44.87,Credit Card,1,FALSE,Delivered,
ORD-00858,26/01/2021,2021,Q1,January,Tuesday,CUST72879,Aditya Pillai,27,Young Adult,Male,Central,Bhopal,Sports,Dumbbells,7,14159.23,0.18,Medium,67291.55,22%,15098.91,65.26,EMI,5,FALSE,Shipped,1
ORD-00655,21/10/2020,2020,Q4,October,Wednesday,CUST05466,Karan Kapoor,36,Adult,Female,West,Ahmedabad,Furniture,Bed Frame,8,32918.63,0.14,Medium,208563.97,34%,70073.18,49.07,Credit Card,3,FALSE,Delivered,1
ORD-02447,28/11/2022,2022,Q4,November,Monday,CUST28654,Ananya Singh,34,Young Adult,Other,North,Amritsar,Groceries,Tea,3,394.51,0.05,Low,858.05,7%,56.54,50.11,UPI,2,FALSE,Shipped,7
ORD-03981,09/12/2024,2024,Q4,December,Monday,CUST77329,Sanjay Mehta,34,Young Adult,Female,Central,Indore,Groceries,Rice (5kg),8,383.85,0.39,Very High,2308.05,7%,155.62,57.65,Cash on Delivery,1,FALSE,Delivered,10
ORD-03668,13/05/2024,2024,Q2,May,Monday,CUST73443,Vikram Pillai,21,Young Adult,Female,East,Patna,Furniture,Wardrobe,6,17147.62,0.11,Medium,182249.65,23%,41080.8,87.27,Credit Card,1,FALSE,Delivered,4
ORD-00312,16/05/2020,2020,Q2,May,Saturday,CUST15821,Karan Kumar,39,Adult,Female,North,Amritsar,Clothing,Kurta,1,507.78,0.16,Medium,592.57,31%,186.17,30.01,Cash on Delivery,1,FALSE,Delivered,10
ORD-02446,28/11/2022,2022,Q4,November,Monday,CUST10062,Sanjay Bhat,65,Senior,Female,North,Delhi,Beauty,Lipstick,3,2301.12,0.01,Low,5967.23,57%,3374.68,44.75,Debit Card,3,FALSE,Delivered,9
ORD-01508,11/08/2021,2021,Q3,August,Wednesday,CUST17295,Sanjay Sharma,36,Adult,Male,South,Kochi,Clothing,Jacket,8,371.01,0.05,Low,2211.38,31%,677.75,90.52,Debit Card,3,FALSE,Delivered,4
ORD-02907,06/10/2023,2023,Q4,October,Friday,CUST44256,Sanjay Iyer,46,Adult,Male,West,Ahmedabad,Electronics,Headphones,9,31196.73,0.12,Medium,368280.67,10%,38060.11,59.85,UPI,1,FALSE,Delivered,1
ORD-01624,26/12/2021,2021,Q4,December,Sunday,CUST88996,Nisha Singh,17,Child & Teen,Male,West,Mumbai,Beauty,Shampoo,1,2178.97,0.2,Medium,1341.05,58%,779.45,65.86,Debit Card,2,TRUE,Returned,9
ORD-00260,24/04/2020,2020,Q2,April,Friday,CUST61424,Ananya Gupta,33,Young Adult,Other,East,Bhubaneswar,Furniture,Bed Frame,5,26679.1,0.14,Medium,122018.19,29%,34943.36,84.72,Cash on Delivery,4,FALSE,Shipped,6
ORD-03119,09/09/2023,2023,Q3,September,Saturday,CUST59443,Karan Bose,42,Adult,Female,North,Amritsar,Furniture,Bed Frame,5,12592.51,0.28,High,61837.22,31%,19148.11,45.88,UPI,1,TRUE,Returned,5
ORD-00420,07/05/2020,2020,Q2,May,Thursday,CUST53531,Kavya Patel,3,Child & Teen,Female,Central,Bhopal,Electronics,Laptop,3,65806.63,0.38,Very High,148143.49,11%,17001.53,32.06,EMI,2,FALSE,Delivered,10
ORD-02767,13/04/2023,2023,Q2,April,Thursday,CUST75550,Deepa Rao,53,Adult,Other,South,Bangalore,Groceries,Cooking Oil,5,185.61,0.27,High,977.56,7%,69.04,58.1,EMI,5,FALSE,Delivered,2
ORD-00377,06/09/2020,2020,Q3,September,Sunday,CUST66402,Sunita Rao,33,Young Adult,Other,Central,Raipur,Books,Self-Help Book,3,575.95,0,No Discount,2110.73,38%,792.19,70.41,Cash on Delivery,,FALSE,Delivered,9
ORD-00456,20/07/2020,2020,Q3,July,Monday,CUST76466,Nikhil Singh,56,Senior,Female,Central,Raipur,Groceries,Rice (5kg),8,353.32,0.31,Very High,2484.78,7%,174.59,72.56,Net Banking,3,FALSE,Shipped,5
ORD-03233,30/10/2023,2023,Q4,October,Monday,CUST27413,Amit Gupta,23,Young Adult,Female,South,Hyderabad,Clothing,Jacket,8,1084.06,0.19,Medium,7119.27,37%,2636.93,74.71,EMI,5,FALSE,Cancelled,3
ORD-02244,09/06/2022,2022,Q2,June,Thursday,CUST41690,Sanjay Joshi,37,Adult,Other,Central,Raipur,Groceries,Tea,10,133.2,0.32,Very High,1074.27,9%,100.19,64.48,EMI,3,FALSE,Delivered,8
ORD-01182,15/06/2021,2021,Q2,June,Tuesday,CUST88678,Deepa Sharma,4,Child & Teen,Female,West,Pune,Electronics,Smartphone,9,72408.18,0.22,High,748589.49,14%,103509.24,41.95,Debit Card,5,FALSE,Delivered,3
ORD-01343,26/08/2021,2021,Q3,August,Thursday,CUST26367,Vikram Bose,55,Adult,Female,East,Bhubaneswar,Sports,Tennis Racket,4,14419.59,0.34,Very High,44932.24,26%,11862.97,63.9,UPI,2,FALSE,Delivered,4
ORD-01071,29/04/2021,2021,Q2,April,Thursday,CUST61699,Rahul Verma,31,Young Adult,Male,Central,Raipur,Furniture,Wardrobe,1,2601.51,0.02,Low,3057.58,28%,856.37,47.41,Net Banking,2,TRUE,Returned,9
ORD-00102,02/08/2020,2020,Q3,August,Sunday,CUST59146,Nikhil Kapoor,39,Adult,Other,East,Kolkata,Groceries,Cooking Oil,4,151.09,0.02,Low,515.74,8%,42.51,80.21,Debit Card,2,FALSE,Delivered,10
ORD-00755,12/08/2020,2020,Q3,August,Wednesday,CUST00745,Ananya Mehta,4,Child & Teen,Male,East,Kolkata,Electronics,Camera,9,71873.78,0,No Discount,456663.98,13%,59316.97,91.31,Credit Card,5,FALSE,Delivered,7
ORD-04058,26/10/2024,2024,Q4,October,Saturday,CUST87657,Arjun Bhat,27,Young Adult,Male,West,Pune,Beauty,Shampoo,6,2486.23,0.11,Medium,13804.56,49%,6763.76,65.88,Cash on Delivery,4,TRUE,Returned,8
ORD-00795,28/12/2020,2020,Q4,December,Monday,CUST00853,Pooja Chatterjee,52,Adult,Other,Central,Raipur,Groceries,Cooking Oil,7,103.75,0.32,Very High,344.42,10%,34.77,67.07,Debit Card,5,FALSE,Delivered,4
ORD-02245,09/07/2022,2022,Q3,July,Saturday,CUST73701,Deepa Patel,,,Other,South,Kochi,Electronics,Laptop,4,45635.8,0.04,Low,195002.92,16%,30972.52,69.48,Net Banking,4,FALSE,delivered,1
ORD-01270,27/07/2021,2021,Q3,July,Tuesday,CUST77971,Meera Joshi,26,Young Adult,Male,South,Bangalore,Groceries,Rice (5kg),8,239.96,0.33,Very High,1605.72,7%,116.65,35.59,Credit Card,3,FALSE,Delivered,4
ORD-03463,02/09/2024,2024,Q3,September,Monday,CUST64065,Deepa Rao,16,Child & Teen,Male,East,Kolkata,Groceries,Dal (1kg),1,65.16,0.07,Low,72.22,10%,7.37,93.34,EMI,3,FALSE,Delivered,3
ORD-03213,21/10/2023,2023,Q4,October,Saturday,CUST91826,Sanjay Patel,4,Child & Teen,Other,North,Delhi,Furniture,Sofa,10,6877.63,0.32,Very High,49127.13,31%,15040.93,38.46,Credit Card,3,FALSE,Delivered,8
ORD-02929,21/06/2023,2023,Q2,June,Wednesday,CUST82307,Sanjay Kumar,28,Young Adult,Male,West,Mumbai,Electronics,Camera,8,11278.1,0.36,Very High,103626.93,9%,9357.16,60.7,Net Banking,3,FALSE,Delivered,8
ORD-01420,01/10/2021,2021,Q4,October,Friday,CUST46668,Ananya Reddy,28,Young Adult,Other,East,Bhubaneswar,Beauty,Lipstick,2,796.25,,,1450.96,39%,572.8,70.91,EMI,,FALSE,Delivered,3
ORD-01441,10/11/2021,2021,Q4,November,Wednesday,CUST46668,Karan Bhat,36,Adult,Female,West,Pune,Books,Biography,7,1187.1,0.13,Medium,6671.63,32%,2154.79,88.18,EMI,3,FALSE,Delivered,5
ORD-01615,24/12/2021,2021,Q4,December,Friday,CUST49728,Sunita Singh,32,Young Adult,Female,Central,Bhopal,Clothing,Jacket,3,3628.14,0.24,High,6186.65,38%,2322.32,52.79,EMI,2,FALSE,Delivered,1
ORD-02718,25/03/2023,2023,Q1,March,Saturday,CUST87274,Deepa Kumar,4,Child & Teen,Male,South,Chennai,Beauty,Perfume,,1290.88,0.31,Very High,991.85,31%,309.78,68.06,Cash on Delivery,1,TRUE,Returned,5
ORD-02739,31/03/2023,2023,Q1,March,Friday,CUST55589,Priya Mishra,36,Adult,Male,North,Amritsar,Sports,Tennis Racket,8,12824.11,0.11,Medium,124055.48,24%,29606.32,76.78,Cash on Delivery,2,FALSE,Delivered,6
ORD-02536,01/06/2023,2023,Q2,June,Thursday,CUST18948,Amit Shah,51,Adult,Male,West,Surat,Beauty,Perfume,3,1967.85,0.31,Very High,3268.13,40%,1309.35,55,Cash on Delivery,3,FALSE,Delivered,2
ORD-01654,01/07/2022,2022,Q3,July,Friday,CUST39219,Meera Iyer,5,Child & Teen,Male,East,Kolkata,Clothing,T-Shirt,1,1100.4,0.24,High,775.04,29%,226.32,62.15,Credit Card,2,FALSE,Delivered,8
ORD-03905,15/08/2024,2024,Q3,August,Thursday,CUST19408,Rohan Mehta,37,Adult,Male,East,Guwahati,Groceries,Rice (5kg),9,239.9,0.31,Very High,2368.54,10%,226.16,93.43,Cash on Delivery,5,FALSE,Delivered,1
ORD-01309,08/11/2021,2021,Q4,November,Monday,CUST97836,Arjun Sharma,34,Young Adult,Male,East,Guwahati,Beauty,Sunscreen,5,1439.39,,,10354.54,41%,4272.04,86.11,Debit Card,3,FALSE,Delivered,5
ORD-00750,12/07/2020,2020,Q3,July,Sunday,CUST88589,Karan Joshi,47,Adult,Female,West,Surat,Beauty,Sunscreen,2,2232.87,0.03,Low,2646.86,30%,806.76,54.23,UPI,2,FALSE,Shipped,8
ORD-01082,05/04/2021,2021,Q2,April,Monday,CUST69812,Ritu Kapoor,44,Adult,Other,East,Kolkata,Books,Comic Book,10,924.25,0.28,High,8777.25,41%,3626.02,85.57,Cash on Delivery,4,FALSE,Delivered,10
ORD-00392,16/06/2020,2020,Q2,June,Tuesday,CUST50327,Aarav Singh,49,Adult,Male,Central,Nagpur,Electronics,Tablet,3,10166.75,0.15,Medium,31838.58,13%,4120.93,82.1,UPI,,FALSE,Delivered,3
ORD-01028,04/11/2021,2021,Q4,November,Thursday,CUST33135,Arjun Patel,4,Child & Teen,Female,East,Guwahati,Books,Biography,9,910.81,0.16,Medium,8709.88,47%,4127.79,59.89,Net Banking,4,FALSE,Delivered,9
ORD-00895,02/06/2021,2021,Q2,June,Wednesday,CUST68309,Nikhil Gupta,19,Young Adult,Male,Central,Raipur,Furniture,Bookshelf,8,10068.23,0.21,High,63872.39,23%,14763.69,69.23,Cash on Delivery,3,FALSE,Delivered,9
ORD-03097,30/08/2023,2023,Q3,August,Wednesday,CUST96631,Ritu Mishra,26,Young Adult,Female,North,Amritsar,Beauty,Shampoo,6,398.85,0.17,Medium,2675.94,56%,1500.2,56.56,Net Banking,2,FALSE,delivered,10
ORD-03816,18/07/2024,2024,Q3,July,Thursday,CUST84507,Aditya Rao,43,Adult,Female,West,Surat,Clothing,Jeans,4,2908.06,0.14,Medium,14896.36,34%,4991.17,65.75,Cash on Delivery,5,FALSE,Delivered,8
ORD-03490,26/02/2024,2024,Q1,February,Monday,CUST29539,Pooja Patel,5,Child & Teen,Other,East,Kolkata,Electronics,Headphones,3,60157.14,0.06,Low,169372.37,17%,28219.11,69.5,Cash on Delivery,4,FALSE,Delivered,7
ORD-00331,23/05/2020,2020,Q2,May,Saturday,CUST80859,Aditya Sharma,35,Young Adult,Other,South,Bangalore,Furniture,Wardrobe,,22329.62,0.19,Medium,20552.2,23%,4765.02,69.17,Cash on Delivery,4,FALSE,Delivered,4
ORD-02075,07/04/2022,2022,Q2,April,Thursday,CUST98678,Karan Kumar,63,Senior,Other,West,Ahmedabad,Electronics,Laptop,9,34736.78,0.4,Very High,281102.55,10%,27723.9,59.96,Debit Card,3,FALSE,Delivered,4
ORD-00159,03/07/2020,2020,Q3,July,Friday,CUST53040,Rahul Joshi,32,Young Adult,Other,Central,Bhopal,Sports,Yoga Mat,8,6252.97,0.2,Medium,42140.22,18%,7612.27,48.73,Credit Card,3,FALSE,Delivered,3
ORD-00486,08/03/2020,2020,Q1,March,Sunday,CUST70631,Arjun Kapoor,42,Adult,Other,South,Hyderabad,Books,Comic Book,8,989.77,0.36,Very High,5866.43,38%,2254.31,76.76,Cash on Delivery,5,FALSE,Pending,1
ORD-00348,30/05/2020,2020,Q2,May,Saturday,CUST36817,Ritu Verma,29,Young Adult,Male,South,Hyderabad,Books,Biography,8,466.9,0.36,Very High,2857.33,39%,1125,79.08,Cash on Delivery,2,FALSE,Delivered,10
ORD-03138,17/09/2023,2023,Q3,September,Sunday,CUST63631,Vikram Das,38,Adult,Male,North,Amritsar,Sports,Dumbbells,4,3391.86,0.04,Low,15450.95,22%,3325.04,68.46,Credit Card,3,FALSE,Cancelled,2
ORD-01347,29/08/2021,2021,Q3,August,Sunday,CUST43896,Rohan Nair,24,Young Adult,Female,East,Guwahati,Sports,Tennis Racket,1,3087.59,0.07,Low,3563.24,22%,769.67,85.46,Credit Card,2,FALSE,Delivered,4
ORD-03544,20/03/2024,2024,Q1,March,Wednesday,CUST29796,Sanjay Bose,39,Adult,Male,North,Ludhiana,Sports,Cricket Bat,4,14899.55,0.09,Low,60345.97,20%,12084.3,21.44,Cash on Delivery,4,FALSE,Delivered,7
ORD-03719,06/10/2024,2024,Q4,October,Sunday,CUST03355,Arjun Kapoor,43,Adult,Male,South,Hyderabad,Sports,Cricket Bat,2,3506.29,0.29,High,9018.03,19%,1718.02,58.97,UPI,5,FALSE,Shipped,4
ORD-02654,23/02/2023,2023,Q1,February,Thursday,CUST39288,Shreya Reddy,25,Young Adult,Other,East,Bhubaneswar,Beauty,Shampoo,5,259.07,0.02,Low,1306.86,51%,672.76,91.02,UPI,5,FALSE,Delivered,9
ORD-02687,03/12/2023,2023,Q4,December,Sunday,CUST74163,Sunita Gupta,24,Young Adult,Female,Central,Bhopal,Clothing,Saree,3,1200.51,0.4,Very High,2711.94,35%,952.86,10.03,Debit Card,3,FALSE,Delivered,5
ORD-00801,30/12/2020,2020,Q4,December,Wednesday,CUST09674,Rohan Shah,2,Child & Teen,Male,West,Mumbai,Clothing,T-Shirt,4,3596.85,0.25,High,7577.9,33%,2505.62,61.39,Debit Card,1,TRUE,Returned,7
ORD-01572,12/03/2021,2021,Q1,March,Friday,CUST23827,Amit Bose,24,Young Adult,Female,Central,Raipur,Clothing,Jacket,7,2400.11,0.15,Medium,9585.11,35%,3359.68,55.43,UPI,2,FALSE,Delivered,10
ORD-04141,12/04/2024,2024,Q2,April,Friday,CUST72168,Shreya Bhat,,,Male,Central,Nagpur,Groceries,Sugar,4,242.65,,,854.73,11%,91.72,48.21,Net Banking,1,TRUE,Returned,1
ORD-02756,04/08/2023,2023,Q3,August,Friday,CUST40199,Arjun Gupta,33,Young Adult,Male,West,Pune,Clothing,T-Shirt,3,2494.29,0.1,Low,9558.85,39%,3760.45,54.2,Cash on Delivery,3,FALSE,Delivered,8
ORD-00091,02/05/2020,2020,Q2,May,Saturday,CUST57456,Sanjay Chatterjee,16,Child & Teen,Female,West,Mumbai,Furniture,Chair,2,23012.97,0.03,Low,33590.83,24%,8197.84,60.46,Debit Card,5,FALSE,Delivered,9
ORD-03626,26/04/2024,2024,Q2,April,Friday,CUST12779,Vikram Shah,25,Young Adult,Female,East,Bhubaneswar,Electronics,Camera,2,36881.48,0.01,Low,101185.85,16%,16236.72,67.63,EMI,4,FALSE,Delivered,8
ORD-03798,07/09/2024,2024,Q3,September,Saturday,CUST41603,Nisha Sharma,41,Adult,Male,South,Kochi,Sports,Yoga Mat,4,4528.9,0.09,Low,28783.41,24%,6807.19,79.89,Credit Card,1,FALSE,Delivered,
ORD-00207,04/01/2020,2020,Q1,January,Saturday,CUST97019,Nikhil Mehta,31,Young Adult,Male,North,Chandigarh,Beauty,Shampoo,4,2105.61,0.37,Very High,5688.97,50%,2865.09,70.93,UPI,4,FALSE,Delivered,6
ORD-03929,23/08/2024,2024,Q3,August,Friday,CUST39906,Sunita Iyer,33,Young Adult,Male,South,Chennai,Books,Fiction Novel,1,1473.01,0.35,Very High,1432.65,40%,578.62,72.78,UPI,3,FALSE,Delivered,1
ORD-00686,11/07/2020,2020,Q3,July,Saturday,CUST38079,Aarav Joshi,23,Young Adult,Female,Central,Bhopal,Books,Cook Book,2,1020.32,0.39,Very High,969.44,45%,436.92,35.61,Debit Card,4,FALSE,Delivered,5
ORD-00029,01/11/2020,2020,Q4,November,Sunday,CUST78062,Arjun Bhat,29,Young Adult,Other,West,Ahmedabad,Clothing,Jeans,8,2738.08,0.04,Low,15129.46,49%,7413.18,61.16,Debit Card,1,FALSE,Delivered,9
ORD-01666,13/01/2022,2022,Q1,January,Thursday,CUST87705,Aditya Iyer,35,Young Adult,Other,North,Ludhiana,Electronics,Camera,5,49380.11,0.26,High,163008.08,12%,20346.12,62.16,Net Banking,2,FALSE,Delivered,8
ORD-00265,26/04/2020,2020,Q2,April,Sunday,CUST32861,Priya Joshi,36,Adult,Other,East,Guwahati,Sports,Cricket Bat,9,12444.32,0.12,Medium,106749.94,23%,24509.37,90.94,UPI,4,FALSE,Cancelled,9
ORD-03060,17/08/2023,2023,Q3,August,Thursday,CUST71865,Amit Singh,19,Young Adult,Female,Central,Bhopal,Beauty,Shampoo,7,100.31,0.36,Very High,600.84,46%,277.58,67.27,Debit Card,1,FALSE,Shipped,9
ORD-03843,29/07/2024,2024,Q3,July,Monday,CUST47635,Rahul Pillai,34,Young Adult,Male,North,Delhi,Sports,Yoga Mat,7,9729.83,,,90858.69,24%,22104.58,66.1,Debit Card,5,TRUE,Returned,5
ORD-04134,12/02/2024,2024,Q1,February,Monday,CUST52437,Rohan Kapoor,24,Young Adult,Female,East,Patna,Furniture,Wardrobe,5,14663.57,0.39,Very High,43871.43,20%,8682.18,101.24,Credit Card,4,FALSE,Delivered,3
ORD-02503,22/12/2022,2022,Q4,December,Thursday,CUST96196,Pooja Singh,44,Adult,Male,Central,Indore,Beauty,Lipstick,,820.51,,,632.17,33%,211.59,67.85,UPI,3,FALSE,Delivered,7
ORD-02567,17/01/2023,2023,Q1,January,Tuesday,CUST46311,Nisha Shah,21,Young Adult,Female,North,Delhi,Groceries,Tea,1,235.69,0.27,High,145.65,9%,13.54,59.77,EMI,5,FALSE,Delivered,3
ORD-02961,07/06/2023,2023,Q2,June,Wednesday,CUST02626,Arjun Rao,58,Senior,Male,North,Ludhiana,Groceries,Tea,9,324.23,0.17,Medium,4033.84,11%,456.69,63.2,EMI,,FALSE,Delivered,
ORD-00021,01/08/2020,2020,Q3,August,Saturday,CUST80727,Shreya Pillai,49,Adult,Other,North,Amritsar,Sports,Cycle,10,510.46,0.33,Very High,3117.15,19%,595.15,69.01,EMI,4,FALSE,Delivered,3
ORD-02242,09/04/2022,2022,Q2,April,Saturday,CUST95868,Arjun Sharma,31,Young Adult,Female,South,Chennai,Furniture,Wardrobe,8,4977.01,0.28,High,33795.38,29%,9634.2,84.09,UPI,4,FALSE,Delivered,8
ORD-04147,12/06/2024,2024,Q2,June,Wednesday,CUST95344,Ananya Reddy,32,Young Adult,Other,West,Surat,Beauty,Lipstick,8,1064.92,0.37,Very High,5754.84,51%,2941.97,55.05,Cash on Delivery,5,FALSE,Delivered,5
ORD-00668,29/10/2020,2020,Q4,October,Thursday,CUST19944,Kavya Mehta,21,Young Adult,Other,West,Surat,Electronics,Tablet,3,14080.67,0.36,Very High,17734.88,9%,1519.64,63.63,Credit Card,2,TRUE,Returned,7
ORD-02934,27/06/2023,2023,Q2,June,Tuesday,CUST34229,Rahul Gupta,5,Child & Teen,Female,North,Chandigarh,Sports,Football,9,13111.09,0.29,High,128078.44,24%,31164.9,62.85,Net Banking,3,FALSE,Delivered,9
ORD-03448,02/04/2024,2024,Q2,April,Tuesday,CUST27667,Nisha Pillai,11,Child & Teen,Other,South,Hyderabad,Beauty,Hair Oil,6,127.9,0.27,High,660.97,62%,407.58,63.91,Credit Card,4,TRUE,Returned,
ORD-02266,09/12/2022,2022,Q4,December,Friday,CUST21061,Sanjay Das,23,Young Adult,Other,West,Surat,Beauty,Shampoo,10,767.55,0.35,Very High,6213.65,40%,2480.34,45.37,Cash on Delivery,4,FALSE,Delivered,5
ORD-04172,17/12/2024,2024,Q4,December,Tuesday,CUST07872,Meera Rao,32,Young Adult,Male,North,Ludhiana,Beauty,Lipstick,5,2144.13,0.1,Low,9449.37,48%,4541.29,19.04,Debit Card,,FALSE,Delivered,5
ORD-04076,11/01/2024,2024,Q1,January,Thursday,CUST95354,Aarav Nair,57,Senior,Female,East,Bhubaneswar,Beauty,Lipstick,7,680.72,0.08,Low,3896.02,44%,1700.03,71.25,Net Banking,5,FALSE,Delivered,2
ORD-03563,28/03/2024,2024,Q1,March,Thursday,CUST46277,Karan Singh,3,Child & Teen,Other,West,Pune,Furniture,Chair,8,32965.83,0.21,High,300897.35,32%,94953.31,68.39,Debit Card,5,FALSE,Delivered,10
ORD-02321,10/05/2022,2022,Q2,May,Tuesday,CUST59579,Aarav Mehta,47,Adult,Male,Central,Indore,Beauty,Hair Oil,9,2425.68,0.16,Medium,13573.13,27%,3678.22,64.69,UPI,1,FALSE,Delivered,9
ORD-03945,28/08/2024,2024,Q3,August,Wednesday,CUST92249,Nikhil Chatterjee,36,Adult,Female,South,Kochi,Groceries,Flour,2,483.36,0.14,Medium,1284.63,7%,91.4,55.77,UPI,4,FALSE,Delivered,8
ORD-04192,27/12/2024,2024,Q4,December,Friday,CUST70453,Shreya Shah,33,Young Adult,Male,North,Amritsar,Books,Fiction Novel,,616.57,0.36,Very High,344.18,42%,145.51,35.22,UPI,4,FALSE,Pending,
ORD-01563,30/11/2021,2021,Q4,November,Tuesday,CUST36817,Meera Iyer,41,Adult,Other,East,Guwahati,Books,Self-Help Book,9,433.76,0.33,Very High,1929.18,41%,781.78,97.16,EMI,4,FALSE,Cancelled,2
ORD-00545,29/08/2020,2020,Q3,August,Saturday,CUST34020,Kavya Iyer,19,Young Adult,Male,East,Guwahati,Electronics,Smartwatch,3,17253.63,0.05,Low,55070.91,10%,5633.84,79.99,Net Banking,5,FALSE,Delivered,6
ORD-00909,10/02/2021,2021,Q1,February,Wednesday,CUST63944,Pooja Patel,23,Young Adult,Other,West,Pune,Electronics,Smartphone,7,60825.33,0.39,Very High,203704.25,14%,27664.1,67.78,EMI,1,FALSE,Delivered,8
ORD-03437,30/01/2024,2024,Q1,January,Tuesday,CUST14095,Kavya Shah,24,Young Adult,Female,East,Guwahati,Beauty,Sunscreen,8,1335.64,0.27,High,7442.31,40%,2973.2,94.12,Net Banking,1,FALSE,Shipped,6
ORD-02631,15/02/2023,2023,Q1,February,Wednesday,CUST32596,Rahul Iyer,27,Young Adult,Female,West,Surat,Clothing,Dress,7,668.17,0.09,Low,4502.68,25%,1133.27,38.59,UPI,5,FALSE,Delivered,8
ORD-00414,07/01/2020,2020,Q1,January,Tuesday,CUST38493,Arjun Iyer,3,Child & Teen,Other,East,Bhubaneswar,Beauty,Perfume,,1076.68,0.32,Very High,1005.23,33%,335.77,72.7,Debit Card,,FALSE,Cancelled,8
ORD-00525,20/08/2020,2020,Q3,August,Thursday,CUST73074,Rohan Mehta,33,Young Adult,Female,South,Hyderabad,Clothing,Jacket,1,392.55,0.07,Low,420.97,38%,161.71,71.09,Credit Card,5,FALSE,Pending,4
ORD-03521,03/09/2024,2024,Q3,September,Tuesday,CUST00084,Rohan Das,16,Child & Teen,Male,East,Kolkata,Sports,Dumbbells,4,14904.61,,,79710.68,12%,9835.53,74,UPI,3,FALSE,Pending,9
ORD-01849,29/03/2022,2022,Q1,March,Tuesday,CUST56391,Meera Kumar,4,Child & Teen,Other,South,Kochi,Clothing,Jeans,5,3481.04,0.35,Very High,13960.24,26%,3567.18,56.53,Credit Card,,FALSE,Cancelled,8
ORD-02703,16/03/2023,2023,Q1,March,Thursday,CUST53601,Rohan Iyer,35,Young Adult,Other,Central,Indore,Books,Cook Book,8,600.71,0.17,Medium,4278.59,36%,1539.55,24.97,Debit Card,1,FALSE,Delivered,9
ORD-04083,11/06/2024,2024,Q2,June,Tuesday,CUST32744,Aditya Shah,37,Adult,Male,Central,Raipur,Furniture,Wardrobe,5,2536.86,0.36,Very High,7801.91,24%,1900.47,68.13,Debit Card,2,FALSE,Cancelled,7
ORD-00573,09/12/2020,2020,Q4,December,Wednesday,CUST93696,Amit Gupta,42,Adult,Other,East,Kolkata,Clothing,Jeans,3,3089.43,0.09,Low,7257.03,34%,2480.31,82.77,Credit Card,,TRUE,Returned,6
ORD-03306,12/01/2023,2023,Q1,January,Thursday,CUST91195,Vikram Sharma,24,Young Adult,Male,East,Bhubaneswar,Groceries,Dal (1kg),4,206.91,0.2,Medium,574.2,10%,59.02,52.38,Debit Card,,FALSE,Delivered,2
ORD-02199,16/08/2022,2022,Q3,August,Tuesday,CUST65100,Priya Patel,41,Adult,Female,East,Kolkata,Books,Fiction Novel,2,244.36,0.12,Medium,485.28,40%,192.95,79.16,Cash on Delivery,2,FALSE,Pending,2
ORD-00901,02/08/2021,2021,Q3,August,Monday,CUST88807,Sanjay Kapoor,3,Child & Teen,Male,West,Ahmedabad,Books,Fiction Novel,2,583.34,0.24,High,678.92,39%,261.88,72.31,Cash on Delivery,5,FALSE,Delivered,5
ORD-04149,12/07/2024,2024,Q3,July,Friday,CUST54782,Karan Verma,37,Adult,Female,Central,Indore,Books,Textbook,8,519.05,0.33,Very High,2627.87,43%,1117.94,51.28,Debit Card,2,FALSE,Delivered,10
ORD-00638,10/12/2020,2020,Q4,December,Thursday,CUST17767,Meera Chatterjee,37,Adult,Female,East,Patna,Electronics,Smartwatch,10,23990.02,0.11,Medium,188453.46,14%,26897.47,73.32,Cash on Delivery,4,FALSE,delivered,8
ORD-00010,01/03/2020,2020,Q1,March,Sunday,CUST07407,Amit Bose,26,Young Adult,Other,South,Hyderabad,Clothing,Jacket,1,1792.52,0.38,Very High,862.61,37%,322.56,69.84,EMI,4,TRUE,Returned,8
ORD-01167,06/07/2021,2021,Q3,July,Tuesday,CUST48910,Vikram Shah,14,Child & Teen,Other,West,Mumbai,Furniture,Desk,5,16063.03,0.35,Very High,70662.81,32%,22910.8,74.66,Net Banking,3,FALSE,Delivered,6
ORD-03303,29/11/2023,2023,Q4,November,Wednesday,CUST73772,Nisha Reddy,15,Child & Teen,Male,East,Kolkata,Electronics,Tablet,1,19475.1,0.27,High,12588.84,9%,1124.34,70.91,Net Banking,,FALSE,Delivered,100
ORD-02118,22/07/2022,2022,Q3,July,Friday,CUST29628,Nisha Kapoor,,,Male,North,Ludhiana,Groceries,Cooking Oil,1,396.39,0.09,Low,480.61,9%,45.56,57.89,Credit Card,2,FALSE,Delivered,1
ORD-00764,12/12/2020,2020,Q4,December,Saturday,CUST21423,Shreya Sharma,22,Young Adult,Female,South,Bangalore,Furniture,Chair,5,24816.99,0.02,Low,87226.55,29%,24905.94,51.05,Debit Card,,FALSE,Delivered,1
ORD-01250,17/07/2021,2021,Q3,July,Saturday,CUST20121,Vikram Kumar,39,Adult,Other,East,Patna,Furniture,Bed Frame,2,9066.85,0.3,High,13846.15,28%,3812.64,91.56,EMI,1,FALSE,Delivered,9
ORD-01550,27/11/2021,2021,Q4,November,Saturday,CUST66901,Nisha Kapoor,35,Young Adult,Female,West,Mumbai,Sports,Football,9,13211.32,0.17,Medium,81467.43,22%,18155,52.32,UPI,3,FALSE,Delivered,5
ORD-03192,14/10/2023,2023,Q4,October,Saturday,CUST23779,Priya Singh,39,Adult,Male,North,Ludhiana,Sports,Football,9,9769.82,0.32,Very High,64012.37,21%,13161.33,50.8,Net Banking,4,FALSE,Delivered,6
ORD-01356,09/03/2021,2021,Q1,March,Tuesday,CUST36316,Amit Rao,44,Adult,Other,Central,Nagpur,Sports,Yoga Mat,5,9013.26,0.28,High,36168.33,29%,10509.8,35.94,UPI,5,FALSE,Shipped,7
ORD-00789,26/12/2020,2020,Q4,December,Saturday,CUST67387,Nisha Singh,41,Adult,Male,North,Delhi,Beauty,Lipstick,4,2326.66,0.09,Low,5850.88,54%,3176.85,61.42,UPI,5,FALSE,Shipped,10
ORD-03113,09/07/2023,2023,Q3,July,Sunday,CUST73185,Amit Mishra,29,Young Adult,Male,North,Ludhiana,Clothing,T-Shirt,3,3741.92,0.21,High,11519.71,24%,2740.01,58.8,Cash on Delivery,4,FALSE,Cancelled,1
ORD-02667,28/02/2023,2023,Q1,February,Tuesday,CUST93637,Ananya Shah,31,Young Adult,Female,North,Amritsar,Furniture,Bookshelf,3,4087.5,0.36,Very High,8585.93,29%,2520.92,36.77,Cash on Delivery,,FALSE,Pending,9
ORD-03918,20/08/2024,2024,Q3,August,Tuesday,CUST09195,Ritu Singh,3,Child & Teen,Male,Central,Raipur,Clothing,Jeans,5,1293.07,0.37,Very High,6223.33,38%,2335.41,34.43,UPI,4,FALSE,Delivered,9
ORD-02469,12/06/2022,2022,Q2,June,Sunday,CUST77482,Ritu Mishra,,,Female,North,Chandigarh,Books,Cook Book,2,393.2,0.22,High,537.64,39%,210.9,48.93,Cash on Delivery,,TRUE,Returned,4
ORD-00952,03/07/2021,2021,Q3,July,Saturday,CUST97126,Ananya Kumar,28,Young Adult,Male,East,Kolkata,Sports,Yoga Mat,9,6483.35,0.23,High,52222.52,26%,13820.97,74.83,UPI,4,FALSE,Delivered,2
ORD-03530,14/03/2024,2024,Q1,March,Thursday,CUST89097,Sanjay Shah,38,Adult,Male,North,Delhi,Clothing,Jacket,2,1249.08,0.4,Very High,2055.62,45%,916.26,43.18,EMI,,FALSE,Delivered,8
ORD-00512,14/08/2020,2020,Q3,August,Friday,CUST98505,Shreya Das,27,Young Adult,Female,East,Guwahati,Beauty,Face Cream,2,1236.47,0.14,Medium,2416.41,42%,1007.86,85.88,UPI,3,FALSE,Delivered,8
ORD-01236,07/12/2021,2021,Q4,December,Tuesday,CUST30009,Vikram Kapoor,3,Child & Teen,Male,West,Ahmedabad,Beauty,Shampoo,7,1236.43,0.04,Low,10957.9,42%,4556.58,72.78,Debit Card,2,FALSE,Delivered,7
ORD-01618,25/12/2021,2021,Q4,December,Saturday,CUST82777,Rahul Singh,53,Adult,Female,West,Mumbai,Sports,Dumbbells,5,7179.94,0.31,Very High,21400.72,11%,2403.2,65.86,Debit Card,2,FALSE,Delivered,8
ORD-03286,19/11/2023,2023,Q4,November,Sunday,CUST81972,Aditya Das,32,Young Adult,Male,East,Bhubaneswar,Clothing,Jacket,8,2288.26,0.22,High,12023.58,33%,4024.97,89.83,Debit Card,2,FALSE,Delivered,1
ORD-02164,08/06/2022,2022,Q2,June,Wednesday,CUST84076,Arjun Kumar,2,Child & Teen,Male,East,Guwahati,Books,Self-Help Book,4,529.18,0.37,Very High,1721.22,36%,611.14,96.64,UPI,5,FALSE,Delivered,8
ORD-03645,05/04/2024,2024,Q2,April,Friday,CUST40711,Rohan Kapoor,33,Young Adult,Other,Central,Bhopal,Groceries,Cooking Oil,4,413.23,0.16,Medium,2226.94,4%,97.94,29.46,EMI,4,FALSE,Delivered,9
ORD-01602,15/12/2021,2021,Q4,December,Wednesday,CUST98061,Amit Verma,41,Adult,Other,East,Guwahati,Groceries,Tea,5,273.75,0.05,Low,1113.01,8%,84.56,81.92,Debit Card,1,FALSE,delivered,5
ORD-02308,30/09/2022,2022,Q3,September,Friday,CUST13492,Karan Reddy,35,Young Adult,Female,North,Delhi,Books,Self-Help Book,4,288.41,0.11,Medium,1085.19,40%,430.86,39.44,Debit Card,5,TRUE,Returned,1
ORD-03457,02/08/2024,2024,Q3,August,Friday,CUST62784,Ananya Patel,27,Young Adult,Male,East,Kolkata,Books,Cook Book,5,219.86,0.26,High,937.39,37%,344.23,95.23,Cash on Delivery,1,FALSE,Delivered,10
ORD-03725,13/06/2024,2024,Q2,June,Thursday,CUST34762,Aditya Sharma,51,Adult,Male,East,Guwahati,Electronics,Headphones,3,45977.54,0.4,Very High,157351.1,11%,16766.5,89.69,Cash on Delivery,5,FALSE,Delivered,9
ORD-00240,14/04/2020,2020,Q2,April,Tuesday,CUST66088,Shreya Pillai,18,Young Adult,Other,South,Bangalore,Sports,Dumbbells,4,11868.91,0.19,Medium,43004.45,30%,13078.71,70.61,EMI,3,FALSE,Delivered,6
ORD-01538,20/11/2021,2021,Q4,November,Saturday,CUST30276,Amit Reddy,2,Child & Teen,Other,East,Guwahati,Electronics,Smartphone,8,72878.21,0.06,Low,377991.95,14%,53581.94,69.63,Credit Card,3,FALSE,Delivered,7
ORD-00246,18/04/2020,2020,Q2,April,Saturday,CUST40327,Shreya Mishra,6,Child & Teen,Male,Central,Nagpur,Beauty,Sunscreen,8,336.17,0.18,Medium,2459.79,52%,1286.21,63.3,Debit Card,4,FALSE,Delivered,10
ORD-00069,26/01/2020,2020,Q1,January,Sunday,CUST27522,Deepa Chatterjee,24,Young Adult,Other,East,Bhubaneswar,Sports,Football,,5929.85,0,No Discount,4745.09,32%,1518.74,78.48,Credit Card,5,FALSE,Delivered,7
ORD-01653,01/07/2022,2022,Q3,July,Friday,CUST39228,Pooja Gupta,38,Adult,Female,South,Chennai,Electronics,Tablet,5,67069.95,0.35,Very High,187015.17,10%,19234.1,53.96,EMI,2,FALSE,Pending,6
ORD-00549,31/08/2020,2020,Q3,August,Monday,CUST39184,Arjun Nair,27,Young Adult,Other,East,Guwahati,Groceries,Sugar,1,295.3,0.1,Low,375.59,5%,17.33,91.95,Credit Card,5,FALSE,Delivered,9
ORD-04125,29/11/2024,2024,Q4,November,Friday,CUST69485,Pooja Verma,15,Child & Teen,Male,East,Kolkata,Electronics,Tablet,5,60589.34,0,No Discount,289044.77,11%,32628.88,117.75,Cash on Delivery,1,FALSE,Delivered,6
ORD-02531,01/03/2023,2023,Q1,March,Wednesday,CUST65173,Sunita Reddy,24,Young Adult,Male,North,Ludhiana,Beauty,Face Cream,9,2041.21,0.22,High,13435.71,63%,8442.25,45.75,Net Banking,3,FALSE,Cancelled,1
ORD-01426,10/05/2021,2021,Q2,May,Monday,CUST08147,Nikhil Shah,58,Senior,Male,North,Delhi,Clothing,Dress,2,469.65,0.12,Medium,775.74,24%,185.8,32.03,Cash on Delivery,1,TRUE,Returned,3
ORD-03919,20/08/2024,2024,Q3,August,Tuesday,CUST18468,Nikhil Shah,,,Other,South,Kochi,Groceries,Cooking Oil,3,408.26,0.03,Low,1632.98,10%,170,70.48,Cash on Delivery,4,FALSE,Delivered,1
ORD-03686,19/05/2024,2024,Q2,May,Sunday,CUST39920,Rahul Pillai,45,Adult,Male,Central,Indore,Sports,Dumbbells,1,9074.17,0.08,Low,12971.64,25%,3182.4,43.12,EMI,4,FALSE,Delivered,9
ORD-01694,26/01/2022,2022,Q1,January,Wednesday,CUST30040,Karan Kumar,24,Young Adult,Other,West,Ahmedabad,Electronics,Tablet,4,30494.73,0.39,Very High,68016.24,13%,8846.49,53.6,Debit Card,2,FALSE,Delivered,4
ORD-01035,14/04/2021,2021,Q2,April,Wednesday,CUST49938,Rahul Sharma,38,Adult,Other,North,Delhi,Furniture,Sofa,7,31419.94,0.05,Low,237087.2,25%,58133.19,36.96,Debit Card,5,FALSE,delivered,5
ORD-02114,19/07/2022,2022,Q3,July,Tuesday,CUST71584,Kavya Mehta,28,Young Adult,Female,South,Kochi,Furniture,Sofa,2,23522.83,0.15,Medium,53090.46,35%,18316.25,70.07,EMI,2,FALSE,Delivered,8
ORD-03137,17/09/2023,2023,Q3,September,Sunday,CUST53427,Aarav Das,26,Young Adult,Male,West,Mumbai,Sports,Yoga Mat,8,10683.75,0.04,Low,113358.26,23%,26416.64,59.9,Cash on Delivery,1,FALSE,Delivered,7
ORD-01438,10/10/2021,2021,Q4,October,Sunday,CUST54455,Shreya Mehta,57,Senior,Female,South,Kochi,Books,Comic Book,8,1196.38,0.14,Medium,8445.01,38%,3179.69,71.87,Net Banking,2,FALSE,Delivered,4
ORD-02064,29/06/2022,2022,Q2,June,Wednesday,CUST47972,Nisha Reddy,28,Young Adult,Female,West,Mumbai,Beauty,Lipstick,7,854.71,0.09,Low,7728.92,42%,3265.65,55.34,UPI,3,FALSE,Delivered,2
ORD-02307,29/09/2022,2022,Q3,September,Thursday,CUST02936,Amit Sharma,35,Young Adult,Female,North,Amritsar,Books,Biography,10,723.67,0.04,Low,9456.02,37%,3461.29,54.96,Net Banking,,TRUE,Returned,7
ORD-02545,01/10/2023,2023,Q4,October,Sunday,CUST44757,Aditya Kumar,27,Young Adult,Male,South,Kochi,Books,Biography,5,1209.77,0.22,High,4481.56,39%,1760.45,48.73,Debit Card,1,FALSE,Delivered,10
ORD-02444,28/11/2022,2022,Q4,November,Monday,CUST18227,Deepa Mehta,2,Child & Teen,Female,South,Hyderabad,Groceries,Tea,6,282.54,,,1669.01,9%,157.04,101.43,UPI,2,FALSE,Shipped,9
ORD-01051,20/04/2021,2021,Q2,April,Tuesday,CUST83773,Aditya Mehta,34,Young Adult,Other,South,Chennai,Clothing,Saree,5,2726.58,0.16,Medium,15369.71,36%,5460.97,55.2,EMI,4,FALSE,Delivered,3
ORD-02111,18/07/2022,2022,Q3,July,Monday,CUST33335,Aditya Chatterjee,48,Adult,Other,West,Mumbai,Furniture,Sofa,10,28298.23,0.25,High,341316.69,32%,107787.95,94.71,Debit Card,4,FALSE,Delivered,4
ORD-00109,02/10/2020,2020,Q4,October,Friday,CUST69131,Karan Reddy,37,Adult,Male,North,Ludhiana,Furniture,Wardrobe,8,18758.18,0.11,Medium,112518.3,28%,31415.21,56.55,Net Banking,5,FALSE,Cancelled,6
ORD-01377,14/09/2021,2021,Q3,September,Tuesday,CUST06907,Arjun Iyer,12,Child & Teen,Female,South,Kochi,Electronics,Smartphone,,56629.75,0.04,Low,62813.98,13%,8275.81,63.16,Net Banking,5,FALSE,Delivered,9
ORD-00580,17/09/2020,2020,Q3,September,Thursday,CUST77116,Deepa Chatterjee,55,Adult,Male,South,Bangalore,Electronics,Camera,10,74981.27,0.04,Low,822702.48,12%,98591.29,90.58,Debit Card,1,TRUE,Returned,5
ORD-01507,07/11/2021,2021,Q4,November,Sunday,CUST40530,Rohan Kapoor,24,Young Adult,Male,South,Chennai,Groceries,Flour,10,108.51,0.03,Low,907.65,11%,97.79,67.08,Debit Card,3,TRUE,Returned,10
ORD-00547,30/08/2020,2020,Q3,August,Sunday,CUST60580,Vikram Nair,53,Adult,Female,South,Bangalore,Furniture,Sofa,8,13159.22,0.18,Medium,82824.15,35%,28653.14,55.64,Credit Card,4,TRUE,Returned,8
ORD-00924,22/02/2021,2021,Q1,February,Monday,CUST61112,Rahul Mishra,44,Adult,Male,East,Bhubaneswar,Groceries,Cooking Oil,1,227.48,0.11,Medium,175.14,9%,15.49,47.37,EMI,1,FALSE,Pending,4
ORD-01081,05/04/2021,2021,Q2,April,Monday,CUST44184,Rohan Shah,29,Young Adult,Other,West,Ahmedabad,Electronics,Camera,1,22006.34,0.11,Medium,26028.1,14%,3707.24,40.73,Debit Card,2,TRUE,Returned,10
ORD-00275,05/01/2020,2020,Q1,January,Sunday,CUST24667,Nikhil Kapoor,41,Adult,Other,Central,Nagpur,Furniture,Chair,8,31845.06,0.06,Low,300720.72,33%,100251.26,38.42,Credit Card,1,FALSE,Delivered,10
ORD-03517,03/09/2024,2024,Q3,September,Tuesday,CUST27360,Meera Gupta,3,Child & Teen,Male,North,Amritsar,Electronics,Camera,9,16973.28,0.05,Low,208512.34,14%,29073.1,35,Cash on Delivery,4,FALSE,Cancelled,4
ORD-01472,24/10/2021,2021,Q4,October,Sunday,CUST26553,Nikhil Kumar,27,Young Adult,Male,South,Hyderabad,Electronics,Smartwatch,3,33682.54,0.26,High,62547.07,14%,8775.98,56.02,Cash on Delivery,1,TRUE,Returned,3
ORD-01299,08/09/2021,2021,Q3,September,Wednesday,CUST07041,Aditya Bose,28,Young Adult,Other,East,Bhubaneswar,Sports,Yoga Mat,6,8185.51,0.23,High,46089.54,22%,10034.22,86.32,Credit Card,4,TRUE,Returned,9
ORD-03316,12/05/2023,2023,Q2,May,Friday,CUST71283,Aditya Shah,12,Child & Teen,Other,East,Patna,Sports,Football,3,2813.63,0.22,High,5526.04,25%,1360.97,71.86,EMI,2,FALSE,delivered,9
ORD-00951,03/07/2021,2021,Q3,July,Saturday,CUST39186,Meera Mehta,3,Child & Teen,Male,Central,Raipur,Clothing,T-Shirt,10,2879.31,0.34,Very High,19680.42,29%,5641.8,64.13,Debit Card,2,FALSE,Delivered,4
ORD-03695,23/05/2024,2024,Q2,May,Thursday,CUST26394,Priya Bose,27,Young Adult,Other,South,Kochi,Groceries,Cooking Oil,9,399.43,0.06,Low,5735.84,4%,223.77,65.8,EMI,1,FALSE,Delivered,4
ORD-01830,24/03/2022,2022,Q1,March,Thursday,CUST13979,Vikram Chatterjee,28,Young Adult,Male,South,Chennai,Books,Cook Book,9,200.61,0.28,High,1329.23,61%,806.66,52.8,Net Banking,4,FALSE,delivered,9
ORD-01148,30/05/2021,2021,Q2,May,Sunday,CUST00645,Kavya Rao,22,Young Adult,Other,East,Kolkata,Books,Fiction Novel,8,1088.97,0.22,High,9425.16,42%,4003.12,52.99,Net Banking,1,FALSE,Cancelled,4
ORD-03150,27/09/2023,2023,Q3,September,Wednesday,CUST68116,Ritu Rao,17,Child & Teen,Female,North,Ludhiana,Clothing,T-Shirt,9,1354.39,0.12,Medium,14092.58,32%,4442.99,43.39,Credit Card,5,FALSE,Delivered,10
ORD-01953,13/05/2022,2022,Q2,May,Friday,CUST12422,Nikhil Kumar,33,Young Adult,Female,North,Chandigarh,Books,Self-Help Book,8,941.99,0.39,Very High,6393.22,35%,2237.36,56.26,EMI,1,TRUE,Returned,9
ORD-01811,03/12/2022,2022,Q4,December,Saturday,CUST60426,Arjun Pillai,41,Adult,Other,South,Hyderabad,Sports,Dumbbells,7,14019.83,0.29,High,84559.35,22%,18758.65,70.82,Debit Card,5,FALSE,Delivered,1
ORD-03384,01/03/2024,2024,Q1,March,Friday,CUST17189,Pooja Chatterjee,37,Adult,Male,Central,Bhopal,Sports,Dumbbells,8,14903.83,0.21,High,89199.08,21%,18401.75,76.17,EMI,4,FALSE,Delivered,10
ORD-02087,07/08/2022,2022,Q3,August,Sunday,CUST38893,Sunita Pillai,14,Child & Teen,Other,Central,Bhopal,Electronics,Tablet,2,73303.92,0.03,Low,235156.16,9%,20863.19,67.75,Cash on Delivery,4,FALSE,Delivered,9
ORD-01217,07/03/2021,2021,Q1,March,Sunday,CUST73651,Sunita Das,37,Adult,Other,North,Delhi,Books,Cook Book,9,1146.99,0.35,Very High,9257.42,30%,2753.44,59.09,UPI,4,FALSE,shipped,9
ORD-02217,26/08/2022,2022,Q3,August,Friday,CUST06113,Rohan Nair,31,Young Adult,Other,South,Bangalore,Beauty,Shampoo,6,1131.18,0.05,Low,8793.46,51%,4445.68,69.49,Credit Card,1,FALSE,Delivered,8
ORD-01503,11/06/2021,2021,Q2,June,Friday,CUST60626,Kavya Kapoor,31,Young Adult,Female,South,Hyderabad,Groceries,Sugar,7,249.21,0.19,Medium,1256.75,8%,96.16,61.25,Cash on Delivery,3,FALSE,Shipped,4
ORD-00763,12/12/2020,2020,Q4,December,Saturday,CUST44894,Aarav Verma,51,Adult,Other,Central,Bhopal,Books,Biography,6,377.58,0.33,Very High,1075.92,26%,275.17,55.17,Cash on Delivery,,FALSE,Delivered,6
ORD-03388,01/04/2024,2024,Q2,April,Monday,CUST95454,Nisha Mehta,42,Adult,Female,South,Bangalore,Beauty,Sunscreen,4,1718.39,,,6404.35,44%,2836.65,81.09,EMI,1,FALSE,Shipped,9
ORD-04199,30/12/2024,2024,Q4,December,Monday,CUST53723,Sunita Kumar,15,Child & Teen,Male,North,Chandigarh,Beauty,Face Cream,9,1820.1,0.28,High,9661.83,59%,5675.66,46.9,EMI,2,TRUE,Returned,3
ORD-00146,29/02/2020,2020,Q1,February,Saturday,CUST63156,Ritu Singh,34,Young Adult,Other,East,Kolkata,Sports,Dumbbells,2,9772.39,0.14,Medium,17471.63,27%,4749.58,90.49,Net Banking,,FALSE,Delivered,8
ORD-01415,30/09/2021,2021,Q3,September,Thursday,CUST50601,Amit Patel,31,Young Adult,Other,West,Mumbai,Groceries,Tea,3,297.63,0.02,Low,1094.67,13%,141.65,49.55,Credit Card,1,TRUE,Returned,8
ORD-02994,20/07/2023,2023,Q3,July,Thursday,CUST67685,Shreya Pillai,42,Adult,Male,South,Kochi,Clothing,Jeans,5,2755.15,0.35,Very High,12440.45,36%,4470.63,73.32,UPI,5,FALSE,Delivered,7
ORD-03734,16/06/2024,2024,Q2,June,Sunday,CUST31945,Aarav Iyer,54,Adult,Male,West,Ahmedabad,Furniture,Bookshelf,9,21059.88,0.1,Low,255508.83,31%,78032.23,62.82,UPI,,FALSE,Cancelled,
ORD-03433,29/01/2024,2024,Q1,January,Monday,CUST02072,Aarav Mehta,11,Child & Teen,Male,Central,Indore,Beauty,Face Cream,10,2362.67,0.37,Very High,14507.61,49%,7104.13,24.77,Net Banking,5,TRUE,Returned,2
ORD-01140,29/05/2021,2021,Q2,May,Saturday,CUST57705,Nisha Singh,55,Adult,Other,Central,Bhopal,Electronics,Camera,10,36516.81,0.12,Medium,494382.28,12%,58795.08,53.99,Net Banking,4,FALSE,Delivered,4
ORD-04145,05/12/2024,2024,Q4,December,Thursday,CUST52922,Vikram Shah,,,Male,East,Kolkata,Sports,Tennis Racket,7,13857.65,0.09,Low,81878.9,26%,20918.31,72.38,Debit Card,5,FALSE,Pending,8
ORD-03069,19/08/2023,2023,Q3,August,Saturday,CUST13129,Nikhil Nair,36,Adult,Male,East,Kolkata,Groceries,Cooking Oil,9,461.84,0.06,Low,5002.24,9%,440.52,74.88,Cash on Delivery,2,FALSE,Delivered,5
ORD-01242,14/07/2021,2021,Q3,July,Wednesday,CUST50699,Rohan Chatterjee,16,Child & Teen,Female,East,Patna,Books,Self-Help Book,999,545.25,0.02,Low,729651.06,35%,258878.2,54.26,Debit Card,4,FALSE,Delivered,2
ORD-02668,28/02/2023,2023,Q1,February,Tuesday,CUST00301,Shreya Mehta,19,Young Adult,Male,West,Mumbai,Books,Textbook,9,1227.77,0.09,Low,10383.44,41%,4289.27,74.78,Cash on Delivery,2,TRUE,Returned,1
ORD-00995,29/03/2021,2021,Q1,March,Monday,CUST31960,Arjun Bhat,47,Adult,Other,North,Chandigarh,Clothing,T-Shirt,10,3992.44,0.15,Medium,37327.01,33%,12430.23,40.58,Debit Card,5,FALSE,Delivered,2
ORD-03960,09/04/2024,2024,Q2,April,Tuesday,CUST08100,Aditya Iyer,21,Young Adult,Other,North,Amritsar,Groceries,Rice (5kg),9,201.86,0.01,Low,2456.41,9%,221.64,57.28,EMI,,FALSE,Delivered,4
ORD-02617,02/10/2023,2023,Q4,October,Monday,CUST17877,Priya Iyer,44,Adult,Male,North,Chandigarh,Groceries,Dal (1kg),8,364.69,0.13,Medium,2876.59,6%,173.21,36.26,Cash on Delivery,5,FALSE,Delivered,5
ORD-00850,22/01/2021,2021,Q1,January,Friday,CUST69680,Nisha Pillai,36,Adult,Female,Central,Raipur,Electronics,Tablet,6,10944.15,0.21,High,42423.95,13%,5320.38,63.46,UPI,1,FALSE,Pending,8
ORD-02659,26/02/2023,2023,Q1,February,Sunday,CUST24774,Aditya Mehta,16,Child & Teen,Female,Central,Raipur,Furniture,Desk,8,30273.47,0.35,Very High,154408.51,24%,36948.63,62.8,Debit Card,2,FALSE,Delivered,9
ORD-03153,29/09/2023,2023,Q3,September,Friday,CUST93955,Aditya Rao,24,Young Adult,Female,North,Ludhiana,Electronics,Headphones,9,56863.21,0.23,High,470774.92,13%,62906,36.46,Cash on Delivery,3,FALSE,Delivered,3
ORD-00517,17/08/2020,2020,Q3,August,Monday,CUST58116,Ritu Reddy,27,Young Adult,Other,South,Bangalore,Sports,Football,9,12449.98,0.25,High,96151.04,24%,22779.35,37.1,Debit Card,,FALSE,Cancelled,1
ORD-02808,03/05/2023,2023,Q2,May,Wednesday,CUST74228,Kavya Reddy,48,Adult,Other,Central,Raipur,Books,Comic Book,1,769.04,0.13,Medium,1113.83,45%,505.12,46.7,EMI,1,FALSE,Delivered,10
ORD-00501,08/09/2020,2020,Q3,September,Tuesday,CUST64153,Aarav Reddy,35,Young Adult,Female,West,Mumbai,Clothing,Jacket,2,3190.9,0.08,Low,6874.97,31%,2112.7,74.32,Debit Card,,FALSE,Cancelled,2
ORD-01127,24/05/2021,2021,Q2,May,Monday,CUST44836,Priya Gupta,42,Adult,Other,North,Ludhiana,Sports,Cycle,9,13067.04,0.22,High,129179.48,13%,17264.66,58.55,Cash on Delivery,1,TRUE,Returned,4
ORD-00464,23/07/2020,2020,Q3,July,Thursday,CUST22675,Priya Kumar,46,Adult,Other,West,Mumbai,Furniture,Bookshelf,6,12344.66,0.02,Low,93910.03,35%,32713,34.26,Credit Card,2,FALSE,Delivered,6
ORD-00898,02/07/2021,2021,Q3,July,Friday,CUST48501,Priya Bose,22,Young Adult,Male,East,Guwahati,Books,Comic Book,9,682.41,0.39,Very High,3288.5,29%,950.54,73.23,Credit Card,4,FALSE,Shipped,7
ORD-00642,13/10/2020,2020,Q4,October,Tuesday,CUST75414,Arjun Mishra,35,Young Adult,Male,North,Ludhiana,Electronics,Tablet,7,42976.47,0.32,Very High,173058.34,12%,20091.83,60.6,Cash on Delivery,1,FALSE,Delivered,2
ORD-00482,08/01/2020,2020,Q1,January,Wednesday,CUST78799,Rahul Reddy,,,Male,Central,Indore,Groceries,Sugar,2,245.8,0.2,Medium,485.67,8%,40.76,55.25,UPI,4,FALSE,Delivered,1
ORD-01088,05/06/2021,2021,Q2,June,Saturday,CUST86516,Aditya Kumar,53,Adult,Other,Central,Raipur,Groceries,Flour,10,426.88,0.19,Medium,4803.63,8%,399.66,69.62,Debit Card,,FALSE,Cancelled,3
ORD-00639,10/12/2020,2020,Q4,December,Thursday,CUST32361,Kavya Joshi,29,Young Adult,Other,South,Chennai,Clothing,Jacket,9,3720.46,0.2,Medium,25352.89,34%,8663.42,69.62,EMI,3,FALSE,Delivered,10
ORD-00330,23/05/2020,2020,Q2,May,Saturday,CUST60862,Meera Patel,42,Adult,Male,Central,Indore,Groceries,Tea,5,340.16,0.37,Very High,1501.76,6%,96.24,58.79,UPI,1,FALSE,Delivered,3
ORD-00919,17/02/2021,2021,Q1,February,Wednesday,CUST83261,Ritu Mehta,25,Young Adult,Female,West,Ahmedabad,Sports,Cricket Bat,1,14980.35,0.06,Low,16007.63,22%,3501.94,66.95,Credit Card,5,FALSE,Delivered,8
ORD-03509,03/04/2024,2024,Q2,April,Wednesday,CUST87841,Aditya Mehta,34,Young Adult,Male,West,Ahmedabad,Electronics,Smartwatch,7,34398.85,0.32,Very High,211978.75,10%,22144.21,71.38,Cash on Delivery,1,TRUE,Returned,5
ORD-00643,14/10/2020,2020,Q4,October,Wednesday,CUST54148,Aarav Kapoor,44,Adult,Male,Central,Nagpur,Beauty,Hair Oil,10,447.27,0.15,Medium,2458.7,47%,1150.13,45.79,Net Banking,4,FALSE,delivered,5
ORD-00218,04/04/2020,2020,Q2,April,Saturday,CUST80333,Kavya Mehta,58,Senior,Other,South,Kochi,Books,Fiction Novel,2,640.98,0.05,Low,1372.2,32%,437.79,68.68,UPI,2,FALSE,Delivered,5
ORD-00135,23/02/2020,2020,Q1,February,Sunday,CUST09673,Ritu Nair,41,Adult,Male,West,Mumbai,Electronics,Tablet,9,39365.34,0.15,Medium,210085.4,9%,19908.38,56.84,Debit Card,4,FALSE,Delivered,8
ORD-02572,25/01/2023,2023,Q1,January,Wednesday,CUST19082,Sanjay Joshi,38,Adult,Other,West,Pune,Clothing,Jeans,8,3747.11,0.15,Medium,25653.59,31%,8023.16,35.73,Net Banking,5,FALSE,Cancelled,1
ORD-03640,05/01/2024,2024,Q1,January,Friday,CUST31568,Ananya Shah,12,Child & Teen,Other,East,Kolkata,Beauty,Sunscreen,5,1989.16,0.24,High,12820.21,47%,5988.44,79.5,Net Banking,4,FALSE,Delivered,5
ORD-02527,01/02/2023,2023,Q1,February,Wednesday,CUST06675,Deepa Nair,2,Child & Teen,Female,North,Amritsar,Books,Textbook,7,1431.35,0.2,Medium,8558.35,41%,3547.79,60.84,UPI,1,TRUE,Returned,2
ORD-03863,08/04/2024,2024,Q2,April,Monday,CUST81760,Priya Verma,,,Female,South,Hyderabad,Furniture,Desk,7,23321.93,0.25,High,170809.51,34%,57631.73,81.16,UPI,1,FALSE,Delivered,6
ORD-00705,16/11/2020,2020,Q4,November,Monday,CUST82661,Rohan Kumar,26,Young Adult,Male,East,Bhubaneswar,Beauty,Hair Oil,1,2036.13,0.34,Very High,999.56,37%,371.42,70.99,Cash on Delivery,1,FALSE,Shipped,6
ORD-01488,31/10/2021,2021,Q4,October,Sunday,CUST63879,Rahul Patel,23,Young Adult,Male,North,Amritsar,Groceries,Rice (5kg),2,499.3,0.06,Low,838.13,10%,80.06,69.89,Credit Card,4,FALSE,Delivered,3
ORD-03808,13/07/2024,2024,Q3,July,Saturday,CUST03800,Rahul Mishra,36,Adult,Other,South,Bangalore,Clothing,Kurta,4,3455.27,0,No Discount,20334.29,42%,8527.59,73.07,EMI,2,FALSE,Delivered,9
ORD-00133,20/02/2020,2020,Q1,February,Thursday,CUST06416,Aditya Iyer,28,Young Adult,Male,West,Pune,Books,Textbook,9,657.44,0,No Discount,5550.8,33%,1842.41,53.36,EMI,1,FALSE,Cancelled,9
ORD-02267,13/09/2022,2022,Q3,September,Tuesday,CUST18261,Kavya Iyer,35,Young Adult,Male,North,Delhi,Beauty,Perfume,1,2480.5,0.07,Low,2697.26,37%,1008.27,42.84,UPI,2,TRUE,Returned,9
ORD-01914,26/04/2022,2022,Q2,April,Tuesday,CUST69924,Sunita Bose,46,Adult,Female,North,Ludhiana,Sports,Yoga Mat,10,9875.47,0.24,High,97179.05,21%,19944.59,98.45,Credit Card,1,FALSE,Shipped,
ORD-01975,22/05/2022,2022,Q2,May,Sunday,CUST55730,Arjun Bose,37,Adult,Female,North,Delhi,Furniture,Wardrobe,4,31494.17,0.23,High,139624.11,26%,35809.83,57.08,EMI,,TRUE,Returned,7
ORD-03854,08/01/2024,2024,Q1,January,Monday,CUST17266,Aarav Rao,24,Young Adult,Male,East,Patna,Books,Textbook,5,303.28,0.24,High,1696.93,38%,651.04,68.98,Credit Card,5,FALSE,Delivered,6
ORD-02441,25/11/2022,2022,Q4,November,Friday,CUST43234,Rahul Singh,45,Adult,Male,North,Amritsar,Sports,Yoga Mat,9,8750.14,0.23,High,54615.07,29%,15670.41,45.73,UPI,2,FALSE,delivered,8
ORD-00675,11/01/2020,2020,Q1,January,Saturday,CUST59612,Meera Das,18,Young Adult,Other,West,Surat,Groceries,Flour,4,326.66,0.02,Low,986.8,7%,70.77,46.22,UPI,4,FALSE,Delivered,1
ORD-00157,03/06/2020,2020,Q2,June,Wednesday,CUST32598,Meera Mishra,52,Adult,Other,North,Delhi,Sports,Cycle,1,6367.24,0.33,Very High,4149.57,26%,1071.43,62.13,Net Banking,5,FALSE,Shipped,
ORD-04167,15/12/2024,2024,Q4,December,Sunday,CUST06213,Kavya Patel,29,Young Adult,Other,East,Bhubaneswar,Furniture,Bed Frame,9,26558.96,0.12,Medium,191023.49,22%,41485.81,110.49,Net Banking,3,TRUE,Returned,6
ORD-03855,08/01/2024,2024,Q1,January,Monday,CUST83631,Meera Reddy,49,Adult,Other,North,Chandigarh,Sports,Dumbbells,9,2947.21,0.21,High,31412.17,17%,5480.32,42.11,Net Banking,3,FALSE,Delivered,7
ORD-03190,10/12/2023,2023,Q4,December,Sunday,CUST24234,Meera Verma,32,Young Adult,Other,East,Kolkata,Books,Cook Book,4,1290.01,0,No Discount,6137.27,46%,2840.6,68.69,Cash on Delivery,2,FALSE,Pending,6
ORD-03757,24/06/2024,2024,Q2,June,Monday,CUST96410,Priya Shah,51,Adult,Male,South,Chennai,Books,Cook Book,5,961.89,0.01,Low,7627.11,46%,3502.92,70.62,Credit Card,4,FALSE,Delivered,3
ORD-02500,21/12/2022,2022,Q4,December,Wednesday,CUST39273,Aarav Bose,35,Young Adult,Other,North,Chandigarh,Groceries,Dal (1kg),2,87.85,0.19,Medium,103.31,6%,6.42,63.89,Debit Card,1,FALSE,Delivered,10
ORD-02344,10/11/2022,2022,Q4,November,Thursday,CUST14351,Kavya Singh,33,Young Adult,Other,South,Chennai,Furniture,Wardrobe,10,33036.39,0.15,Medium,296109.08,32%,94051.67,73.88,UPI,4,FALSE,delivered,3
ORD-03341,16/12/2023,2023,Q4,December,Saturday,CUST62991,Meera Pillai,25,Young Adult,Female,North,Chandigarh,Electronics,Smartwatch,3,32029.32,0.02,Low,75119.27,15%,11139.42,73.87,UPI,2,FALSE,Delivered,3
ORD-03642,05/03/2024,2024,Q1,March,Tuesday,CUST91604,Deepa Pillai,,,Male,Central,Raipur,Clothing,Saree,1,1545.75,0.33,Very High,1542.53,40%,612.18,63.94,Net Banking,2,TRUE,Returned,9
ORD-03571,30/03/2024,2024,Q1,March,Saturday,CUST52512,Nisha Sharma,25,Young Adult,Other,North,Chandigarh,Clothing,Jacket,4,2828.85,0.3,High,10952.86,36%,3943.46,76.1,Debit Card,3,FALSE,Cancelled,3
ORD-01181,15/06/2021,2021,Q2,June,Tuesday,CUST78578,Vikram Reddy,4,Child & Teen,Other,Central,Raipur,Electronics,Laptop,1,47536.69,0.14,Medium,48541.55,15%,7443.68,39.99,Credit Card,3,FALSE,Cancelled,4
ORD-01135,27/05/2021,2021,Q2,May,Thursday,CUST96639,Nisha Shah,28,Young Adult,Female,East,Guwahati,Sports,Cycle,6,6132.4,0.14,Medium,43423.68,14%,6267.62,83.58,EMI,3,FALSE,Delivered,3
ORD-03783,07/03/2024,2024,Q1,March,Thursday,CUST12983,Amit Singh,29,Young Adult,Other,South,Chennai,Beauty,Shampoo,,561.79,0.16,Medium,777.12,33%,256.7,65.1,UPI,1,FALSE,Delivered,4
ORD-01837,25/03/2022,2022,Q1,March,Friday,CUST54771,Arjun Nair,26,Young Adult,Male,South,Chennai,Sports,Yoga Mat,9,8324.77,0.01,Low,78776.93,25%,19757.51,114.04,Net Banking,4,FALSE,Shipped,3
ORD-03375,31/12/2023,2023,Q4,December,Sunday,CUST69853,Deepa Chatterjee,26,Young Adult,Other,East,Patna,Electronics,Camera,1,39921.4,0.23,High,29027.34,16%,4657.8,79.95,Credit Card,5,FALSE,Delivered,1
ORD-00352,31/05/2020,2020,Q2,May,Sunday,CUST23957,Aditya Joshi,36,Adult,Male,West,Ahmedabad,Sports,Dumbbells,3,5934.84,0.4,Very High,13742.69,25%,3428.34,72.22,Cash on Delivery,4,FALSE,Shipped,2
ORD-03565,28/03/2024,2024,Q1,March,Thursday,CUST40074,Kavya Patel,59,Senior,Male,West,Mumbai,Groceries,Rice (5kg),9,158.32,0.22,High,1561.49,7%,114.52,64.86,EMI,3,FALSE,Delivered,10
ORD-03987,15/09/2024,2024,Q3,September,Sunday,CUST84905,Pooja Bhat,28,Young Adult,Male,East,Bhubaneswar,Groceries,Flour,10,394.18,0.11,Medium,4349.83,9%,380.98,90.1,UPI,3,FALSE,Delivered,3
ORD-03285,19/11/2023,2023,Q4,November,Sunday,CUST64046,Shreya Mishra,15,Child & Teen,Other,Central,Nagpur,Furniture,Chair,7,30237.39,0.15,Medium,155865.09,25%,38187.73,68.65,Credit Card,5,FALSE,Cancelled,8
ORD-03045,08/10/2023,2023,Q4,October,Sunday,CUST54485,Karan Kapoor,42,Adult,Male,South,Bangalore,Groceries,Tea,4,474.68,0.3,High,1844.79,9%,156.82,41.43,Credit Card,3,FALSE,Delivered,7
ORD-03187,10/09/2023,2023,Q3,September,Sunday,CUST63003,Nisha Mehta,4,Child & Teen,Female,Central,Indore,Electronics,Smartphone,2,15759.44,0.15,Medium,30120.16,13%,3914.94,66.72,Net Banking,5,FALSE,Delivered,10
ORD-03170,10/04/2023,2023,Q2,April,Monday,CUST69634,Nikhil Reddy,,,Male,East,Patna,Books,Fiction Novel,8,344.93,0.06,Low,2797.51,46%,1292.82,61.8,Net Banking,3,FALSE,Delivered,3
ORD-02112,18/07/2022,2022,Q3,July,Monday,CUST60338,Nikhil Joshi,33,Young Adult,Female,North,Amritsar,Furniture,Chair,4,3037.37,0.1,Low,12378.84,24%,3013.5,45.31,Debit Card,3,FALSE,Cancelled,4
ORD-01355,09/02/2021,2021,Q1,February,Tuesday,CUST96314,Ananya Pillai,17,Child & Teen,Other,Central,Bhopal,Beauty,Lipstick,10,565.58,0.36,Very High,4045.87,53%,2129.62,37.31,EMI,3,TRUE,Returned,9
ORD-03828,22/07/2024,2024,Q3,July,Monday,CUST16772,Ritu Mehta,35,Young Adult,Other,Central,Indore,Electronics,Smartwatch,3,45894.21,0.11,Medium,191499.56,15%,29426.2,51.2,UPI,2,FALSE,Delivered,3
ORD-00769,14/12/2020,2020,Q4,December,Monday,CUST22535,Priya Das,27,Young Adult,Female,Central,Bhopal,Furniture,Desk,9,20678.49,0.35,Very High,87908.48,38%,33141.7,46.74,Credit Card,2,FALSE,Delivered,5
ORD-01203,26/06/2021,2021,Q2,June,Saturday,CUST20494,Karan Bhat,58,Senior,Other,South,Hyderabad,Clothing,Dress,1,3505.24,0.31,Very High,3938.32,41%,1621.58,55.77,UPI,3,FALSE,Delivered,9
ORD-01548,25/11/2021,2021,Q4,November,Thursday,CUST86499,Amit Gupta,29,Young Adult,Other,North,Amritsar,Groceries,Dal (1kg),,391.05,0.11,Medium,304.23,9%,27.95,38.52,Credit Card,,FALSE,Shipped,10
ORD-03754,23/06/2024,2024,Q2,June,Sunday,CUST83515,Amit Shah,33,Young Adult,Male,East,Patna,Groceries,Dal (1kg),9,298.83,0.1,Low,4084.65,7%,279.53,55.65,EMI,1,TRUE,Returned,1
ORD-01404,25/09/2021,2021,Q3,September,Saturday,CUST34886,Karan Iyer,25,Young Adult,Female,East,Kolkata,Books,Fiction Novel,10,350.58,0.32,Very High,2561.17,36%,916.75,95,UPI,5,FALSE,Delivered,7
ORD-03344,18/12/2023,2023,Q4,December,Monday,CUST66556,Ananya Nair,42,Adult,Male,North,Chandigarh,Sports,Yoga Mat,,935.36,0.06,Low,727.57,22%,161.08,50.09,UPI,1,TRUE,Returned,3
ORD-00023,01/09/2020,2020,Q3,September,Tuesday,CUST78914,Ritu Rao,44,Adult,Female,West,Pune,Furniture,Desk,8,12654.92,0.37,Very High,44039.5,30%,13136.75,75.7,Cash on Delivery,1,FALSE,Delivered,1
ORD-03573,04/01/2024,2024,Q1,January,Thursday,CUST13424,Kavya Mishra,16,Child & Teen,Other,Central,Nagpur,Furniture,Chair,8,21200.54,0.25,High,198759.57,26%,52379.78,30.82,Credit Card,5,FALSE,Delivered,9
ORD-03438,30/01/2024,2024,Q1,January,Tuesday,CUST66705,Sunita Shah,51,Adult,Other,West,Pune,Books,Self-Help Book,4,523,0.26,High,1458.67,30%,432,42.17,UPI,4,FALSE,Delivered,5
ORD-02818,05/09/2023,2023,Q3,September,Tuesday,CUST11582,Kavya Kumar,36,Adult,Female,Central,Raipur,Beauty,Shampoo,5,576.73,0.07,Low,4465.04,36%,1617.65,61.27,EMI,4,FALSE,Cancelled,2
ORD-03416,21/01/2024,2024,Q1,January,Sunday,CUST98563,Ananya Pillai,27,Young Adult,Female,West,Ahmedabad,Groceries,Dal (1kg),10,406.98,0.13,Medium,3726.88,5%,185.43,17.51,Net Banking,3,FALSE,Cancelled,1
ORD-00351,31/05/2020,2020,Q2,May,Sunday,CUST05560,Aditya Shah,36,Adult,Other,West,Ahmedabad,Sports,Yoga Mat,9,13555.14,0.2,Medium,120212,30%,36132.18,93.89,UPI,5,FALSE,Delivered,7
ORD-02653,22/02/2023,2023,Q1,February,Wednesday,CUST19008,Karan Singh,46,Adult,Female,Central,Bhopal,Books,Cook Book,6,821.9,0.11,Medium,4718.43,27%,1271.26,24.77,Debit Card,4,FALSE,Delivered,5
ORD-00604,26/09/2020,2020,Q3,September,Saturday,CUST47446,Arjun Gupta,23,Young Adult,Other,East,Guwahati,Furniture,Desk,4,10669.95,0.36,Very High,27756.98,35%,9717.32,73.78,EMI,1,FALSE,Delivered,2
ORD-00768,14/12/2020,2020,Q4,December,Monday,CUST47322,Ritu Chatterjee,32,Young Adult,Female,Central,Nagpur,Sports,Tennis Racket,4,3803.71,0.1,Low,9647.73,19%,1808.82,75.19,Cash on Delivery,4,FALSE,Delivered,9
ORD-01175,06/09/2021,2021,Q3,September,Monday,CUST72525,Vikram Nair,16,Child & Teen,Male,North,Amritsar,Clothing,Kurta,10,2096.84,0.04,Low,29360.23,47%,13912.15,29.35,UPI,4,FALSE,Delivered,4
ORD-00596,24/09/2020,2020,Q3,September,Thursday,CUST30793,Shreya Mehta,29,Young Adult,Male,North,Chandigarh,Beauty,Face Cream,2,2372.24,0.18,Medium,3450.53,40%,1389.92,51.38,EMI,5,FALSE,Delivered,1
ORD-02256,09/10/2022,2022,Q4,October,Sunday,CUST76072,Karan Pillai,21,Young Adult,Other,West,Pune,Furniture,Bookshelf,9,29503.49,0.02,Low,295846.81,21%,62680.47,44.27,Debit Card,1,FALSE,Shipped,3
ORD-01241,14/07/2021,2021,Q3,July,Wednesday,CUST61863,Shreya Joshi,35,Young Adult,Female,East,Guwahati,Groceries,Rice (5kg),7,245.58,0.24,High,1697.64,10%,173.17,84.93,Cash on Delivery,5,FALSE,Delivered,3
ORD-01000,30/03/2021,2021,Q1,March,Tuesday,CUST98974,Karan Reddy,38,Adult,Female,South,Chennai,Books,Cook Book,4,1425.29,0.21,High,5074.93,42%,2152.95,84.46,UPI,3,FALSE,Delivered,2
ORD-02229,30/08/2022,2022,Q3,August,Tuesday,CUST82156,Arjun Reddy,35,Young Adult,Male,North,Chandigarh,Furniture,Bookshelf,3,29848.47,0.26,High,88033.69,31%,26851.32,62.97,Debit Card,5,FALSE,Pending,10
ORD-03572,30/03/2024,2024,Q1,March,Saturday,CUST95134,Aarav Kumar,32,Young Adult,Other,West,Surat,Sports,Cricket Bat,5,10965.5,0.17,Medium,60476.18,17%,10094.56,67.11,Debit Card,3,FALSE,Delivered,3
ORD-03892,08/12/2024,2024,Q4,December,Sunday,CUST28116,Pooja Bose,2,Child & Teen,Other,West,Ahmedabad,Clothing,Jacket,10,1866.54,0.06,Low,28793.88,36%,10235.47,39.49,Credit Card,5,FALSE,Cancelled,7
ORD-00574,14/09/2020,2020,Q3,September,Monday,CUST90504,Aarav Sharma,16,Child & Teen,Female,West,Pune,Furniture,Sofa,3,8460.49,0.16,Medium,19748.43,34%,6671.85,38.06,Cash on Delivery,3,FALSE,Delivered,3
ORD-01591,12/11/2021,2021,Q4,November,Friday,CUST83440,Aditya Sharma,21,Young Adult,Female,South,Bangalore,Groceries,Rice (5kg),8,210.62,0.36,Very High,807.18,6%,51.19,62.4,Net Banking,,FALSE,Delivered,6
ORD-00499,08/07/2020,2020,Q3,July,Wednesday,CUST68621,Sunita Nair,5,Child & Teen,Other,East,Kolkata,Groceries,Cooking Oil,4,299.75,0.01,Low,1339.61,8%,109.11,106.26,EMI,2,FALSE,Cancelled,7
ORD-01130,25/05/2021,2021,Q2,May,Tuesday,CUST78754,Aditya Mehta,16,Child & Teen,Other,West,Mumbai,Books,Cook Book,7,862.1,0.39,Very High,3916.31,38%,1476.96,72.68,EMI,1,TRUE,Returned,8
ORD-00756,12/09/2020,2020,Q3,September,Saturday,CUST60860,Aarav Bose,35,Young Adult,Other,West,Mumbai,Clothing,Kurta,7,446.81,0.07,Low,2020.82,29%,594.44,79.49,Net Banking,1,FALSE,Cancelled,1
ORD-02357,16/10/2022,2022,Q4,October,Sunday,CUST17365,Nikhil Pillai,36,Adult,Female,Central,Raipur,Groceries,Rice (5kg),8,394.24,0.28,High,2269.73,9%,208.28,66.63,Credit Card,1,FALSE,Delivered,4
ORD-02897,06/06/2023,2023,Q2,June,Tuesday,CUST64599,Priya Verma,6,Child & Teen,Female,North,Amritsar,Electronics,Smartwatch,6,62456.65,0.02,Low,593837.1,12%,72763.11,30.38,Debit Card,4,FALSE,Cancelled,1
ORD-02629,14/02/2023,2023,Q1,February,Tuesday,CUST23638,Shreya Shah,57,Senior,Male,Central,Nagpur,Beauty,Shampoo,9,1014.1,0.17,Medium,7782.1,33%,2587.13,50.45,Credit Card,1,FALSE,Delivered,10
ORD-01317,15/08/2021,2021,Q3,August,Sunday,CUST37544,Vikram Mehta,35,Young Adult,Other,North,Amritsar,Furniture,Wardrobe,10,26198.4,0.08,Low,256959.11,36%,92292.36,42.39,Credit Card,4,FALSE,Delivered,2
ORD-03043,08/09/2023,2023,Q3,September,Friday,CUST77236,Shreya Mehta,53,Adult,Female,Central,Bhopal,Beauty,Lipstick,4,369.22,0.19,Medium,1495.87,53%,791.13,38.15,Credit Card,5,FALSE,Delivered,9
ORD-04152,12/07/2024,2024,Q3,July,Friday,CUST27678,Kavya Kapoor,39,Adult,Other,South,Hyderabad,Groceries,Tea,6,199.94,0.07,Low,1058.44,9%,90.06,70.92,Credit Card,3,FALSE,Shipped,10
ORD-00084,02/03/2020,2020,Q1,March,Monday,CUST43984,Meera Kumar,58,Senior,Male,North,Ludhiana,Clothing,Kurta,2,1849.33,0.36,Very High,2115.12,21%,453.68,31.92,UPI,5,FALSE,Delivered,5
ORD-00539,25/08/2020,2020,Q3,August,Tuesday,CUST19345,Ananya Pillai,53,Adult,Other,Central,Indore,Clothing,Jacket,999,2567.4,0.31,Very High,2281458.22,39%,899209.6,74.46,EMI,3,FALSE,Delivered,5
ORD-01926,05/02/2022,2022,Q1,February,Saturday,CUST98569,Amit Joshi,29,Young Adult,Female,West,Mumbai,Beauty,Lipstick,4,1147.98,0.2,Medium,6361.05,50%,3168.26,65.04,Credit Card,4,FALSE,Shipped,3
ORD-03361,25/12/2023,2023,Q4,December,Monday,CUST86557,Rahul Patel,42,Adult,Male,South,Hyderabad,Clothing,Dress,9,498.04,0.17,Medium,3156.27,27%,846.9,66.24,EMI,2,FALSE,Cancelled,9
ORD-02174,08/11/2022,2022,Q4,November,Tuesday,CUST21947,Pooja Das,14,Child & Teen,Male,Central,Raipur,Groceries,Rice (5kg),4,226.35,0.07,Low,989.86,9%,91.52,55.59,Debit Card,1,FALSE,Pending,3
ORD-01785,03/03/2022,2022,Q1,March,Thursday,CUST57566,Sanjay Kumar,36,Adult,Male,South,Chennai,Groceries,Rice (5kg),10,206.1,0.35,Very High,1777.49,8%,133.97,79.95,UPI,2,FALSE,Delivered,1
ORD-02544,01/09/2023,2023,Q3,September,Friday,CUST94242,Kavya Gupta,46,Adult,Male,North,Chandigarh,Furniture,Bookshelf,7,14759.75,0.17,Medium,87388.37,18%,15358.82,24.99,EMI,,FALSE,Delivered,4
ORD-00016,01/06/2020,2020,Q2,June,Monday,CUST31154,Pooja Kapoor,,,Female,East,Patna,Clothing,Jeans,5,669.43,0.01,Low,2618.73,27%,710.9,82.42,Credit Card,4,FALSE,Delivered,10
ORD-01005,31/03/2021,2021,Q1,March,Wednesday,CUST25038,Ritu Iyer,2,Child & Teen,Female,Central,Raipur,Electronics,Laptop,4,68084.1,0.37,Very High,189388.83,7%,13906.21,69.36,Debit Card,,FALSE,Delivered,3
ORD-02197,16/08/2022,2022,Q3,August,Tuesday,CUST78749,Aarav Joshi,36,Adult,Male,South,Hyderabad,Clothing,Jacket,7,1443.52,0.13,Medium,11305.88,31%,3465.68,55.23,Credit Card,1,TRUE,Returned,5
ORD-01714,02/02/2022,2022,Q1,February,Wednesday,CUST52422,Priya Mishra,8,Child & Teen,Other,Central,Indore,Sports,Football,5,13240.63,0.26,High,46691.07,20%,9265.4,67.49,Net Banking,5,FALSE,Delivered,5
ORD-01722,02/05/2022,2022,Q2,May,Monday,CUST63028,Deepa Mishra,31,Young Adult,Other,Central,Bhopal,Groceries,Tea,8,367.78,0.05,Low,2940.06,5%,156.67,59.05,Net Banking,3,FALSE,Delivered,10
ORD-01626,27/12/2021,2021,Q4,December,Monday,CUST71913,Aditya Das,49,Adult,Female,East,Guwahati,Sports,Cricket Bat,8,5432.7,0.02,Low,31946.52,14%,4581.83,74.44,Credit Card,4,FALSE,Delivered,3
ORD-04025,13/10/2024,2024,Q4,October,Sunday,CUST94922,Arjun Reddy,58,Senior,Other,Central,Indore,Beauty,Face Cream,10,1026.66,0.13,Medium,9081.45,50%,4511.59,101.7,Debit Card,2,FALSE,Shipped,8
ORD-02917,16/06/2023,2023,Q2,June,Friday,CUST53514,Karan Patel,25,Young Adult,Female,East,Kolkata,Groceries,Flour,9,374.09,0.17,Medium,4521.17,9%,397.05,78.38,Debit Card,1,TRUE,Returned,8
ORD-03254,11/05/2023,2023,Q2,May,Thursday,CUST62167,Aarav Nair,6,Child & Teen,Other,North,Ludhiana,Groceries,Sugar,6,131.77,0.35,Very High,499.25,12%,57.45,58.15,Debit Card,5,FALSE,Delivered,3
ORD-03240,11/01/2023,2023,Q1,January,Wednesday,CUST64411,Arjun Kapoor,,,Other,South,Hyderabad,Groceries,Tea,6,160.41,0.3,High,586.06,11%,63.9,77.63,Net Banking,1,FALSE,Delivered,3
ORD-03770,28/06/2024,2024,Q2,June,Friday,CUST96876,Nikhil Sharma,35,Young Adult,Other,South,Bangalore,Electronics,Smartwatch,,21887.79,0.34,Very High,27456.59,13%,3466.29,71.52,Debit Card,5,FALSE,Delivered,9
ORD-03698,25/05/2024,2024,Q2,May,Saturday,CUST96903,Sunita Gupta,34,Young Adult,Male,Central,Raipur,Electronics,Camera,9,40526.75,0.37,Very High,293380.85,12%,34699.61,66.27,Debit Card,,TRUE,Returned,8
ORD-00220,04/05/2020,2020,Q2,May,Monday,CUST34125,Arjun Das,53,Adult,Male,South,Kochi,Electronics,Smartwatch,7,9567.57,0.15,Medium,74980.19,8%,6346.79,57.59,UPI,2,TRUE,Returned,5
ORD-01606,17/12/2021,2021,Q4,December,Friday,CUST76863,Rahul Iyer,,,Female,South,Hyderabad,Electronics,Camera,1,44910.55,0.23,High,25982.59,7%,1789.8,63.09,Cash on Delivery,3,TRUE,Returned,10
ORD-00188,24/03/2020,2020,Q1,March,Tuesday,CUST84898,Deepa Mishra,45,Adult,Male,East,Kolkata,Electronics,Smartphone,1,6658.64,0.06,Low,6373.28,11%,702.66,108.65,UPI,4,FALSE,Delivered,10
ORD-03444,02/02/2024,2024,Q1,February,Friday,CUST31786,Pooja Verma,23,Young Adult,Other,North,Delhi,Furniture,Sofa,1,18541.2,0.28,High,14966.05,28%,4220.82,26.45,Cash on Delivery,5,FALSE,Delivered,9
ORD-01492,11/02/2021,2021,Q1,February,Thursday,CUST52972,Karan Rao,47,Adult,Male,West,Ahmedabad,Beauty,Face Cream,1,214.05,0.33,Very High,112.78,32%,35.96,36.57,UPI,,FALSE,Delivered,10
ORD-01673,17/01/2022,2022,Q1,January,Monday,CUST61953,Nikhil Iyer,36,Adult,Male,West,Mumbai,Beauty,Perfume,7,1098.02,0.23,High,4476.08,47%,2091.36,61.05,Cash on Delivery,3,FALSE,Delivered,10
ORD-00645,15/10/2020,2020,Q4,October,Thursday,CUST20584,Sanjay Nair,38,Adult,Female,East,Kolkata,Books,Self-Help Book,9,1306.28,0.21,High,8262.31,52%,4280.66,74.54,Net Banking,1,FALSE,Delivered,4
ORD-01025,04/09/2021,2021,Q3,September,Saturday,CUST16923,Nisha Bhat,36,Adult,Male,North,Amritsar,Sports,Tennis Racket,999,9380.72,0.29,High,7936261.2,22%,1739854,72.62,Net Banking,4,FALSE,Delivered,4
ORD-01835,25/03/2022,2022,Q1,March,Friday,CUST19761,Sanjay Gupta,35,Young Adult,Other,East,Bhubaneswar,Groceries,Rice (5kg),6,113.85,0.12,Medium,739.35,6%,42.47,94.73,UPI,5,FALSE,Delivered,9
ORD-03501,03/01/2024,2024,Q1,January,Wednesday,CUST99295,Pooja Shah,61,Senior,Male,South,Chennai,Beauty,Hair Oil,2,2459.27,0.22,High,4998.52,51%,2550.26,90.29,Credit Card,5,FALSE,Delivered,2
ORD-01836,25/03/2022,2022,Q1,March,Friday,CUST59858,Arjun Chatterjee,51,Adult,Female,Central,Raipur,Clothing,Dress,4,3759.12,0.06,Low,16565.63,36%,5889.66,49.87,Cash on Delivery,3,FALSE,Delivered,1
ORD-02683,03/09/2023,2023,Q3,September,Sunday,CUST18854,Pooja Nair,53,Adult,Female,Central,Bhopal,Books,Fiction Novel,7,291.53,0.08,Low,2565.08,22%,571.02,71.31,Credit Card,1,FALSE,Delivered,3
ORD-03701,26/05/2024,2024,Q2,May,Sunday,CUST18957,Ritu Shah,,,Male,Central,Indore,Groceries,Rice (5kg),7,314.01,0.22,High,2725.99,10%,279.75,47.43,UPI,1,TRUE,Returned,5
ORD-04039,18/10/2024,2024,Q4,October,Friday,CUST38048,Nisha Bose,32,Young Adult,Male,Central,Nagpur,Sports,Cycle,1,13524.69,0.16,Medium,12066.97,21%,2590.87,66.76,UPI,5,FALSE,Delivered,6
ORD-01471,24/10/2021,2021,Q4,October,Sunday,CUST70306,Amit Singh,18,Young Adult,Male,Central,Raipur,Clothing,Dress,4,2744.4,0.06,Low,9005.15,40%,3617.26,63.69,EMI,1,FALSE,Pending,7
ORD-02561,14/01/2023,2023,Q1,January,Saturday,CUST34744,Meera Joshi,38,Adult,Male,North,Ludhiana,Electronics,Tablet,6,8947.94,0.18,Medium,39941.04,10%,4114.43,67.17,Net Banking,4,FALSE,Cancelled,10
ORD-02297,23/09/2022,2022,Q3,September,Friday,CUST42672,Kavya Nair,33,Young Adult,Male,West,Mumbai,Beauty,Perfume,5,926.42,0.25,High,3809.66,40%,1528.7,64.01,Debit Card,5,FALSE,Shipped,6
ORD-03108,09/05/2023,2023,Q2,May,Tuesday,CUST73404,Ritu Patel,36,Adult,Male,Central,Bhopal,Electronics,Smartphone,9,26560.24,0.2,Medium,238441.62,14%,32963.32,47.86,Debit Card,2,FALSE,Delivered,10
ORD-01121,20/05/2021,2021,Q2,May,Thursday,CUST42961,Rahul Reddy,44,Adult,Female,West,Pune,Sports,Cricket Bat,4,2049.02,0.11,Medium,10395.54,16%,1625.17,77.49,Cash on Delivery,2,FALSE,Delivered,1
ORD-04059,26/10/2024,2024,Q4,October,Saturday,CUST50161,Priya Mishra,25,Young Adult,Female,South,Chennai,Groceries,Dal (1kg),7,352.63,0.25,High,1976.85,9%,173.35,62.95,Net Banking,3,TRUE,Returned,5
ORD-03653,05/06/2024,2024,Q2,June,Wednesday,CUST59471,Karan Mehta,28,Young Adult,Other,South,Kochi,Clothing,Jacket,7,3210.04,0.38,Very High,22477.05,38%,8603.97,60.3,Credit Card,,TRUE,Returned,1
ORD-03548,21/03/2024,2024,Q1,March,Thursday,CUST66417,Vikram Rao,21,Young Adult,Other,East,Patna,Clothing,T-Shirt,8,894.69,0.02,Low,9349.02,19%,1742.56,62.56,Cash on Delivery,5,FALSE,Delivered,6
ORD-02642,17/02/2023,2023,Q1,February,Friday,CUST28950,Ritu Iyer,48,Adult,Male,East,Guwahati,Clothing,Jeans,9,3701.68,0.25,High,25508.14,40%,10141.91,66.89,Credit Card,5,FALSE,Delivered,2
ORD-01107,14/05/2021,2021,Q2,May,Friday,CUST94112,Pooja Nair,25,Young Adult,Male,West,Surat,Sports,Tennis Racket,9,12847.76,,,143841.57,19%,26810.1,59.25,EMI,3,FALSE,Pending,2
ORD-01743,13/02/2022,2022,Q1,February,Sunday,CUST21723,Kavya Gupta,31,Young Adult,Other,North,Ludhiana,Books,Comic Book,3,1239.02,0.3,High,2496.6,30%,753.81,47.04,Credit Card,3,FALSE,Delivered,1
ORD-03587,04/09/2024,2024,Q3,September,Wednesday,CUST49861,Rahul Bhat,36,Adult,Female,South,Chennai,Beauty,Sunscreen,10,1227.43,0.31,Very High,12426.65,56%,6994.21,88.5,Debit Card,5,FALSE,Delivered,3
ORD-02306,29/09/2022,2022,Q3,September,Thursday,CUST12892,Nisha Pillai,35,Young Adult,Male,Central,Nagpur,Clothing,Jacket,2,3165.33,0.27,High,5468.29,32%,1737.74,73.28,Credit Card,4,FALSE,delivered,2
ORD-02019,06/09/2022,2022,Q3,September,Tuesday,CUST93903,Karan Patel,28,Young Adult,Other,Central,Indore,Groceries,Sugar,10,430.31,0.09,Low,5372.93,7%,397.37,47.6,Net Banking,1,FALSE,Delivered,2
ORD-01432,10/07/2021,2021,Q3,July,Saturday,CUST02652,Nisha Mehta,32,Young Adult,Male,North,Chandigarh,Sports,Tennis Racket,5,10759.43,0.18,Medium,40614.59,27%,10920.96,43.85,UPI,4,FALSE,Delivered,2
ORD-02901,06/08/2023,2023,Q3,August,Sunday,CUST57226,Rahul Nair,21,Young Adult,Female,West,Ahmedabad,Books,Cook Book,6,471.17,0.18,Medium,3369.46,40%,1337.48,88.71,Cash on Delivery,4,FALSE,Cancelled,1
ORD-01156,06/03/2021,2021,Q1,March,Saturday,CUST97655,Sanjay Kapoor,45,Adult,Female,North,Amritsar,Groceries,Sugar,2,346.78,0.3,High,705.38,10%,68.49,0.51,Net Banking,1,FALSE,Delivered,2
ORD-02148,31/07/2022,2022,Q3,July,Sunday,CUST63511,Pooja Nair,28,Young Adult,Male,East,Patna,Books,Fiction Novel,6,817.12,0.36,Very High,4458.93,34%,1524.76,74.5,Cash on Delivery,1,TRUE,Returned,9
ORD-02168,09/08/2022,2022,Q3,August,Tuesday,CUST41061,Priya Iyer,39,Adult,Male,West,Mumbai,Books,Textbook,4,426.71,0.25,High,1765.74,47%,838.62,39.2,Debit Card,4,TRUE,Returned,8
ORD-03098,09/01/2023,2023,Q1,January,Monday,CUST98755,Arjun Chatterjee,39,Adult,Other,Central,Raipur,Electronics,Tablet,1,22693.39,0.08,Low,27894.98,15%,4153.76,48.31,Net Banking,5,FALSE,Delivered,9
ORD-04021,10/08/2024,2024,Q3,August,Saturday,CUST14904,Ritu Reddy,37,Adult,Male,South,Bangalore,Books,Self-Help Book,5,1217.44,0.33,Very High,4363.93,33%,1440,66.03,Cash on Delivery,5,FALSE,Delivered,4
ORD-01075,05/02/2021,2021,Q1,February,Friday,CUST51934,Rahul Joshi,28,Young Adult,Male,West,Surat,Groceries,Flour,8,208.12,0.16,Medium,1788.09,6%,110.57,77.98,UPI,3,FALSE,Delivered,7
ORD-01935,04/05/2022,2022,Q2,May,Wednesday,CUST62118,Deepa Kumar,34,Young Adult,Female,North,Chandigarh,Groceries,Tea,6,429.91,0.13,Medium,2947.93,5%,145.45,42.69,Debit Card,5,FALSE,Delivered,3
ORD-02195,15/08/2022,2022,Q3,August,Monday,CUST93002,Rahul Mehta,39,Adult,Other,East,Bhubaneswar,Furniture,Bookshelf,1,27840.27,0.33,Very High,29507.88,24%,7118.47,59.77,Cash on Delivery,4,FALSE,Delivered,4
ORD-03623,24/04/2024,2024,Q2,April,Wednesday,CUST36037,Sanjay Kumar,39,Adult,Male,East,Guwahati,Clothing,Saree,6,805.73,0.39,Very High,4220,54%,2273.25,96.9,Credit Card,1,FALSE,Delivered,9
ORD-04139,12/04/2024,2024,Q2,April,Friday,CUST95283,Ananya Chatterjee,31,Young Adult,Male,Central,Bhopal,Sports,Football,,3886.22,0.24,High,2473,20%,489.55,40.87,Debit Card,4,TRUE,Returned,4
ORD-02082,07/07/2022,2022,Q3,July,Thursday,CUST70646,Karan Bhat,39,Adult,Male,North,Amritsar,Groceries,Flour,2,345.49,0.39,Very High,710.96,7%,51.95,61.64,UPI,4,FALSE,Delivered,10
ORD-02286,19/09/2022,2022,Q3,September,Monday,CUST95250,Arjun Shah,44,Adult,Female,North,Delhi,Sports,Football,9,3394.34,0.06,Low,39194.69,23%,8874.98,16.96,Debit Card,2,TRUE,Returned,8
ORD-01748,15/02/2022,2022,Q1,February,Tuesday,CUST68997,Pooja Kumar,56,Senior,Female,East,Kolkata,Clothing,Saree,10,3465.09,0.2,Medium,25651.74,34%,8796.12,99.4,EMI,5,FALSE,Delivered,9
ORD-01860,04/01/2022,2022,Q1,January,Tuesday,CUST41096,Kavya Reddy,27,Young Adult,Male,West,Surat,Furniture,Bookshelf,10,21474.06,0.33,Very High,214328.13,15%,31877.36,49.93,EMI,2,FALSE,Delivered,8
ORD-01169,06/08/2021,2021,Q3,August,Friday,CUST81880,Aditya Mehta,34,Young Adult,Other,West,Ahmedabad,Sports,Cricket Bat,5,9004.02,0,No Discount,49123.38,19%,9315.67,69.24,EMI,5,FALSE,Delivered,6
ORD-00369,06/07/2020,2020,Q3,July,Monday,CUST07373,Sunita Iyer,32,Young Adult,Female,East,Guwahati,Books,Fiction Novel,5,1078.72,0.03,Low,6627.97,48%,3203.59,78.46,Cash on Delivery,4,FALSE,Delivered,4
ORD-01979,25/05/2022,2022,Q2,May,Wednesday,CUST52587,Rohan Das,46,Adult,Male,North,Amritsar,Beauty,Hair Oil,8,1707.74,0.01,Low,18873.13,53%,10051.04,76.8,Debit Card,2,FALSE,Delivered,3
ORD-01173,06/09/2021,2021,Q3,September,Monday,CUST01335,Ananya Joshi,36,Adult,Male,North,Chandigarh,Furniture,Desk,7,17851.56,0.08,Low,174116.21,35%,60713.1,54.22,EMI,,FALSE,Shipped,2
ORD-01566,12/01/2021,2021,Q1,January,Tuesday,CUST20422,Karan Shah,13,Child & Teen,Female,North,Delhi,Books,Cook Book,3,675.22,0.25,High,973.92,38%,371.91,21.24,EMI,5,FALSE,Delivered,8
ORD-00853,24/01/2021,2021,Q1,January,Sunday,CUST13945,Karan Kapoor,39,Adult,Male,North,Ludhiana,Clothing,Jeans,8,1814.02,0.36,Very High,8060.63,26%,2084.5,67.95,UPI,1,FALSE,Cancelled,6
ORD-02762,04/10/2023,2023,Q4,October,Wednesday,CUST36388,Aarav Gupta,44,Adult,Other,North,Chandigarh,Furniture,Chair,7,10222.85,0.32,Very High,83123.74,34%,28655.62,44.75,UPI,,FALSE,Cancelled,10
ORD-03677,16/05/2024,2024,Q2,May,Thursday,CUST13845,Pooja Joshi,24,Young Adult,Female,West,Pune,Books,Self-Help Book,5,386.11,0.05,Low,3102.98,24%,740.13,71.81,Cash on Delivery,3,FALSE,Shipped,7
ORD-00342,28/05/2020,2020,Q2,May,Thursday,CUST87199,Shreya Mishra,32,Young Adult,Other,South,Hyderabad,Sports,Football,8,14818.6,0.11,Medium,121250.56,23%,27352.51,79.9,UPI,5,FALSE,Delivered,6
ORD-03227,28/10/2023,2023,Q4,October,Saturday,CUST26871,Nisha Bhat,26,Young Adult,Female,Central,Raipur,Books,Textbook,4,653.78,0.39,Very High,1691.13,42%,702.11,57.6,Credit Card,3,FALSE,Cancelled,4
ORD-02547,01/12/2023,2023,Q4,December,Friday,CUST35370,Meera Iyer,13,Child & Teen,Male,South,Hyderabad,Furniture,Desk,10,4609.6,0.39,Very High,22527.45,28%,6267.09,72.79,Cash on Delivery,3,TRUE,Returned,4
ORD-03009,26/07/2023,2023,Q3,July,Wednesday,CUST37112,Rohan Pillai,35,Young Adult,Female,East,Guwahati,Books,Textbook,7,520.82,0.15,Medium,4550.23,34%,1554.74,78.67,EMI,3,FALSE,Delivered,6
ORD-00286,05/07/2020,2020,Q3,July,Sunday,CUST11198,Aarav Gupta,26,Young Adult,Male,East,Guwahati,Beauty,Shampoo,3,2059.96,0.04,Low,8056.36,43%,3439.24,92.05,Net Banking,1,FALSE,Delivered,8
ORD-03160,30/09/2023,2023,Q3,September,Saturday,CUST54899,Meera Chatterjee,12,Child & Teen,Male,North,Amritsar,Groceries,Sugar,1,89.43,0.2,Medium,83.75,8%,6.58,37.63,Credit Card,1,FALSE,Delivered,5
ORD-01757,17/02/2022,2022,Q1,February,Thursday,CUST67988,Nikhil Kapoor,3,Child & Teen,Other,South,Chennai,Beauty,Perfume,3,1566.52,0.37,Very High,2439.84,48%,1173.24,81.77,EMI,1,TRUE,Returned,3
ORD-02392,11/01/2022,2022,Q1,January,Tuesday,CUST20067,Priya Bhat,4,Child & Teen,Male,North,Ludhiana,Electronics,Laptop,10,34447.29,0.14,Medium,242331.73,11%,27631.34,29.16,Credit Card,5,FALSE,Shipped,6
ORD-01863,04/02/2022,2022,Q1,February,Friday,CUST08965,Pooja Bose,49,Adult,Other,West,Ahmedabad,Furniture,Bookshelf,2,29772.1,0.21,High,57845.42,30%,17251.72,57.47,Net Banking,2,FALSE,Pending,6
ORD-01011,04/03/2021,2021,Q1,March,Thursday,CUST27445,Deepa Das,19,Young Adult,Female,South,Hyderabad,Furniture,Bed Frame,1,30648.42,0.39,Very High,22238.65,26%,5768.84,99.16,Cash on Delivery,3,FALSE,Cancelled,9
ORD-00798,29/12/2020,2020,Q4,December,Tuesday,CUST23116,Nikhil Verma,57,Senior,Female,Central,Nagpur,Electronics,Tablet,4,13059.62,0.11,Medium,35330.16,14%,4782.44,56.15,UPI,4,TRUE,Returned,7
ORD-04051,24/10/2024,2024,Q4,October,Thursday,CUST81236,Sunita Iyer,26,Young Adult,Male,Central,Nagpur,Groceries,Tea,6,358.44,0.33,Very High,1597.57,10%,154.69,55.56,EMI,5,FALSE,Delivered,8
ORD-00637,10/12/2020,2020,Q4,December,Thursday,CUST31450,Rahul Joshi,41,Adult,Male,West,Ahmedabad,Groceries,Cooking Oil,3,482.62,0.01,Low,1337.09,5%,63.09,47.14,Net Banking,5,FALSE,Delivered,
ORD-01842,26/03/2022,2022,Q1,March,Saturday,CUST29238,Nisha Kapoor,31,Young Adult,Male,South,Hyderabad,Groceries,Rice (5kg),4,240.11,0.22,High,999.98,10%,98.61,73.81,Net Banking,3,FALSE,Delivered,10
ORD-02516,28/12/2022,2022,Q4,December,Wednesday,CUST04115,Pooja Mehta,28,Young Adult,Female,East,Patna,Furniture,Wardrobe,6,6993.08,0.36,Very High,20187.04,26%,5220.66,87.7,Cash on Delivery,1,FALSE,Delivered,5
ORD-03304,29/11/2023,2023,Q4,November,Wednesday,CUST38933,Sunita Reddy,45,Adult,Other,Central,Indore,Beauty,Hair Oil,7,2195.91,0.28,High,8503.47,46%,3907.75,63.07,UPI,1,TRUE,Returned,6
ORD-02928,20/06/2023,2023,Q2,June,Tuesday,CUST17827,Sunita Bose,4,Child & Teen,Other,Central,Indore,Clothing,Kurta,6,3464.49,0.3,High,23273.58,38%,8946.26,68.97,Credit Card,4,FALSE,Cancelled,5
ORD-02162,08/05/2022,2022,Q2,May,Sunday,CUST70128,Priya Rao,,,Other,East,Kolkata,Books,Self-Help Book,3,1288.6,0.03,Low,4314.77,37%,1600.29,88.39,Debit Card,5,FALSE,Delivered,2
ORD-01965,18/05/2022,2022,Q2,May,Wednesday,CUST41329,Nikhil Verma,37,Adult,Female,West,Mumbai,Clothing,Saree,9,2779.53,0.35,Very High,21070.99,41%,8557.51,60.61,EMI,2,FALSE,Delivered,7
ORD-02573,25/01/2023,2023,Q1,January,Wednesday,CUST56165,Nikhil Patel,42,Adult,Other,East,Patna,Electronics,Tablet,6,59741.71,0.16,Medium,274146.04,14%,37793.71,70.42,Net Banking,5,FALSE,Delivered,10
ORD-00524,19/08/2020,2020,Q3,August,Wednesday,CUST71429,Shreya Shah,26,Young Adult,Female,Central,Bhopal,Electronics,Tablet,1,24574.09,0.31,Very High,18570.7,9%,1618.66,51.33,Net Banking,2,TRUE,Returned,9
ORD-01244,16/07/2021,2021,Q3,July,Friday,CUST02216,Aditya Gupta,31,Young Adult,Male,North,Chandigarh,Books,Biography,6,1434.91,0.15,Medium,8544.42,34%,2933.84,31.36,EMI,2,FALSE,Delivered,6
ORD-02410,11/06/2022,2022,Q2,June,Saturday,CUST42492,Vikram Das,31,Young Adult,Other,South,Bangalore,Electronics,Smartphone,2,71479.88,0.14,Medium,89772.04,12%,10563.18,80.96,Credit Card,4,TRUE,Returned,3
ORD-00411,30/06/2020,2020,Q2,June,Tuesday,CUST25002,Rahul Das,31,Young Adult,Other,South,Chennai,Electronics,Camera,10,55392.79,0.3,High,509672.92,9%,47237.56,43.11,Net Banking,4,FALSE,Delivered,7
ORD-02285,19/09/2022,2022,Q3,September,Monday,CUST27442,Rahul Sharma,25,Young Adult,Female,Central,Nagpur,Beauty,Perfume,6,226.83,0.24,High,1203.63,53%,638.69,48.65,Debit Card,3,FALSE,Delivered,1
ORD-00443,14/07/2020,2020,Q3,July,Tuesday,CUST99270,Sanjay Iyer,44,Adult,Other,North,Ludhiana,Sports,Tennis Racket,5,14604.49,0.14,Medium,84861.96,24%,20545.89,79.68,UPI,5,FALSE,Delivered,4
ORD-01551,27/11/2021,2021,Q4,November,Saturday,CUST57238,Sunita Nair,1,Child & Teen,Female,North,Amritsar,Beauty,Sunscreen,2,524.5,0.13,Medium,764.26,47%,357.6,38.55,Debit Card,5,FALSE,Delivered,8
ORD-00359,06/03/2020,2020,Q1,March,Friday,CUST46631,Vikram Das,2,Child & Teen,Other,South,Chennai,Sports,Dumbbells,4,3114.57,0.04,Low,14254.8,17%,2493.63,77.95,Cash on Delivery,5,FALSE,Delivered,5
ORD-01204,27/06/2021,2021,Q2,June,Sunday,CUST58365,Karan Mehta,34,Young Adult,Male,Central,Nagpur,Clothing,Dress,6,1824.73,0.07,Low,13172.15,33%,4404.16,111.66,EMI,1,TRUE,Returned,1
ORD-02758,04/09/2023,2023,Q3,September,Monday,CUST17548,Deepa Singh,38,Adult,Other,North,Ludhiana,Books,Comic Book,10,1140.33,0.27,High,11676.23,32%,3683.76,52.27,EMI,,FALSE,Delivered,2
ORD-00315,17/05/2020,2020,Q2,May,Sunday,CUST62709,Ananya Verma,3,Child & Teen,Male,East,Guwahati,Books,Self-Help Book,10,635.99,0.16,Medium,7279.36,43%,3155.48,88.69,EMI,2,FALSE,Delivered,1
ORD-02014,06/06/2022,2022,Q2,June,Monday,CUST26242,Rohan Chatterjee,5,Child & Teen,Female,North,Delhi,Furniture,Sofa,9,18354.53,0.4,Very High,119623.01,39%,46776.23,60.02,Credit Card,3,FALSE,delivered,10
ORD-00806,01/04/2021,2021,Q2,April,Thursday,CUST73115,Ritu Iyer,25,Young Adult,Male,Central,Nagpur,Beauty,Lipstick,5,2326.77,0.38,Very High,5580.64,52%,2891.02,74.06,EMI,4,FALSE,Shipped,
ORD-02679,03/06/2023,2023,Q2,June,Saturday,CUST93760,Nikhil Kapoor,48,Adult,Male,East,Patna,Groceries,Cooking Oil,8,412.18,0.37,Very High,2510.56,9%,237.24,74.88,Debit Card,2,FALSE,Cancelled,3
ORD-00035,13/01/2020,2020,Q1,January,Monday,CUST07419,Priya Nair,33,Young Adult,Female,West,Ahmedabad,Sports,Tennis Racket,3,14820.82,0.39,Very High,21635.72,23%,4987.3,45,Debit Card,3,FALSE,Delivered,5
ORD-01207,29/06/2021,2021,Q2,June,Tuesday,CUST44749,Pooja Singh,21,Young Adult,Female,South,Chennai,Clothing,Kurta,7,1092.77,0.25,High,8012.86,34%,2746.44,79.09,Credit Card,2,FALSE,Delivered,10
ORD-03186,10/09/2023,2023,Q3,September,Sunday,CUST37684,Rohan Mishra,46,Adult,Other,North,Delhi,Books,Fiction Novel,4,1295.21,0.1,Low,5174.52,45%,2321.8,23.54,Credit Card,4,FALSE,Delivered,6
ORD-03315,12/05/2023,2023,Q2,May,Friday,CUST93902,Amit Sharma,27,Young Adult,Other,South,Chennai,Beauty,Hair Oil,3,752.34,0.25,High,1312.85,46%,600.66,65.3,Net Banking,5,FALSE,Delivered,1
ORD-02563,16/01/2023,2023,Q1,January,Monday,CUST04574,Sunita Shah,11,Child & Teen,Female,South,Chennai,Sports,Football,5,4093.28,0.23,High,14415.44,17%,2444.13,77.13,Debit Card,2,FALSE,Cancelled,7
ORD-03706,30/05/2024,2024,Q2,May,Thursday,CUST22929,Ananya Singh,29,Young Adult,Other,North,Chandigarh,Clothing,Dress,8,2994.98,0.2,Medium,31403.77,36%,11180.42,45.43,Net Banking,5,FALSE,Delivered,5
ORD-03895,13/08/2024,2024,Q3,August,Tuesday,CUST09260,Rohan Bhat,58,Senior,Female,West,Ahmedabad,Clothing,Jeans,3,3209.05,0.24,High,10071.36,40%,4002.87,53.21,Credit Card,,TRUE,Returned,7
ORD-00026,01/10/2020,2020,Q4,October,Thursday,CUST14542,Kavya Chatterjee,31,Young Adult,Female,South,Kochi,Groceries,Flour,7,423.99,0.21,High,1984.26,10%,189.37,45.05,Cash on Delivery,1,FALSE,Delivered,8
ORD-04150,12/07/2024,2024,Q3,July,Friday,CUST41606,Arjun Verma,26,Young Adult,Female,North,Ludhiana,Electronics,Headphones,2,51176.53,0.12,Medium,72400.09,12%,8619.13,59.77,Cash on Delivery,2,FALSE,Delivered,3
ORD-02234,31/08/2022,2022,Q3,August,Wednesday,CUST98675,Sunita Shah,28,Young Adult,Female,East,Bhubaneswar,Beauty,Lipstick,8,1190.38,0.29,High,9135.75,64%,5877.03,93.18,UPI,1,TRUE,Returned,1
ORD-03427,25/01/2024,2024,Q1,January,Thursday,CUST72511,Sunita Gupta,34,Young Adult,Male,Central,Raipur,Groceries,Dal (1kg),,470.22,0.07,Low,370.8,8%,28.04,65.41,Debit Card,2,FALSE,Delivered,4
ORD-01311,08/12/2021,2021,Q4,December,Wednesday,CUST00450,Sanjay Iyer,39,Adult,Male,West,Ahmedabad,Electronics,Smartwatch,7,63396.04,0.05,Low,514656.3,9%,47623.99,47.91,EMI,3,FALSE,Delivered,2
ORD-00314,17/05/2020,2020,Q2,May,Sunday,CUST45424,Pooja Gupta,38,Adult,Male,West,Mumbai,Sports,Cricket Bat,6,3765.92,0.27,High,20744.7,25%,5247.02,90.54,UPI,4,FALSE,Delivered,9
ORD-02156,08/04/2022,2022,Q2,April,Friday,CUST99111,Meera Nair,33,Young Adult,Other,Central,Bhopal,Beauty,Sunscreen,1,1864.55,0.02,Low,2317.03,36%,835.39,82.42,EMI,1,TRUE,Returned,5
ORD-02101,13/07/2022,2022,Q3,July,Wednesday,CUST17742,Meera Verma,47,Adult,Female,South,Hyderabad,Electronics,Smartphone,6,9010.34,0.38,Very High,49758.87,10%,5134.33,75.34,UPI,4,FALSE,delivered,10
ORD-00733,12/01/2020,2020,Q1,January,Sunday,CUST15499,Priya Mishra,34,Young Adult,Other,West,Mumbai,Furniture,Desk,9,12544.46,0.21,High,65545.14,36%,23589.88,79.05,Debit Card,4,FALSE,Delivered,4
ORD-01641,01/01/2022,2022,Q1,January,Saturday,CUST87800,Rahul Patel,51,Adult,Male,East,Bhubaneswar,Furniture,Bookshelf,1,27509.11,0.34,Very High,17323.1,20%,3413.01,50.42,Credit Card,2,TRUE,Returned,9
ORD-00406,25/06/2020,2020,Q2,June,Thursday,CUST55912,Rohan Iyer,41,Adult,Female,Central,Nagpur,Books,Cook Book,1,794.97,0.15,Medium,910.56,23%,213.02,18.34,Debit Card,5,FALSE,Delivered,6
ORD-03604,19/04/2024,2024,Q2,April,Friday,CUST22575,Nikhil Mehta,4,Child & Teen,Female,Central,Indore,Clothing,Jeans,2,3889.03,,,11379.73,36%,4053.26,49.43,Net Banking,,FALSE,Delivered,4
ORD-00419,07/05/2020,2020,Q2,May,Thursday,CUST41041,Pooja Chatterjee,22,Young Adult,Male,West,Surat,Books,Textbook,2,1319.78,0.11,Medium,2893.27,26%,758.61,53.87,Cash on Delivery,5,FALSE,Delivered,5
ORD-01329,20/08/2021,2021,Q3,August,Friday,CUST48811,Ananya Kapoor,27,Young Adult,Male,North,Amritsar,Groceries,Flour,1,108.73,0.39,Very High,87.71,9%,7.58,51.82,Cash on Delivery,4,FALSE,Shipped,7
ORD-01219,07/04/2021,2021,Q2,April,Wednesday,CUST74829,Sunita Bose,32,Young Adult,Male,Central,Indore,Clothing,Dress,9,3582.63,0.15,Medium,40561.11,36%,14700.02,55.73,Credit Card,4,FALSE,Delivered,6
ORD-03413,18/01/2024,2024,Q1,January,Thursday,CUST01012,Rahul Sharma,29,Young Adult,Male,North,Delhi,Furniture,Chair,4,30995.42,0.28,High,93700.04,20%,18542.88,39.88,Net Banking,5,FALSE,Delivered,7
ORD-03002,24/07/2023,2023,Q3,July,Monday,CUST83812,Karan Chatterjee,4,Child & Teen,Other,Central,Indore,Beauty,Hair Oil,3,2358.28,0.21,High,8273.92,49%,4056.62,66.18,Credit Card,4,FALSE,Delivered,10
ORD-03159,30/09/2023,2023,Q3,September,Saturday,CUST24304,Kavya Joshi,5,Child & Teen,Male,North,Ludhiana,Clothing,Jacket,9,1332.1,0.24,High,12579.87,25%,3205.48,79,Credit Card,2,FALSE,Delivered,3
ORD-03450,02/05/2024,2024,Q2,May,Thursday,CUST80072,Ritu Kapoor,37,Adult,Other,West,Pune,Clothing,Jacket,9,1826.63,0.07,Low,16207.04,40%,6487.83,57.55,EMI,5,FALSE,Delivered,9
ORD-02992,20/07/2023,2023,Q3,July,Thursday,CUST09576,Aditya Gupta,49,Adult,Male,West,Surat,Sports,Yoga Mat,10,14494.42,0.17,Medium,166583.26,22%,37373.97,63.48,UPI,2,FALSE,Delivered,9
ORD-01737,02/10/2022,2022,Q4,October,Sunday,CUST67585,Vikram Verma,15,Child & Teen,Female,Central,Indore,Books,Self-Help Book,9,1403.46,0.3,High,9214.56,44%,4061.53,49.87,Debit Card,,TRUE,Returned,6
ORD-01298,08/09/2021,2021,Q3,September,Wednesday,CUST05275,Deepa Bose,36,Adult,Male,South,Bangalore,Furniture,Chair,1,13928.4,0.02,Low,16374.89,30%,4982.19,84.29,Debit Card,1,TRUE,Returned,2
ORD-00747,12/06/2020,2020,Q2,June,Friday,CUST87215,Vikram Reddy,39,Adult,Other,South,Chennai,Furniture,Bookshelf,7,16844.34,0.21,High,63758.45,28%,17615.41,77.12,EMI,4,FALSE,Delivered,7
ORD-01120,19/05/2021,2021,Q2,May,Wednesday,CUST83419,Priya Das,44,Adult,Male,North,Ludhiana,Electronics,Laptop,7,76173.79,0.04,Low,700761.7,14%,99827.84,53.23,Debit Card,3,FALSE,Shipped,4
ORD-02912,06/11/2023,2023,Q4,November,Monday,CUST85957,Arjun Rao,46,Adult,Other,West,Mumbai,Electronics,Tablet,8,74304.54,0.08,Low,736732.69,10%,73848.3,54.14,EMI,2,FALSE,Delivered,9
ORD-01957,15/05/2022,2022,Q2,May,Sunday,CUST64737,Rahul Kapoor,57,Senior,Other,North,Amritsar,Electronics,Headphones,5,40573.07,0.31,Very High,232526.04,9%,20245.06,51.87,UPI,5,FALSE,Delivered,5
ORD-01288,08/03/2021,2021,Q1,March,Monday,CUST52141,Ritu Kumar,29,Young Adult,Female,South,Chennai,Electronics,Smartwatch,9,65957.44,0.32,Very High,526880.46,17%,88344.08,59.57,Cash on Delivery,5,FALSE,Delivered,6
ORD-02581,27/01/2023,2023,Q1,January,Friday,CUST31891,Nikhil Kumar,55,Adult,Female,West,Mumbai,Books,Comic Book,10,262.24,0.25,High,1767.24,40%,706.13,81.67,EMI,3,FALSE,Delivered,5
ORD-00773,15/12/2020,2020,Q4,December,Tuesday,CUST43341,Vikram Singh,46,Adult,Other,West,Ahmedabad,Books,Cook Book,6,444.05,0.38,Very High,1040.65,38%,392.88,100.75,EMI,4,FALSE,Delivered,10
ORD-00682,11/06/2020,2020,Q2,June,Thursday,CUST98255,Shreya Gupta,54,Adult,Female,West,Pune,Books,Comic Book,9,1493.02,0.15,Medium,6644.53,47%,3127.78,40.52,Debit Card,3,FALSE,Delivered,4
ORD-00092,02/05/2020,2020,Q2,May,Saturday,CUST33858,Sunita Bose,37,Adult,Male,West,Surat,Sports,Yoga Mat,10,8101.49,0.21,High,51880.09,15%,7573.04,83.71,Net Banking,2,TRUE,Returned,7
ORD-02172,08/10/2022,2022,Q4,October,Saturday,CUST49313,Rohan Verma,38,Adult,Other,South,Kochi,Sports,Cricket Bat,4,2688.74,0.36,Very High,7914.11,20%,1551.65,54.97,UPI,2,FALSE,Cancelled,1
ORD-00897,02/07/2021,2021,Q3,July,Friday,CUST66586,Ritu Mehta,39,Adult,Male,North,Amritsar,Furniture,Bookshelf,7,15174.89,0.06,Low,79635.1,30%,24165.11,39.53,EMI,2,FALSE,Delivered,1
ORD-03312,12/03/2023,2023,Q1,March,Sunday,CUST71934,Arjun Gupta,28,Young Adult,Male,West,Ahmedabad,Electronics,Tablet,4,61847.14,0.28,High,158246.41,14%,21536.45,70.33,Debit Card,4,TRUE,Returned,5
ORD-00874,02/01/2021,2021,Q1,January,Saturday,CUST90693,Ritu Bose,28,Young Adult,Male,West,Surat,Clothing,Kurta,7,705.54,0.02,Low,4150.51,32%,1347.79,69.43,Cash on Delivery,,FALSE,Delivered,6
ORD-01844,26/03/2022,2022,Q1,March,Saturday,CUST38409,Kavya Verma,46,Adult,Other,West,Surat,Clothing,Saree,6,2129.97,0.33,Very High,10588.9,43%,4603.57,41.82,Net Banking,2,FALSE,Delivered,1
ORD-04034,16/10/2024,2024,Q4,October,Wednesday,CUST75503,Vikram Bose,44,Adult,Other,East,Kolkata,Groceries,Rice (5kg),9,101.5,0.18,Medium,814.46,7%,55.74,85.93,Credit Card,3,FALSE,Shipped,9
ORD-01608,19/12/2021,2021,Q4,December,Sunday,CUST49887,Sunita Bose,41,Adult,Other,West,Pune,Books,Self-Help Book,1,1086.72,0.16,Medium,733.62,26%,191.01,81.14,Cash on Delivery,2,FALSE,Delivered,7
ORD-01258,22/07/2021,2021,Q3,July,Thursday,CUST67262,Rahul Mishra,48,Adult,Other,East,Guwahati,Books,Self-Help Book,9,267.73,0.18,Medium,2753.41,29%,797.79,100.33,Debit Card,5,FALSE,Pending,
ORD-00585,18/09/2020,2020,Q3,September,Friday,CUST92797,Kavya Pillai,33,Young Adult,Other,South,Bangalore,Electronics,Camera,6,51958.82,0.09,Low,296590.44,16%,46515.89,67.94,UPI,5,FALSE,Pending,3
ORD-04091,11/09/2024,2024,Q3,September,Wednesday,CUST86939,Deepa Bose,6,Child & Teen,Male,East,Kolkata,Electronics,Headphones,4,35242.41,0.19,Medium,119306.63,9%,11262.26,105.94,Cash on Delivery,2,FALSE,Delivered,9
ORD-03075,20/08/2023,2023,Q3,August,Sunday,CUST66159,Shreya Shah,17,Child & Teen,Female,East,Kolkata,Furniture,Bookshelf,8,11661.87,0.24,High,95197.56,30%,28202.79,88.67,Net Banking,5,FALSE,Delivered,3
ORD-02293,21/09/2022,2022,Q3,September,Wednesday,CUST83140,Kavya Iyer,19,Young Adult,Male,Central,Raipur,Furniture,Wardrobe,9,11670.17,0.29,High,98477.31,26%,25127.73,70.57,Credit Card,2,FALSE,Pending,5
ORD-03389,01/05/2024,2024,Q2,May,Wednesday,CUST12949,Ananya Bhat,34,Young Adult,Other,Central,Nagpur,Clothing,Jeans,3,2014.35,0.34,Very High,3745.45,41%,1521.68,55.01,UPI,2,FALSE,Delivered,2
ORD-01409,26/09/2021,2021,Q3,September,Sunday,CUST49105,Aarav Nair,9,Child & Teen,Male,West,Ahmedabad,Sports,Cricket Bat,7,12363.5,0.06,Low,79795.54,17%,13170.87,61.11,EMI,1,FALSE,Shipped,
ORD-04106,18/11/2024,2024,Q4,November,Monday,CUST44096,Karan Mehta,24,Young Adult,Male,West,Ahmedabad,Clothing,Saree,6,3683.81,0.14,Medium,18294.23,38%,6945.87,62.15,Credit Card,3,FALSE,Delivered,7
ORD-02488,16/12/2022,2022,Q4,December,Friday,CUST92446,Arjun Pillai,38,Adult,Female,Central,Nagpur,Clothing,Saree,7,3070.57,0.11,Medium,15759.57,33%,5224.39,34.38,Credit Card,1,FALSE,Delivered,2
ORD-02468,12/06/2022,2022,Q2,June,Sunday,CUST62783,Priya Mishra,35,Young Adult,Male,South,Bangalore,Clothing,T-Shirt,10,1323.89,0.17,Medium,7846.07,37%,2864.34,73.19,Credit Card,3,FALSE,Delivered,6
ORD-03558,26/03/2024,2024,Q1,March,Tuesday,CUST69842,Ritu Bose,28,Young Adult,Female,West,Mumbai,Electronics,Smartphone,,17236.67,0.25,High,16579.98,11%,1792.51,70.71,Net Banking,,FALSE,Delivered,2
ORD-03872,08/06/2024,2024,Q2,June,Saturday,CUST05197,Deepa Rao,31,Young Adult,Other,East,Kolkata,Electronics,Smartwatch,1,32097.99,0.19,Medium,38771.85,14%,5312.93,86.5,Net Banking,5,FALSE,Delivered,10
ORD-04053,24/10/2024,2024,Q4,October,Thursday,CUST88893,Sunita Reddy,16,Child & Teen,Male,Central,Indore,Groceries,Rice (5kg),5,127.17,0.13,Medium,579.76,9%,51.77,79.36,Debit Card,5,FALSE,Cancelled,8
ORD-01927,05/02/2022,2022,Q1,February,Saturday,CUST95099,Nisha Verma,23,Young Adult,Other,West,Pune,Clothing,Kurta,9,2847.87,0.1,Low,33393.53,37%,12191.27,82.56,Debit Card,2,FALSE,Cancelled,1
ORD-03251,11/05/2023,2023,Q2,May,Thursday,CUST86211,Arjun Kumar,26,Young Adult,Male,West,Pune,Clothing,Dress,5,3838.12,0.33,Very High,12041.48,40%,4808.14,32.22,UPI,3,FALSE,Delivered,1
ORD-01913,25/04/2022,2022,Q2,April,Monday,CUST36526,Ananya Kapoor,2,Child & Teen,Other,Central,Nagpur,Sports,Tennis Racket,9,1049.52,0.1,Low,10418.77,25%,2621.33,73.93,EMI,2,FALSE,Delivered,5
ORD-00430,07/08/2020,2020,Q3,August,Friday,CUST04699,Nikhil Pillai,23,Young Adult,Male,South,Chennai,Electronics,Laptop,9,57811.07,0.11,Medium,535096.15,13%,69255.11,81.93,Credit Card,1,FALSE,Delivered,6
ORD-03805,07/12/2024,2024,Q4,December,Saturday,CUST88017,Aditya Shah,28,Young Adult,Female,East,Guwahati,Clothing,T-Shirt,9,2080.99,0.16,Medium,29349.38,30%,8715.61,71.25,Net Banking,4,FALSE,Delivered,10
ORD-03311,12/02/2023,2023,Q1,February,Sunday,CUST69847,Nikhil Rao,53,Adult,Female,East,Guwahati,Furniture,Bookshelf,7,17240.23,0.18,Medium,93169.87,31%,29154.44,70.02,UPI,2,FALSE,Delivered,10
ORD-04002,23/09/2024,2024,Q3,September,Monday,CUST44623,Sunita Shah,31,Young Adult,Female,South,Kochi,Books,Fiction Novel,5,893.6,0.03,Low,5604.17,34%,1918.52,70.92,Debit Card,1,FALSE,Delivered,2
ORD-01009,04/01/2021,2021,Q1,January,Monday,CUST88411,Vikram Nair,24,Young Adult,Female,East,Bhubaneswar,Groceries,Dal (1kg),5,417.1,0.07,Low,2357.5,10%,234.32,91.09,Cash on Delivery,5,FALSE,Delivered,
ORD-01669,15/01/2022,2022,Q1,January,Saturday,CUST66582,Deepa Singh,,,Female,South,Hyderabad,Electronics,Tablet,9,32073.99,0.13,Medium,216523.83,12%,25075.11,53.93,Debit Card,1,FALSE,Delivered,1
ORD-03539,17/03/2024,2024,Q1,March,Sunday,CUST80870,Vikram Bhat,39,Adult,Male,East,Kolkata,Furniture,Desk,1,13132.98,0.37,Very High,10874.57,22%,2437.06,64.72,Cash on Delivery,,FALSE,Delivered,9
ORD-03910,16/08/2024,2024,Q3,August,Friday,CUST13303,Arjun Bhat,17,Child & Teen,Other,South,Bangalore,Beauty,Lipstick,2,339.31,0.14,Medium,903.41,30%,266.52,77.85,Credit Card,,FALSE,Delivered,2
ORD-02860,29/05/2023,2023,Q2,May,Monday,CUST89287,Amit Verma,43,Adult,Other,South,Hyderabad,Groceries,Tea,4,176.79,0.34,Very High,759.97,9%,71.67,64.69,UPI,2,FALSE,Delivered,4
ORD-00441,07/12/2020,2020,Q4,December,Monday,CUST63862,Sunita Kapoor,26,Young Adult,Other,East,Patna,Sports,Cricket Bat,2,1653.6,0.04,Low,4503.3,22%,970.42,65.98,UPI,2,FALSE,Cancelled,9
ORD-01942,05/08/2022,2022,Q3,August,Friday,CUST68557,Sunita Patel,43,Adult,Male,North,Amritsar,Books,Cook Book,6,1175.95,0.21,High,6295.77,38%,2412.95,48.24,UPI,1,FALSE,Delivered,8
ORD-03242,11/01/2023,2023,Q1,January,Wednesday,CUST97241,Vikram Iyer,23,Young Adult,Female,North,Ludhiana,Electronics,Camera,2,5533.58,0.28,High,7936.89,14%,1116.53,64.26,UPI,3,FALSE,Delivered,5
ORD-03830,23/07/2024,2024,Q3,July,Tuesday,CUST01634,Sunita Kumar,,,Male,West,Mumbai,Books,Textbook,4,1110.24,0.37,Very High,4630.24,47%,2178.27,50.74,Debit Card,3,FALSE,Shipped,4
ORD-03782,07/03/2024,2024,Q1,March,Thursday,CUST04568,Rohan Joshi,43,Adult,Other,West,Surat,Beauty,Shampoo,4,1596.7,0.35,Very High,6225.11,48%,2976.56,47.58,Cash on Delivery,2,FALSE,Delivered,8
ORD-03175,10/05/2023,2023,Q2,May,Wednesday,CUST40113,Arjun Das,39,Adult,Other,South,Hyderabad,Electronics,Camera,5,11373.83,0.07,Low,67236.76,13%,8643.41,51.2,UPI,2,FALSE,Pending,7
ORD-00202,30/03/2020,2020,Q1,March,Monday,CUST45698,Aarav Singh,35,Young Adult,Other,East,Guwahati,Electronics,Camera,1,61584.97,0.16,Medium,53607.17,8%,4451.98,62.25,Net Banking,,TRUE,Returned,6
ORD-00112,02/11/2020,2020,Q4,November,Monday,CUST64249,Kavya Kumar,31,Young Adult,Female,South,Hyderabad,Books,Comic Book,4,514.81,0.29,High,1258.03,40%,506.71,90.95,Net Banking,3,TRUE,Returned,8
ORD-02325,10/06/2022,2022,Q2,June,Friday,CUST90684,Nisha Kumar,33,Young Adult,Other,East,Guwahati,Furniture,Wardrobe,,3653.99,0.28,High,2715.55,32%,857.67,97.14,Cash on Delivery,4,FALSE,Delivered,8
ORD-03914,19/08/2024,2024,Q3,August,Monday,CUST37605,Priya Gupta,41,Adult,Female,East,Bhubaneswar,Books,Self-Help Book,9,252.57,0.22,High,3014.3,51%,1540.74,68.92,Net Banking,5,FALSE,Delivered,4
ORD-02035,16/06/2022,2022,Q2,June,Thursday,CUST24912,Vikram Chatterjee,2,Child & Teen,Female,South,Kochi,Groceries,Flour,3,328.35,0.36,Very High,955.25,7%,66.63,38.42,Credit Card,1,TRUE,Returned,3
ORD-03656,05/07/2024,2024,Q3,July,Friday,CUST68462,Arjun Verma,22,Young Adult,Male,North,Ludhiana,Groceries,Sugar,7,113.61,0.03,Low,1502.19,9%,129.15,65.96,Debit Card,5,FALSE,Delivered,4
ORD-01623,26/12/2021,2021,Q4,December,Sunday,CUST05179,Priya Mehta,31,Young Adult,Female,North,Amritsar,Sports,Yoga Mat,3,11948.26,0.37,Very High,16327.78,20%,3332.82,46.24,EMI,1,TRUE,Returned,9
ORD-01251,17/07/2021,2021,Q3,July,Saturday,CUST66419,Meera Shah,54,Adult,Female,North,Chandigarh,Books,Fiction Novel,3,454.35,0.08,Low,1480.71,45%,662.33,36.88,Net Banking,5,FALSE,Delivered,1
ORD-01522,16/11/2021,2021,Q4,November,Tuesday,CUST98765,Priya Verma,25,Young Adult,Male,South,Chennai,Beauty,Shampoo,9,1726.96,0.23,High,8215.07,46%,3795.6,92.14,EMI,,FALSE,Delivered,5
ORD-00089,02/04/2020,2020,Q2,April,Thursday,CUST25767,Nisha Sharma,28,Young Adult,Female,Central,Nagpur,Books,Self-Help Book,8,466.79,0.13,Medium,2614.74,43%,1118.74,75.51,Net Banking,1,TRUE,Returned,10
ORD-00531,22/08/2020,2020,Q3,August,Saturday,CUST56061,Aarav Iyer,33,Young Adult,Female,Central,Raipur,Furniture,Bookshelf,1,11106.33,0.21,High,9670.53,33%,3146.8,21.75,EMI,3,FALSE,Delivered,4
ORD-01371,09/10/2021,2021,Q4,October,Saturday,CUST72149,Aarav Patel,47,Adult,Other,South,Chennai,Beauty,Perfume,6,1969.17,0.13,Medium,11841.76,32%,3753.53,62.19,Net Banking,4,FALSE,Delivered,7
ORD-01934,05/04/2022,2022,Q2,April,Tuesday,CUST13888,Nikhil Verma,14,Child & Teen,Female,East,Bhubaneswar,Clothing,Dress,1,487.63,0.12,Medium,645.7,41%,264.52,80.56,Net Banking,3,FALSE,Shipped,6
ORD-03061,17/08/2023,2023,Q3,August,Thursday,CUST33333,Meera Nair,43,Adult,Other,West,Surat,Sports,Tennis Racket,1,8555.4,0.13,Medium,9667.42,22%,2139.78,51.56,Net Banking,4,FALSE,Delivered,5
ORD-01179,13/06/2021,2021,Q2,June,Sunday,CUST89762,Rahul Verma,12,Child & Teen,Other,Central,Indore,Electronics,Tablet,2,69650.18,0.37,Very High,121912.78,13%,16231.29,72.14,UPI,4,FALSE,Shipped,1
ORD-03799,07/10/2024,2024,Q4,October,Monday,CUST47925,Shreya Bose,32,Young Adult,Other,South,Chennai,Electronics,Laptop,6,33794.81,0.2,Medium,278998.42,17%,47680.83,53.59,Credit Card,5,FALSE,Delivered,6
ORD-00794,28/12/2020,2020,Q4,December,Monday,CUST66490,Arjun Singh,41,Adult,Other,South,Hyderabad,Sports,Cricket Bat,3,7407.34,0.1,Low,11320.18,19%,2114.9,49.05,Debit Card,5,FALSE,Delivered,7
ORD-01291,08/05/2021,2021,Q2,May,Saturday,CUST96686,Priya Patel,32,Young Adult,Other,North,Ludhiana,Beauty,Face Cream,8,460.54,0.18,Medium,4504.96,48%,2168.77,52.4,Credit Card,2,FALSE,Delivered,2
ORD-02252,09/08/2022,2022,Q3,August,Tuesday,CUST72140,Ritu Nair,6,Child & Teen,Male,East,Guwahati,Groceries,Rice (5kg),6,415.02,0.39,Very High,1807.15,8%,138.97,100.53,Credit Card,1,FALSE,Cancelled,3
ORD-00042,17/01/2020,2020,Q1,January,Friday,CUST56144,Shreya Singh,29,Young Adult,Male,East,Patna,Beauty,Shampoo,4,487.69,0.27,High,999.41,44%,440.68,86.54,Credit Card,3,FALSE,Delivered,6
ORD-02881,06/03/2023,2023,Q1,March,Monday,CUST20568,Sunita Pillai,3,Child & Teen,Female,West,Pune,Clothing,Jeans,9,378.42,0,No Discount,4977.33,32%,1570.94,43.44,Cash on Delivery,4,FALSE,Delivered,8
ORD-01232,07/10/2021,2021,Q4,October,Thursday,CUST30852,Pooja Mishra,5,Child & Teen,Male,North,Chandigarh,Electronics,Camera,10,73418.09,0.12,Medium,852478.05,12%,100234.13,47.78,UPI,,FALSE,Delivered,1
ORD-02822,05/11/2023,2023,Q4,November,Sunday,CUST92489,Vikram Kumar,29,Young Adult,Female,North,Ludhiana,Sports,Cricket Bat,4,3625.13,0.28,High,14299.68,34%,4907.54,52.29,Credit Card,1,FALSE,Delivered,8
ORD-03751,21/06/2024,2024,Q2,June,Friday,CUST80011,Rahul Chatterjee,35,Young Adult,Male,Central,Raipur,Electronics,Smartphone,8,67283.39,0.11,Medium,832824.46,16%,136279.91,61.27,Credit Card,4,FALSE,Delivered,4
ORD-01046,19/04/2021,2021,Q2,April,Monday,CUST00053,Priya Iyer,26,Young Adult,Male,South,Bangalore,Books,Fiction Novel,7,845.12,0.31,Very High,4942.58,57%,2834.57,62.59,EMI,4,FALSE,Shipped,6
ORD-01873,04/06/2022,2022,Q2,June,Saturday,CUST87809,Kavya Das,32,Young Adult,Male,North,Chandigarh,Sports,Cricket Bat,3,12278.87,0.07,Low,50117.69,15%,7600.27,55.32,Debit Card,5,FALSE,Delivered,2
ORD-01680,19/01/2022,2022,Q1,January,Wednesday,CUST80666,Priya Shah,21,Young Adult,Female,East,Bhubaneswar,Furniture,Wardrobe,6,21414.6,0.08,Low,101055.44,15%,14653.33,77.51,Cash on Delivery,4,FALSE,Delivered,8
ORD-02521,31/12/2022,2022,Q4,December,Saturday,CUST93392,Deepa Bhat,26,Young Adult,Male,West,Mumbai,Groceries,Dal (1kg),9,337.76,0.24,High,1704.17,8%,132.99,68.46,UPI,3,TRUE,Returned,5
ORD-02666,27/02/2023,2023,Q1,February,Monday,CUST26826,Meera Patel,37,Adult,Female,East,Bhubaneswar,Beauty,Hair Oil,3,1235.94,0.23,High,3443.74,47%,1621.5,77.11,EMI,2,FALSE,Delivered,2
ORD-02924,19/06/2023,2023,Q2,June,Monday,CUST46273,Sanjay Gupta,19,Young Adult,Male,North,Ludhiana,Electronics,Smartphone,2,20357.2,0.01,Low,56864.2,11%,6315.84,37.02,Credit Card,4,FALSE,Cancelled,5
ORD-01692,24/01/2022,2022,Q1,January,Monday,CUST69225,Sanjay Bhat,18,Young Adult,Female,West,Pune,Beauty,Face Cream,7,2018.15,0.11,Medium,10594.06,54%,5708.86,69.44,Net Banking,2,FALSE,pending,1
ORD-01325,17/08/2021,2021,Q3,August,Tuesday,CUST05247,Sunita Singh,27,Young Adult,Other,East,Guwahati,Furniture,Wardrobe,7,7638.75,0.3,High,41709.71,26%,10853.15,79,Credit Card,5,FALSE,Cancelled,8
ORD-01455,21/10/2021,2021,Q4,October,Thursday,CUST02169,Amit Mehta,25,Young Adult,Male,West,Surat,Books,Fiction Novel,1,1487.02,0.37,Very High,808.84,40%,327.36,67.16,EMI,,FALSE,Delivered,8
ORD-02237,09/02/2022,2022,Q1,February,Wednesday,CUST79034,Deepa Gupta,28,Young Adult,Female,East,Kolkata,Furniture,Chair,10,20258.77,0.26,High,164321.16,27%,44354.41,81.28,UPI,3,FALSE,Delivered,
ORD-01030,04/11/2021,2021,Q4,November,Thursday,CUST27078,Kavya Singh,23,Young Adult,Female,South,Chennai,Furniture,Chair,7,15442.1,0.15,Medium,116887.25,42%,49080.86,60.99,UPI,2,TRUE,Returned,1
ORD-04196,28/12/2024,2024,Q4,December,Saturday,CUST70995,Rahul Gupta,4,Child & Teen,Male,North,Ludhiana,Electronics,Headphones,5,8516.83,0.34,Very High,25126,14%,3420.94,56.78,UPI,4,FALSE,Delivered,4
ORD-02574,26/01/2023,2023,Q1,January,Thursday,CUST72214,Nisha Nair,41,Adult,Female,East,Kolkata,Groceries,Rice (5kg),,462.27,0.29,High,302.37,9%,27.61,74.43,EMI,4,FALSE,Delivered,6
ORD-03121,09/09/2023,2023,Q3,September,Saturday,CUST63009,Aarav Kapoor,26,Young Adult,Female,East,Guwahati,Clothing,Jeans,3,2461.49,0.17,Medium,6972.95,31%,2178.64,112.99,UPI,1,FALSE,Delivered,3
ORD-00581,17/09/2020,2020,Q3,September,Thursday,CUST52841,Priya Rao,35,Young Adult,Female,Central,Bhopal,Clothing,Jeans,8,3110.11,0.05,Low,22849.8,33%,7429.85,59.8,EMI,5,FALSE,Delivered,1
ORD-02207,20/08/2022,2022,Q3,August,Saturday,CUST52808,Nisha Kapoor,32,Young Adult,Female,East,Bhubaneswar,Books,Comic Book,8,748.13,0.13,Medium,6986.54,29%,2050.35,76.68,Debit Card,2,FALSE,Delivered,3
ORD-03594,04/11/2024,2024,Q4,November,Monday,CUST78597,Sanjay Kumar,13,Child & Teen,Other,South,Kochi,Electronics,Headphones,6,70873,0.37,Very High,359836.7,12%,42189.66,83.88,UPI,3,FALSE,Delivered,4
ORD-00120,16/02/2020,2020,Q1,February,Sunday,CUST90788,Karan Singh,47,Adult,Other,North,Ludhiana,Sports,Cricket Bat,4,2203.36,0.17,Medium,7194.38,16%,1176.36,73.93,Credit Card,1,FALSE,Cancelled,1
ORD-01633,29/12/2021,2021,Q4,December,Wednesday,CUST05863,Meera Das,16,Child & Teen,Male,South,Hyderabad,Sports,Football,2,13090.85,0.33,Very High,11935.37,18%,2166.22,87.29,UPI,2,FALSE,Delivered,5
ORD-01647,01/04/2022,2022,Q2,April,Friday,CUST89140,Aditya Pillai,2,Child & Teen,Male,West,Surat,Sports,Dumbbells,5,2889.82,0.01,Low,12487.02,23%,2820.46,70.26,Credit Card,5,FALSE,Delivered,9
ORD-02033,15/06/2022,2022,Q2,June,Wednesday,CUST51814,Ritu Kumar,38,Adult,Other,East,Guwahati,Sports,Tennis Racket,9,12169.11,0.1,Low,140742.77,21%,29276.65,63.19,Net Banking,5,FALSE,Pending,8
ORD-02302,25/09/2022,2022,Q3,September,Sunday,CUST57376,Aarav Singh,3,Child & Teen,Male,Central,Nagpur,Clothing,Dress,2,1047.08,0.14,Medium,2238.06,38%,854.12,49.15,Net Banking,5,FALSE,Delivered,6
ORD-04136,12/03/2024,2024,Q1,March,Tuesday,CUST52875,Shreya Mishra,24,Young Adult,Female,Central,Bhopal,Books,Self-Help Book,2,585.2,0.28,High,801.85,47%,375.39,29.42,Debit Card,1,FALSE,Cancelled,2
ORD-01685,21/01/2022,2022,Q1,January,Friday,CUST87567,Rahul Shah,41,Adult,Other,South,Kochi,Beauty,Hair Oil,5,1126.89,0.3,High,3560.92,27%,953.02,77.15,EMI,4,FALSE,Delivered,3
ORD-00808,01/05/2021,2021,Q2,May,Saturday,CUST38701,Meera Sharma,45,Adult,Female,East,Kolkata,Sports,Tennis Racket,4,5092.41,0.23,High,13542.42,26%,3463.99,74.84,Debit Card,4,FALSE,Shipped,9
ORD-02227,29/08/2022,2022,Q3,August,Monday,CUST03537,Priya Singh,27,Young Adult,Other,East,Bhubaneswar,Sports,Cricket Bat,1,5779.22,0.31,Very High,5109.23,20%,997.26,61.33,Debit Card,4,TRUE,Returned,5
ORD-02880,06/03/2023,2023,Q1,March,Monday,CUST70204,Shreya Singh,55,Adult,Other,Central,Raipur,Clothing,Jeans,1,2361.96,0.23,High,2691.37,44%,1189.62,62.61,Cash on Delivery,4,FALSE,Delivered,8
ORD-01460,22/10/2021,2021,Q4,October,Friday,CUST92264,Nikhil Chatterjee,38,Adult,Female,Central,Bhopal,Books,Self-Help Book,4,875.51,0.3,High,2078.56,23%,482.57,74.29,Credit Card,3,FALSE,Delivered,3
ORD-00068,25/01/2020,2020,Q1,January,Saturday,CUST52906,Rohan Bose,22,Young Adult,Other,North,Ludhiana,Clothing,Kurta,9,3803.5,0.19,Medium,20906.55,21%,4385.49,29.15,UPI,5,FALSE,Delivered,10
ORD-03265,11/10/2023,2023,Q4,October,Wednesday,CUST91791,Ananya Kapoor,51,Adult,Other,North,Chandigarh,Books,Textbook,5,731.88,,,3284.38,39%,1291.32,48.81,Net Banking,1,TRUE,Returned,10
ORD-01981,25/05/2022,2022,Q2,May,Wednesday,CUST59895,Sanjay Rao,34,Young Adult,Male,East,Bhubaneswar,Electronics,Smartwatch,10,74467.03,0.06,Low,941142.08,9%,81264.87,92.07,EMI,4,FALSE,Delivered,10
ORD-01376,14/09/2021,2021,Q3,September,Tuesday,CUST33017,Aarav Pillai,56,Senior,Female,East,Bhubaneswar,Clothing,Saree,1,2237.32,0.36,Very High,1298.32,48%,627.59,70.34,Net Banking,4,FALSE,Cancelled,6
ORD-01105,14/05/2021,2021,Q2,May,Friday,CUST80204,Vikram Patel,19,Young Adult,Female,East,Patna,Furniture,Desk,4,25489.41,0.13,Medium,131437.57,25%,32943.27,73.78,UPI,3,TRUE,Returned,3
ORD-00113,02/11/2020,2020,Q4,November,Monday,CUST93734,Meera Das,49,Adult,Other,North,Chandigarh,Groceries,Dal (1kg),7,315.99,0.13,Medium,1630.03,8%,123.62,76.22,Credit Card,1,FALSE,Delivered,4
ORD-03368,29/12/2023,2023,Q4,December,Friday,CUST21747,Kavya Shah,19,Young Adult,Female,South,Kochi,Books,Cook Book,8,221.14,0.38,Very High,1030.55,51%,527.82,92,Net Banking,4,FALSE,delivered,8
ORD-01783,03/02/2022,2022,Q1,February,Thursday,CUST27111,Rohan Gupta,37,Adult,Female,West,Ahmedabad,Groceries,Flour,5,86.9,0.34,Very High,357.63,9%,31.6,52.67,Net Banking,4,FALSE,Delivered,2
ORD-02280,16/09/2022,2022,Q3,September,Friday,CUST85697,Nisha Kumar,38,Adult,Male,South,Hyderabad,Furniture,Chair,5,22143.81,0.12,Medium,118422.68,26%,31149.72,53.5,EMI,2,TRUE,Returned,8
ORD-03216,22/10/2023,2023,Q4,October,Sunday,CUST32134,Kavya Chatterjee,33,Young Adult,Male,West,Pune,Beauty,Lipstick,5,313.72,0.26,High,1195.99,39%,468.82,41.27,Net Banking,1,TRUE,Returned,8
ORD-01898,17/04/2022,2022,Q2,April,Sunday,CUST93402,Sanjay Joshi,37,Adult,Female,East,Bhubaneswar,Groceries,Rice (5kg),10,64.44,0.04,Low,923.93,7%,67.39,69.3,UPI,3,TRUE,Returned,2
ORD-00988,25/03/2021,2021,Q1,March,Thursday,CUST03932,Arjun Sharma,55,Adult,Other,South,Bangalore,Groceries,Sugar,3,211.44,0.27,High,561.92,3%,17.1,58.35,UPI,1,TRUE,Returned,8
ORD-03593,04/11/2024,2024,Q4,November,Monday,CUST55992,Aarav Mehta,26,Young Adult,Other,Central,Raipur,Groceries,Cooking Oil,2,426.88,0.22,High,1081.17,8%,85.91,71.23,Cash on Delivery,3,FALSE,Delivered,8
ORD-04132,12/02/2024,2024,Q1,February,Monday,CUST70066,Ritu Rao,,,Male,North,Amritsar,Groceries,Dal (1kg),,64.93,0.31,Very High,43.37,7%,2.91,55.14,Credit Card,4,FALSE,Shipped,3
ORD-02551,01/12/2023,2023,Q4,December,Friday,CUST18241,Nisha Kapoor,54,Adult,Female,Central,Bhopal,Sports,Yoga Mat,8,7866.66,0.28,High,36459.41,26%,9536.21,48.3,Net Banking,4,FALSE,Cancelled,2
ORD-01050,20/04/2021,2021,Q2,April,Tuesday,CUST80824,Arjun Mehta,32,Young Adult,Female,West,Mumbai,Groceries,Tea,8,376.57,0.18,Medium,3472.2,9%,314.21,52.43,UPI,3,FALSE,Delivered,6
ORD-03839,26/07/2024,2024,Q3,July,Friday,CUST67708,Aarav Pillai,29,Young Adult,Male,South,Hyderabad,Beauty,Sunscreen,9,2362.56,0.24,High,27141.72,40%,10738.54,78.73,Net Banking,4,FALSE,Delivered,2
ORD-03826,22/07/2024,2024,Q3,July,Monday,CUST11947,Priya Chatterjee,34,Young Adult,Male,North,Chandigarh,Furniture,Wardrobe,8,26461.22,0.33,Very High,222317.82,30%,66500.31,67.8,Debit Card,3,FALSE,Delivered,7
ORD-04131,12/01/2024,2024,Q1,January,Friday,CUST27632,Pooja Kumar,24,Young Adult,Female,North,Ludhiana,Clothing,Kurta,1,3420.38,0.01,Low,3473.11,45%,1562.14,63.61,Debit Card,,FALSE,Delivered,4
ORD-02794,24/04/2023,2023,Q2,April,Monday,CUST50448,Sanjay Joshi,4,Child & Teen,Other,North,Chandigarh,Books,Cook Book,5,375.59,0.07,Low,2462.15,31%,759.54,86.48,Debit Card,4,FALSE,Delivered,6
ORD-01822,16/03/2022,2022,Q1,March,Wednesday,CUST25475,Kavya Pillai,54,Adult,Female,East,Bhubaneswar,Clothing,Jacket,8,3480.42,0.26,High,26432.66,36%,9634.62,82.01,EMI,2,TRUE,Returned,10
ORD-02486,15/12/2022,2022,Q4,December,Thursday,CUST08668,Ritu Reddy,27,Young Adult,Female,South,Bangalore,Electronics,Headphones,10,27390.35,0.14,Medium,206094.85,14%,28830.39,84.68,UPI,3,TRUE,Returned,10
ORD-03654,05/06/2024,2024,Q2,June,Wednesday,CUST00096,Ritu Bose,41,Adult,Male,Central,Raipur,Groceries,Flour,1,429.16,0.06,Low,614.69,7%,40.82,38.15,Cash on Delivery,2,FALSE,Delivered,7
ORD-02789,21/04/2023,2023,Q2,April,Friday,CUST60012,Shreya Gupta,2,Child & Teen,Male,Central,Bhopal,Books,Textbook,7,714.91,0.34,Very High,5029.55,34%,1690.54,56.73,Credit Card,3,FALSE,Delivered,8
ORD-02310,10/01/2022,2022,Q1,January,Monday,CUST33052,Sunita Bhat,32,Young Adult,Other,North,Amritsar,Beauty,Hair Oil,8,963.22,0.23,High,5534.19,45%,2484.8,60.98,EMI,3,FALSE,Delivered,3
ORD-03019,31/07/2023,2023,Q3,July,Monday,CUST46142,Nisha Mehta,3,Child & Teen,Other,West,Pune,Clothing,Kurta,2,1744.92,0.39,Very High,3236.74,37%,1198.84,44.94,Credit Card,3,TRUE,Returned,7
ORD-02018,06/09/2022,2022,Q3,September,Tuesday,CUST30360,Deepa Patel,26,Young Adult,Female,East,Kolkata,Furniture,Chair,7,27994.03,0.19,Medium,268698.01,20%,53596.61,69.11,Cash on Delivery,3,FALSE,Cancelled,2
ORD-04165,15/12/2024,2024,Q4,December,Sunday,CUST82149,Nisha Verma,38,Adult,Male,East,Bhubaneswar,Electronics,Smartwatch,4,62134.64,0.31,Very High,151708.44,11%,17375.7,66.2,Net Banking,,FALSE,Delivered,1
ORD-02728,29/03/2023,2023,Q1,March,Wednesday,CUST26931,Shreya Shah,22,Young Adult,Other,West,Pune,Sports,Dumbbells,5,9438.65,0.19,Medium,50601.3,21%,10853.36,59.57,UPI,2,FALSE,Delivered,9
ORD-00946,03/03/2021,2021,Q1,March,Wednesday,CUST66962,Arjun Shah,29,Young Adult,Male,South,Kochi,Books,Comic Book,3,265.72,0.26,High,642.25,25%,162.11,60.04,Net Banking,1,FALSE,Cancelled,10
ORD-03868,08/05/2024,2024,Q2,May,Wednesday,CUST05602,Pooja Chatterjee,38,Adult,Female,East,Bhubaneswar,Books,Comic Book,10,712.14,,,10991.18,31%,3414.32,90.89,Debit Card,3,FALSE,Shipped,6
ORD-01950,05/11/2022,2022,Q4,November,Saturday,CUST82536,Sanjay Bose,17,Child & Teen,Female,West,Mumbai,Groceries,Cooking Oil,8,186.85,0.28,High,1720.56,8%,141.73,50.9,Debit Card,1,FALSE,Cancelled,6
ORD-02702,16/03/2023,2023,Q1,March,Thursday,CUST41199,Nikhil Chatterjee,34,Young Adult,Male,West,Ahmedabad,Books,Cook Book,6,942.74,0.28,High,4651.11,35%,1628.44,67.17,UPI,3,FALSE,Delivered,9
ORD-03056,16/08/2023,2023,Q3,August,Wednesday,CUST57382,Pooja Iyer,45,Adult,Female,Central,Raipur,Furniture,Bed Frame,7,21860.37,0.22,High,156258.37,24%,37409.1,28.9,Credit Card,1,TRUE,Returned,7
ORD-01906,22/04/2022,2022,Q2,April,Friday,CUST38374,Deepa Das,,,Other,West,Mumbai,Clothing,Saree,3,3141.61,0.25,High,8685.88,34%,2933.74,44.85,Net Banking,3,FALSE,Cancelled,8
ORD-01259,23/07/2021,2021,Q3,July,Friday,CUST98747,Rahul Pillai,43,Adult,Female,North,Chandigarh,Clothing,Saree,4,3539.46,0.36,Very High,13144.99,35%,4582.45,80.65,EMI,3,TRUE,Returned,10
ORD-01168,06/07/2021,2021,Q3,July,Tuesday,CUST35029,Arjun Verma,41,Adult,Male,South,Hyderabad,Electronics,Headphones,9,63927.14,0.29,High,604434.02,12%,73248.66,68.24,Net Banking,2,FALSE,Delivered,3
ORD-03894,13/08/2024,2024,Q3,August,Tuesday,CUST65883,Nisha Mishra,37,Adult,Male,Central,Bhopal,Beauty,Shampoo,2,1715.59,0.39,Very High,2886.91,60%,1724.71,47.41,Cash on Delivery,2,FALSE,shipped,7
ORD-01171,06/09/2021,2021,Q3,September,Monday,CUST15457,Rahul Bhat,29,Young Adult,Female,East,Guwahati,Groceries,Dal (1kg),2,359.79,0.37,Very High,638.01,8%,52.57,85.35,Net Banking,3,FALSE,Delivered,9
ORD-03735,16/06/2024,2024,Q2,June,Sunday,CUST24467,Aditya Mishra,46,Adult,Male,North,Delhi,Beauty,Face Cream,3,2171.12,0.37,Very High,6476.71,42%,2737.34,57.34,Net Banking,4,TRUE,Returned,2
ORD-02716,23/03/2023,2023,Q1,March,Thursday,CUST34371,Deepa Singh,2,Child & Teen,Male,Central,Raipur,Groceries,Tea,7,258.92,0.28,High,1758.81,10%,177.42,37.37,UPI,3,FALSE,Delivered,6
ORD-04198,29/12/2024,2024,Q4,December,Sunday,CUST54617,Kavya Joshi,36,Adult,Other,East,Patna,Furniture,Chair,6,21398.46,0.34,Very High,75488.55,25%,18648.21,99.52,EMI,4,FALSE,Delivered,1
ORD-03300,27/11/2023,2023,Q4,November,Monday,CUST46539,Shreya Verma,29,Young Adult,Other,South,Bangalore,Groceries,Sugar,9,56.27,0.15,Medium,407.16,5%,20.82,82.79,UPI,5,FALSE,Delivered,2
ORD-02819,05/09/2023,2023,Q3,September,Tuesday,CUST12681,Meera Joshi,49,Adult,Male,East,Bhubaneswar,Clothing,Saree,1,3976.86,0.21,High,4653,43%,1981.56,86.05,Credit Card,2,FALSE,Delivered,4
ORD-03025,08/03/2023,2023,Q1,March,Wednesday,CUST12807,Pooja Das,34,Young Adult,Male,Central,Indore,Sports,Tennis Racket,5,8699.81,0.36,Very High,43806.61,21%,9308.41,42.55,Debit Card,1,FALSE,Delivered,5
ORD-00299,05/10/2020,2020,Q4,October,Monday,CUST26567,Pooja Pillai,55,Adult,Other,Central,Nagpur,Clothing,T-Shirt,8,2351.57,0.34,Very High,17421.06,32%,5554.48,71.02,EMI,2,FALSE,Cancelled,5
ORD-01123,23/05/2021,2021,Q2,May,Sunday,CUST18686,Rahul Shah,36,Adult,Other,West,Ahmedabad,Furniture,Bookshelf,1,19884.83,0.21,High,23868.33,24%,5629.58,50.84,Net Banking,2,FALSE,Delivered,8
ORD-00203,30/03/2020,2020,Q1,March,Monday,CUST07224,Aditya Bhat,46,Adult,Male,East,Kolkata,Sports,Cricket Bat,8,11732,,,88135.47,13%,11413.28,83.77,Debit Card,4,FALSE,Delivered,10
ORD-00075,28/01/2020,2020,Q1,January,Tuesday,CUST92174,Amit Iyer,46,Adult,Male,West,Surat,Groceries,Cooking Oil,9,225.4,0.26,High,1125.86,10%,112.52,48.11,Net Banking,1,TRUE,Returned,2
ORD-02185,14/08/2022,2022,Q3,August,Sunday,CUST95667,Deepa Reddy,,,Other,North,Chandigarh,Sports,Cycle,2,9154.56,0.24,High,20269.39,14%,2758.48,67.71,UPI,1,FALSE,Delivered,8
ORD-00041,16/01/2020,2020,Q1,January,Thursday,CUST87348,Karan Patel,57,Senior,Female,Central,Nagpur,Electronics,Smartphone,7,52597.3,0.26,High,203835.56,13%,25641.97,41.61,UPI,2,FALSE,Delivered,1
ORD-00731,30/11/2020,2020,Q4,November,Monday,CUST84048,Kavya Kapoor,2,Child & Teen,Female,Central,Nagpur,Electronics,Laptop,4,44342.23,0.38,Very High,73309.14,14%,10270.54,56.21,Cash on Delivery,2,FALSE,Delivered,10
ORD-00599,24/09/2020,2020,Q3,September,Thursday,CUST89927,Ritu Mehta,35,Young Adult,Other,West,Surat,Electronics,Laptop,7,32603.73,0.22,High,175205.59,10%,16796.74,53.05,Net Banking,5,FALSE,Delivered,5
ORD-00110,02/10/2020,2020,Q4,October,Friday,CUST80843,Vikram Mishra,5,Child & Teen,Other,Central,Raipur,Groceries,Flour,8,426.33,0.16,Medium,2378.41,8%,182.8,70.06,Debit Card,2,FALSE,Cancelled,8
ORD-01541,21/11/2021,2021,Q4,November,Sunday,CUST10620,Ritu Gupta,7,Child & Teen,Other,Central,Indore,Beauty,Shampoo,1,1633.39,0.4,Very High,921.87,36%,332.3,59.95,UPI,4,FALSE,Delivered,2
ORD-00163,03/09/2020,2020,Q3,September,Thursday,CUST31561,Meera Bhat,23,Young Adult,Female,West,Pune,Groceries,Rice (5kg),6,160.66,0.35,Very High,572.84,11%,60.63,42.02,UPI,,FALSE,Shipped,9
ORD-01875,04/07/2022,2022,Q3,July,Monday,CUST64095,Arjun Das,3,Child & Teen,Female,East,Patna,Clothing,Saree,7,411.78,0.28,High,3259.85,46%,1493.17,93.37,Credit Card,1,TRUE,Returned,3
ORD-01719,02/04/2022,2022,Q2,April,Saturday,CUST35511,Karan Bose,,,Male,East,Kolkata,Groceries,Dal (1kg),6,141.78,0.16,Medium,766.42,7%,53.3,63.43,Cash on Delivery,3,FALSE,Delivered,
ORD-01665,13/01/2022,2022,Q1,January,Thursday,CUST72087,Pooja Mishra,41,Adult,Male,South,Chennai,Sports,Tennis Racket,7,14245.64,0.23,High,63223.16,21%,13091.37,63.46,UPI,1,FALSE,Delivered,3
ORD-03188,10/11/2023,2023,Q4,November,Friday,CUST87675,Sunita Joshi,3,Child & Teen,Other,North,Delhi,Groceries,Flour,2,312.71,0.16,Medium,580.22,8%,45.18,67.16,Debit Card,2,FALSE,Delivered,6
ORD-03469,14/02/2024,2024,Q1,February,Wednesday,CUST84032,Aditya Bose,33,Young Adult,Female,South,Bangalore,Clothing,Jacket,5,3983.26,0.19,Medium,18870.57,41%,7723.98,90.81,Debit Card,1,FALSE,Delivered,2
ORD-01387,19/09/2021,2021,Q3,September,Sunday,CUST58789,Nikhil Mehta,42,Adult,Other,West,Surat,Sports,Yoga Mat,7,2078.41,0.23,High,13731.31,31%,4242.83,42.68,Credit Card,2,FALSE,Delivered,1
ORD-01369,09/09/2021,2021,Q3,September,Thursday,CUST31474,Rohan Das,42,Adult,Other,Central,Raipur,Groceries,Cooking Oil,7,496.14,0.3,High,2839.68,10%,279.88,63.12,Cash on Delivery,1,TRUE,Returned,5
ORD-02786,20/04/2023,2023,Q2,April,Thursday,CUST59888,Amit Das,38,Adult,Male,North,Delhi,Electronics,Smartwatch,7,50711.3,0.14,Medium,442866.28,13%,58822.76,44.77,EMI,3,FALSE,Delivered,10
ORD-02359,17/10/2022,2022,Q4,October,Monday,CUST04245,Sanjay Iyer,15,Child & Teen,Male,South,Chennai,Groceries,Tea,1,297.84,0.32,Very High,181.61,8%,14.32,62.86,Credit Card,4,FALSE,Delivered,6
ORD-01667,13/01/2022,2022,Q1,January,Thursday,CUST51290,Shreya Kumar,6,Child & Teen,Other,East,Patna,Groceries,Tea,5,77.06,0.11,Medium,253.58,7%,18.83,83.91,Net Banking,4,FALSE,Delivered,10
ORD-02562,15/01/2023,2023,Q1,January,Sunday,CUST95323,Amit Reddy,62,Senior,Male,South,Chennai,Books,Textbook,4,1045.52,0.19,Medium,3378.55,37%,1234.47,69.47,Cash on Delivery,4,FALSE,Delivered,3
ORD-04018,10/06/2024,2024,Q2,June,Monday,CUST05715,Shreya Kumar,3,Child & Teen,Other,North,Ludhiana,Furniture,Desk,3,20526.57,0.39,Very High,39110.3,14%,5636.16,58.12,EMI,5,FALSE,Delivered,5
ORD-01015,04/04/2021,2021,Q2,April,Sunday,CUST48355,Nikhil Nair,4,Child & Teen,Male,East,Guwahati,Clothing,Jeans,7,2196.3,0.21,High,15799.82,32%,5078.38,61.62,Cash on Delivery,1,FALSE,Delivered,10
ORD-00770,15/12/2020,2020,Q4,December,Tuesday,CUST84428,Pooja Sharma,56,Senior,Female,North,Delhi,Furniture,Sofa,2,8330.94,0.36,Very High,7172.01,14%,1030.66,34.58,UPI,5,FALSE,Pending,6
ORD-03888,08/10/2024,2024,Q4,October,Tuesday,CUST02813,Deepa Joshi,46,Adult,Female,East,Patna,Groceries,Dal (1kg),2,225.92,,,625.44,9%,56.74,90.55,Net Banking,,FALSE,Delivered,6
ORD-04046,22/10/2024,2024,Q4,October,Tuesday,CUST70308,Ananya Sharma,12,Child & Teen,Female,West,Ahmedabad,Groceries,Dal (1kg),1,282.35,0.23,High,235.01,9%,22.26,48.98,Debit Card,5,FALSE,Delivered,7
ORD-02317,10/04/2022,2022,Q2,April,Sunday,CUST47149,Amit Verma,41,Adult,Other,North,Delhi,Clothing,Kurta,7,3985.89,0.33,Very High,19751.99,36%,7041.24,37.55,UPI,5,FALSE,Shipped,2
ORD-04047,23/10/2024,2024,Q4,October,Wednesday,CUST94569,Nisha Singh,38,Adult,Male,West,Pune,Books,Biography,3,1455.69,0.31,Very High,3171.19,46%,1460.04,68.99,Net Banking,1,FALSE,Delivered,1
ORD-02877,06/02/2023,2023,Q1,February,Monday,CUST52099,Ritu Das,37,Adult,Female,West,Surat,Beauty,Face Cream,10,1285.07,0.28,High,15333.34,63%,9585.03,77.58,Credit Card,2,FALSE,Delivered,9
ORD-01323,16/08/2021,2021,Q3,August,Monday,CUST78691,Rohan Kapoor,28,Young Adult,Female,East,Bhubaneswar,Clothing,Kurta,9,541.46,0.14,Medium,4738.37,30%,1400.95,53.44,UPI,1,FALSE,Delivered,4
ORD-02645,17/02/2023,2023,Q1,February,Friday,CUST11538,Sunita Nair,46,Adult,Other,West,Pune,Clothing,Jacket,6,2371.79,0.11,Medium,13350.85,35%,4678.25,45.39,Cash on Delivery,4,FALSE,Delivered,6
ORD-03853,31/07/2024,2024,Q3,July,Wednesday,CUST55701,Shreya Das,59,Senior,Other,North,Delhi,Clothing,Kurta,8,3536.11,0.38,Very High,33772.34,25%,8415.78,42.65,UPI,1,FALSE,Delivered,1
ORD-03024,08/03/2023,2023,Q1,March,Wednesday,CUST08460,Sanjay Das,4,Child & Teen,Female,South,Chennai,Groceries,Dal (1kg),2,188.62,0.32,Very High,395.46,6%,23.93,82.57,Cash on Delivery,5,FALSE,Delivered,9
ORD-01609,20/12/2021,2021,Q4,December,Monday,CUST09235,Rahul Bose,37,Adult,Other,West,Ahmedabad,Beauty,Shampoo,2,984.2,0.17,Medium,1250.93,49%,608.62,62.93,Credit Card,2,FALSE,Delivered,9
ORD-00870,31/01/2021,2021,Q1,January,Sunday,CUST22353,Amit Rao,56,Senior,Female,North,Delhi,Electronics,Headphones,8,16693.21,0.26,High,81693.15,11%,9097.41,65.45,Cash on Delivery,3,TRUE,Returned,10
ORD-04089,11/09/2024,2024,Q3,September,Wednesday,CUST65407,Kavya Joshi,49,Adult,Female,South,Bangalore,Books,Comic Book,5,733.86,0.28,High,2368.12,36%,846.43,68.42,UPI,5,FALSE,Delivered,1
ORD-03631,28/04/2024,2024,Q2,April,Sunday,CUST36710,Nisha Patel,31,Young Adult,Male,South,Kochi,Beauty,Hair Oil,6,1419.67,0.01,Low,11838.84,65%,7704.41,81.85,Credit Card,5,FALSE,Delivered,10
ORD-01594,13/12/2021,2021,Q4,December,Monday,CUST74210,Ananya Iyer,49,Adult,Female,East,Bhubaneswar,Clothing,Saree,1,3144.7,0.35,Very High,1412.65,36%,506.25,89.01,Cash on Delivery,3,FALSE,Shipped,5
ORD-02450,28/11/2022,2022,Q4,November,Monday,CUST85866,Nikhil Pillai,36,Adult,Female,Central,Bhopal,Sports,Football,8,7873.54,0.23,High,37930.36,26%,9903.07,42.71,UPI,2,FALSE,Delivered,5
ORD-01729,02/08/2022,2022,Q3,August,Tuesday,CUST21576,Rohan Joshi,2,Child & Teen,Other,Central,Bhopal,Furniture,Desk,9,22414.18,0.26,High,154810.39,34%,52685.24,39.71,UPI,4,FALSE,Delivered,5
ORD-00334,25/05/2020,2020,Q2,May,Monday,CUST45698,Kavya Mehta,37,Adult,Male,West,Pune,Books,Comic Book,4,822.35,0.05,Low,3604.16,33%,1181.07,54.01,Net Banking,4,TRUE,Returned,9
ORD-02841,23/05/2023,2023,Q2,May,Tuesday,CUST62482,Vikram Joshi,26,Young Adult,Male,East,Bhubaneswar,Beauty,Face Cream,8,317.17,0.06,Low,3774.97,59%,2233.34,81.48,UPI,3,FALSE,Pending,5
ORD-00613,10/01/2020,2020,Q1,January,Friday,CUST52615,Meera Chatterjee,39,Adult,Other,Central,Nagpur,Books,Self-Help Book,8,479.33,0.17,Medium,2895.46,56%,1623.81,57.89,Net Banking,4,FALSE,Delivered,8
ORD-01225,07/07/2021,2021,Q3,July,Wednesday,CUST92217,Kavya Patel,16,Child & Teen,Female,Central,Indore,Books,Biography,1,226.79,0.2,Medium,243.47,47%,114.12,71.04,Debit Card,4,FALSE,Delivered,3
ORD-00728,29/11/2020,2020,Q4,November,Sunday,CUST89689,Priya Bose,19,Young Adult,Male,Central,Raipur,Clothing,Jeans,10,1410.27,0.1,Low,8950.43,26%,2283.3,52.24,Cash on Delivery,5,FALSE,Cancelled,5
ORD-01326,18/08/2021,2021,Q3,August,Wednesday,CUST15556,Amit Sharma,43,Adult,Other,South,Chennai,Sports,Cycle,2,10207.68,0.39,Very High,15448.23,21%,3254.54,51.21,Net Banking,1,FALSE,Pending,4
ORD-03070,19/08/2023,2023,Q3,August,Saturday,CUST29394,Rohan Verma,35,Young Adult,Other,East,Kolkata,Electronics,Laptop,8,20964.05,0.29,High,174884.92,14%,24207.47,77.54,UPI,2,FALSE,Delivered,5
ORD-00143,27/02/2020,2020,Q1,February,Thursday,CUST29473,Amit Reddy,25,Young Adult,Other,East,Kolkata,Beauty,Shampoo,1,859,,,788.32,49%,385.42,82.74,UPI,3,FALSE,Delivered,4
ORD-01765,20/02/2022,2022,Q1,February,Sunday,CUST28045,Rahul Gupta,35,Young Adult,Female,North,Delhi,Books,Fiction Novel,3,477.72,0.39,Very High,901.37,35%,311.79,41.76,EMI,1,TRUE,Returned,2
ORD-04014,30/09/2024,2024,Q3,September,Monday,CUST71983,Vikram Chatterjee,21,Young Adult,Male,North,Ludhiana,Sports,Football,7,1420.89,0.01,Low,14785.98,27%,3969.68,38.84,Debit Card,2,FALSE,Delivered,7
ORD-04079,11/03/2024,2024,Q1,March,Monday,CUST85445,Vikram Verma,4,Child & Teen,Male,South,Hyderabad,Furniture,Desk,4,25047.24,0.06,Low,86856.88,39%,33882.26,83.32,EMI,5,FALSE,Delivered,4
ORD-01322,16/08/2021,2021,Q3,August,Monday,CUST89590,Sanjay Rao,42,Adult,Other,Central,Nagpur,Electronics,Headphones,5,25084.96,0.05,Low,172376.29,11%,18968.1,74.02,EMI,1,FALSE,Delivered,8
ORD-00964,16/03/2021,2021,Q1,March,Tuesday,CUST62220,Deepa Reddy,38,Adult,Female,North,Ludhiana,Clothing,Jacket,5,888.01,0.25,High,3544.92,26%,906.65,30.07,Credit Card,1,FALSE,Pending,4
ORD-01452,19/10/2021,2021,Q4,October,Tuesday,CUST49495,Priya Reddy,2,Child & Teen,Male,West,Surat,Beauty,Shampoo,3,805.93,0.05,Low,2114.44,59%,1247.55,55.34,UPI,3,FALSE,Delivered,5
ORD-03037,08/05/2023,2023,Q2,May,Monday,CUST23747,Nikhil Kapoor,25,Young Adult,Female,West,Ahmedabad,Beauty,Sunscreen,1,1196.94,0.09,Low,1644.73,46%,754.93,47.47,Cash on Delivery,3,FALSE,Delivered,1
ORD-01324,16/08/2021,2021,Q3,August,Monday,CUST72753,Nisha Kumar,11,Child & Teen,Other,Central,Raipur,Books,Comic Book,7,1004.42,0.04,Low,8377.27,63%,5250.13,59.41,Credit Card,3,FALSE,Delivered,1
ORD-00233,04/11/2020,2020,Q4,November,Wednesday,CUST32440,Ritu Nair,39,Adult,Female,East,Kolkata,Electronics,Smartwatch,5,71617.52,0.36,Very High,255897.86,11%,28898.92,75.49,EMI,4,TRUE,Returned,2
ORD-01302,08/10/2021,2021,Q4,October,Friday,CUST86947,Meera Rao,32,Young Adult,Male,North,Amritsar,Furniture,Bed Frame,1,9518.88,0.28,High,8848.99,35%,3106.65,60.55,UPI,5,FALSE,Shipped,6
ORD-01767,21/02/2022,2022,Q1,February,Monday,CUST86434,Kavya Joshi,37,Adult,Other,Central,Nagpur,Sports,Tennis Racket,6,4023.89,0.1,Low,22623.39,11%,2450.18,43.87,Credit Card,4,FALSE,Cancelled,2
ORD-02761,04/10/2023,2023,Q4,October,Wednesday,CUST40656,Shreya Patel,21,Young Adult,Other,West,Mumbai,Sports,Tennis Racket,10,12942.94,0.17,Medium,168816.96,27%,44825.88,57.55,Cash on Delivery,3,FALSE,Shipped,6
ORD-03277,16/11/2023,2023,Q4,November,Thursday,CUST00162,Sunita Kapoor,44,Adult,Male,East,Patna,Sports,Cricket Bat,9,6566.64,0.11,Medium,50681.89,25%,12859.41,88.55,Debit Card,3,FALSE,Delivered,2
ORD-00077,29/01/2020,2020,Q1,January,Wednesday,CUST29476,Pooja Mishra,32,Young Adult,Female,Central,Raipur,Groceries,Cooking Oil,3,111.25,0.34,Very High,169.55,9%,14.81,67.44,Net Banking,4,TRUE,Returned,2
ORD-03707,06/01/2024,2024,Q1,January,Saturday,CUST19426,Ananya Bhat,19,Young Adult,Male,North,Chandigarh,Clothing,T-Shirt,4,2911.82,0.11,Medium,17929.64,39%,6962.57,69.31,Net Banking,4,TRUE,Returned,7
ORD-00234,04/12/2020,2020,Q4,December,Friday,CUST16850,Meera Rao,33,Young Adult,Female,East,Bhubaneswar,Beauty,Face Cream,9,2037.1,0.35,Very High,12133.55,39%,4748.44,81.71,Net Banking,5,FALSE,Delivered,10
ORD-01429,10/07/2021,2021,Q3,July,Saturday,CUST79705,Priya Mehta,37,Adult,Other,Central,Raipur,Books,Textbook,10,786.45,0.07,Low,6041.95,42%,2564.65,36.01,UPI,,FALSE,Delivered,1
ORD-01782,03/02/2022,2022,Q1,February,Thursday,CUST00399,Sunita Patel,26,Young Adult,Female,Central,Bhopal,Furniture,Sofa,4,9797.48,0.19,Medium,35253.8,18%,6234.5,54.57,Credit Card,4,FALSE,Delivered,10
ORD-00257,23/04/2020,2020,Q2,April,Thursday,CUST54277,Amit Rao,53,Adult,Other,West,Mumbai,Groceries,Cooking Oil,10,396.88,0.2,Medium,3258.96,11%,349.2,85.52,EMI,4,FALSE,Delivered,8
ORD-02393,11/01/2022,2022,Q1,January,Tuesday,CUST36476,Priya Iyer,32,Young Adult,Other,West,Pune,Groceries,Sugar,3,391.44,0.02,Low,842.74,9%,75.65,67.46,EMI,5,FALSE,Delivered,2
ORD-03551,22/03/2024,2024,Q1,March,Friday,CUST00900,Nikhil Patel,43,Adult,Male,Central,Raipur,Books,Self-Help Book,3,520.52,0.27,High,1527.32,36%,542.48,45.42,UPI,1,FALSE,delivered,5
ORD-00834,16/01/2021,2021,Q1,January,Saturday,CUST47770,Nikhil Gupta,,,Other,South,Kochi,Clothing,Dress,8,2520.61,,,16226.61,27%,4402.15,66.22,Credit Card,2,TRUE,Returned,5
ORD-02243,09/06/2022,2022,Q2,June,Thursday,CUST19197,Pooja Mehta,25,Young Adult,Male,North,Amritsar,Books,Self-Help Book,1,834.25,0.18,Medium,828.78,31%,257.11,40.7,EMI,1,FALSE,Cancelled,2
ORD-04175,20/12/2024,2024,Q4,December,Friday,CUST38221,Pooja Kapoor,48,Adult,Other,North,Ludhiana,Beauty,Lipstick,5,1283.61,0.36,Very High,3770.64,54%,2025.41,50.14,Credit Card,4,FALSE,Delivered,8
ORD-01079,05/03/2021,2021,Q1,March,Friday,CUST14896,Vikram Patel,27,Young Adult,Female,West,Mumbai,Clothing,Saree,4,2657.71,0.06,Low,13392.95,45%,6034.89,21.27,Net Banking,5,FALSE,Delivered,9
ORD-00155,03/05/2020,2020,Q2,May,Sunday,CUST46589,Sanjay Singh,29,Young Adult,Female,West,Mumbai,Groceries,Tea,7,363.04,0.17,Medium,1919.38,5%,104.66,54.23,EMI,5,FALSE,Delivered,5
ORD-02829,15/05/2023,2023,Q2,May,Monday,CUST25805,Arjun Gupta,36,Adult,Male,South,Hyderabad,Groceries,Dal (1kg),2,399.16,0.34,Very High,850.9,7%,55.39,50.2,UPI,5,FALSE,Shipped,1
ORD-03948,31/08/2024,2024,Q3,August,Saturday,CUST69929,Nisha Bose,6,Child & Teen,Other,South,Bangalore,Groceries,Dal (1kg),1,231.86,0.05,Low,371.3,9%,34.56,71.71,Cash on Delivery,2,FALSE,Shipped,7
ORD-03980,09/11/2024,2024,Q4,November,Saturday,CUST14258,Meera Mishra,33,Young Adult,Female,South,Bangalore,Beauty,Sunscreen,,1914.01,0.13,Medium,2301.14,42%,974.62,78.05,UPI,1,TRUE,Returned,2
ORD-02443,26/11/2022,2022,Q4,November,Saturday,CUST14094,Ananya Bose,62,Senior,Female,East,Guwahati,Clothing,Kurta,6,2854.71,0.08,Low,14003.32,20%,2778.35,104.98,Credit Card,3,FALSE,Delivered,7
ORD-01744,14/02/2022,2022,Q1,February,Monday,CUST90888,Ritu Rao,,,Other,North,Ludhiana,Books,Biography,2,297.05,0.19,Medium,431.92,43%,187.79,46.2,Debit Card,3,FALSE,Delivered,9
ORD-03766,27/06/2024,2024,Q2,June,Thursday,CUST36068,Aarav Singh,3,Child & Teen,Other,East,Bhubaneswar,Clothing,Jeans,,3154.09,0.01,Low,4594.66,33%,1520,69.59,UPI,3,FALSE,Delivered,9
ORD-03239,11/01/2023,2023,Q1,January,Wednesday,CUST65289,Ritu Chatterjee,38,Adult,Female,Central,Raipur,Furniture,Bed Frame,1,25780.61,,,22272.46,38%,8421.08,59.29,Net Banking,4,FALSE,Delivered,3
ORD-00154,03/05/2020,2020,Q2,May,Sunday,CUST48876,Sunita Singh,42,Adult,Male,South,Bangalore,Beauty,Sunscreen,6,1391.35,0.11,Medium,7920.74,46%,3630.28,103.09,Credit Card,5,TRUE,Returned,1
ORD-03429,26/01/2024,2024,Q1,January,Friday,CUST09088,Rohan Rao,36,Adult,Female,West,Ahmedabad,Beauty,Sunscreen,10,1843.94,0.31,Very High,13547.2,46%,6188.12,63.02,EMI,3,FALSE,Delivered,10
ORD-03908,16/08/2024,2024,Q3,August,Friday,CUST32213,Amit Verma,44,Adult,Other,West,Mumbai,Electronics,Tablet,10,70999.96,0.37,Very High,619186.18,13%,80911.12,58.51,EMI,5,FALSE,Shipped,6
ORD-01433,10/07/2021,2021,Q3,July,Saturday,CUST83420,Rahul Kumar,22,Young Adult,Male,South,Chennai,Beauty,Lipstick,2,785.12,0.23,High,1096.54,52%,569.3,95.2,Credit Card,4,TRUE,Returned,10
ORD-01395,21/09/2021,2021,Q3,September,Tuesday,CUST24924,Ananya Shah,14,Child & Teen,Male,West,Pune,Furniture,Sofa,9,15802.88,0.01,Low,165325.69,28%,46953.51,64.99,Debit Card,1,FALSE,Delivered,9
ORD-02966,07/08/2023,2023,Q3,August,Monday,CUST38879,Ananya Kapoor,36,Adult,Other,North,Amritsar,Clothing,Dress,1,1861.32,0.38,Very High,1580.05,37%,590.29,55.74,UPI,4,FALSE,Delivered,1
ORD-01393,20/09/2021,2021,Q3,September,Monday,CUST82169,Ritu Bhat,54,Adult,Other,North,Delhi,Sports,Tennis Racket,1,7834.86,0.37,Very High,4867.16,20%,961.37,53.04,Debit Card,1,FALSE,Delivered,8
ORD-04050,23/10/2024,2024,Q4,October,Wednesday,CUST03944,Meera Verma,32,Young Adult,Female,East,Patna,Electronics,Headphones,9,45487.77,0.17,Medium,355300.24,14%,48057.8,81.01,Debit Card,5,FALSE,Delivered,10
ORD-02331,10/09/2022,2022,Q3,September,Saturday,CUST06489,Nikhil Verma,47,Adult,Other,South,Bangalore,Furniture,Sofa,6,5535.62,0.27,High,20778.29,19%,3962.34,76.76,Credit Card,3,FALSE,Delivered,5
ORD-02006,06/04/2022,2022,Q2,April,Wednesday,CUST22452,Sanjay Verma,8,Child & Teen,Other,North,Amritsar,Clothing,Jeans,7,2943.52,0.27,High,21771.76,26%,5661.41,21.72,Credit Card,4,FALSE,Shipped,3
ORD-00387,13/06/2020,2020,Q2,June,Saturday,CUST18372,Amit Iyer,15,Child & Teen,Other,West,Surat,Beauty,Face Cream,4,1506.41,0.19,Medium,6032.13,32%,1914.08,36.43,EMI,,FALSE,Delivered,7
ORD-03927,22/08/2024,2024,Q3,August,Thursday,CUST77199,Karan Pillai,31,Young Adult,Male,Central,Raipur,Clothing,Jeans,3,2207.16,0.2,Medium,7894.09,30%,2384.57,30.61,Credit Card,3,FALSE,Delivered,2
ORD-01629,27/12/2021,2021,Q4,December,Monday,CUST37392,Amit Mehta,5,Child & Teen,Other,West,Ahmedabad,Beauty,Lipstick,9,1833.53,0.17,Medium,10130.45,60%,6082.08,40.13,Net Banking,1,TRUE,Returned,3
ORD-01895,16/04/2022,2022,Q2,April,Saturday,CUST07132,Meera Mishra,32,Young Adult,Other,Central,Nagpur,Groceries,Dal (1kg),6,85.52,0.26,High,564.09,8%,43.08,32.8,Debit Card,4,FALSE,Delivered,7
ORD-01375,12/09/2021,2021,Q3,September,Sunday,CUST51615,Rohan Bose,19,Young Adult,Male,North,Ludhiana,Furniture,Bookshelf,4,5696.48,0.12,Medium,22406.7,27%,5980.82,55.28,EMI,3,FALSE,Delivered,
ORD-01406,25/09/2021,2021,Q3,September,Saturday,CUST72539,Sanjay Mehta,47,Adult,Other,North,Delhi,Electronics,Laptop,8,75788.6,0.25,High,518764.77,13%,69163.47,47.81,Cash on Delivery,2,FALSE,Delivered,10
ORD-01469,23/10/2021,2021,Q4,October,Saturday,CUST87162,Rahul Gupta,52,Adult,Other,Central,Nagpur,Beauty,Shampoo,5,1074.36,0.39,Very High,2700.49,32%,861.37,86.73,Cash on Delivery,,FALSE,Delivered,8
ORD-00780,21/12/2020,2020,Q4,December,Monday,CUST96960,Amit Mishra,39,Adult,Male,South,Kochi,Furniture,Wardrobe,2,10151.9,0.21,High,11388.89,22%,2489.06,77,EMI,5,TRUE,Returned,5
ORD-03581,04/05/2024,2024,Q2,May,Saturday,CUST67732,Ananya Bhat,32,Young Adult,Male,Central,Raipur,Beauty,Perfume,5,1353.73,0.34,Very High,6179.59,50%,3104.88,47.49,Cash on Delivery,1,FALSE,Delivered,6
ORD-02763,04/10/2023,2023,Q4,October,Wednesday,CUST85402,Aarav Mehta,32,Young Adult,Male,South,Kochi,Electronics,Laptop,5,79827.98,0.28,High,418460.95,8%,34788.35,73.92,Cash on Delivery,2,FALSE,Delivered,2
ORD-04087,11/07/2024,2024,Q3,July,Thursday,CUST15824,Arjun Nair,8,Child & Teen,Female,South,Kochi,Sports,Dumbbells,1,14972.12,0.02,Low,14887.84,25%,3707.49,63.98,EMI,5,FALSE,Shipped,7
ORD-01154,06/02/2021,2021,Q1,February,Saturday,CUST61383,Vikram Sharma,44,Adult,Female,South,Bangalore,Clothing,Kurta,,2696.46,0.29,High,2622.68,37%,977.15,101.51,EMI,2,FALSE,Delivered,6
ORD-00977,20/03/2021,2021,Q1,March,Saturday,CUST76218,Ananya Gupta,41,Adult,Female,West,Surat,Sports,Cricket Bat,5,12410.73,0.36,Very High,40821.89,30%,12307.83,65.83,UPI,1,FALSE,Delivered,2
ORD-00435,07/10/2020,2020,Q4,October,Wednesday,CUST40017,Sunita Joshi,15,Child & Teen,Male,North,Delhi,Books,Fiction Novel,1,702.36,0.39,Very High,539.18,34%,184.49,59.64,EMI,1,FALSE,Delivered,4
ORD-02887,06/04/2023,2023,Q2,April,Thursday,CUST19802,Karan Chatterjee,32,Young Adult,Male,East,Patna,Books,Cook Book,2,200.96,0.25,High,458.12,23%,104.93,75.89,Credit Card,1,TRUE,Returned,4
ORD-01400,24/09/2021,2021,Q3,September,Friday,CUST47772,Sunita Das,43,Adult,Male,West,Ahmedabad,Furniture,Wardrobe,2,2701.39,0.33,Very High,4179.32,22%,933.32,79.24,Credit Card,5,FALSE,Cancelled,2
ORD-00175,18/03/2020,2020,Q1,March,Wednesday,CUST47786,Nisha Rao,35,Young Adult,Male,West,Ahmedabad,Beauty,Lipstick,9,2028.03,0.12,Medium,15078.05,54%,8126.73,55.01,Net Banking,4,FALSE,Delivered,9
ORD-00002,01/01/2020,2020,Q1,January,Wednesday,CUST51802,Sunita Das,29,Young Adult,Male,West,Pune,Clothing,Jeans,4,2870.76,0.08,Low,7950.72,27%,2135.16,55.33,UPI,3,FALSE,Cancelled,1
ORD-04135,12/02/2024,2024,Q1,February,Monday,CUST23239,Vikram Mehta,53,Adult,Male,North,Delhi,Clothing,Kurta,9,3206.85,0.36,Very High,16832.81,44%,7356.75,78.4,EMI,2,FALSE,Delivered,9
ORD-02590,31/01/2023,2023,Q1,January,Tuesday,CUST47612,Kavya Gupta,25,Young Adult,Other,South,Bangalore,Groceries,Rice (5kg),8,100.16,0.37,Very High,487.77,6%,30.28,43.77,Credit Card,3,FALSE,Delivered,8
ORD-03114,09/08/2023,2023,Q3,August,Wednesday,CUST43839,Nisha Nair,29,Young Adult,Male,South,Kochi,Electronics,Camera,6,63434.95,0.24,High,350565.99,13%,45365.64,76.62,Debit Card,1,FALSE,Delivered,
ORD-01899,17/04/2022,2022,Q2,April,Sunday,CUST81485,Amit Bose,18,Young Adult,Other,West,Surat,Furniture,Bookshelf,5,15688.53,0.03,Low,85481.83,20%,16735.14,49.69,Credit Card,4,FALSE,Delivered,10
ORD-02691,13/03/2023,2023,Q1,March,Monday,CUST42275,Aditya Patel,21,Young Adult,Female,South,Chennai,Electronics,Smartwatch,2,76616.83,0.1,Low,186369.89,11%,20529.28,55.12,UPI,4,FALSE,Delivered,5
ORD-01084,05/04/2021,2021,Q2,April,Monday,CUST77289,Nisha Iyer,43,Adult,Male,West,Mumbai,Furniture,Desk,,31699.03,0,No Discount,40736.49,34%,13735.32,44.74,UPI,1,TRUE,Returned,8
ORD-03337,14/12/2023,2023,Q4,December,Thursday,CUST12631,Aditya Bose,26,Young Adult,Other,West,Pune,Clothing,T-Shirt,9,3755.73,0.11,Medium,27923.07,46%,12762.99,89.92,Debit Card,1,FALSE,Delivered,3
ORD-00996,29/03/2021,2021,Q1,March,Monday,CUST03526,Aditya Das,28,Young Adult,Male,East,Patna,Clothing,Jeans,2,2973.25,0.16,Medium,5032.59,42%,2113.7,62.75,UPI,1,TRUE,Returned,8
ORD-02783,20/04/2023,2023,Q2,April,Thursday,CUST75727,Ananya Kapoor,45,Adult,Female,West,Ahmedabad,Sports,Yoga Mat,3,9606.06,0.27,High,22984.85,19%,4327.42,50.91,Net Banking,5,FALSE,Delivered,4
ORD-02049,21/06/2022,2022,Q2,June,Tuesday,CUST42115,Pooja Chatterjee,55,Adult,Female,North,Delhi,Beauty,Sunscreen,7,2037.82,0.02,Low,21578.84,42%,9156.6,69.79,Credit Card,3,FALSE,Shipped,8
ORD-02714,23/03/2023,2023,Q1,March,Thursday,CUST62341,Aarav Pillai,35,Young Adult,Male,North,Amritsar,Beauty,Lipstick,10,1251.33,0.24,High,11610.5,45%,5273.78,55.63,Net Banking,,FALSE,Delivered,4
ORD-00410,29/06/2020,2020,Q2,June,Monday,CUST64583,Aditya Bose,44,Adult,Male,South,Bangalore,Clothing,Dress,10,1705.06,0.23,High,16597.51,27%,4467.97,63.43,Debit Card,1,TRUE,Returned,10
ORD-00804,31/12/2020,2020,Q4,December,Thursday,CUST33294,Karan Kumar,27,Young Adult,Other,Central,Bhopal,Furniture,Bookshelf,8,9942.45,0.03,Low,60313.96,31%,18873.68,68.3,Net Banking,5,FALSE,Cancelled,4
ORD-01545,23/11/2021,2021,Q4,November,Tuesday,CUST15680,Kavya Das,33,Young Adult,Male,Central,Indore,Groceries,Dal (1kg),7,307.63,0.33,Very High,1086.05,5%,55.5,33.16,EMI,4,FALSE,Delivered,1
ORD-03699,26/05/2024,2024,Q2,May,Sunday,CUST14480,Deepa Nair,23,Young Adult,Male,South,Chennai,Sports,Dumbbells,,7747.27,0.33,Very High,8175.82,28%,2263.89,42.55,Debit Card,5,FALSE,Shipped,3
ORD-03516,03/09/2024,2024,Q3,September,Tuesday,CUST15414,Sanjay Gupta,42,Adult,Female,Central,Nagpur,Furniture,Bookshelf,9,17413.69,0.05,Low,193913.96,28%,54048.53,50.26,UPI,2,FALSE,Delivered,1
ORD-01587,12/10/2021,2021,Q4,October,Tuesday,CUST32752,Karan Joshi,44,Adult,Male,North,Amritsar,Electronics,Camera,5,11301.06,0.25,High,34158.03,12%,4246.6,53.85,Credit Card,3,FALSE,Pending,6
ORD-02475,12/10/2022,2022,Q4,October,Wednesday,CUST99227,Priya Rao,54,Adult,Other,North,Ludhiana,Groceries,Cooking Oil,3,448.85,0.02,Low,1000.55,8%,81.62,54.31,Credit Card,2,FALSE,Cancelled,2
ORD-02216,25/08/2022,2022,Q3,August,Thursday,CUST38823,Deepa Mehta,35,Young Adult,Female,North,Amritsar,Electronics,Tablet,7,62975.42,0.22,High,468129.68,17%,79235.51,49.03,EMI,2,TRUE,Returned,9
ORD-00416,07/01/2020,2020,Q1,January,Tuesday,CUST63769,Priya Bhat,39,Adult,Male,South,Chennai,Books,Textbook,2,917.65,0.12,Medium,2151.39,40%,856.13,59.6,Net Banking,,TRUE,Returned,6
ORD-02081,07/06/2022,2022,Q2,June,Tuesday,CUST66488,Sunita Das,27,Young Adult,Female,South,Chennai,Beauty,Perfume,9,1127.06,0.38,Very High,9829.11,41%,4003.53,54.43,EMI,5,FALSE,Delivered,5
ORD-02161,08/05/2022,2022,Q2,May,Sunday,CUST39402,Vikram Iyer,38,Adult,Other,South,Chennai,Furniture,Sofa,5,17880.95,0.03,Low,116528.23,29%,33231.6,47.07,Net Banking,1,FALSE,Pending,2
ORD-02209,21/08/2022,2022,Q3,August,Sunday,CUST97691,Aarav Reddy,44,Adult,Female,South,Hyderabad,Books,Comic Book,2,1390.9,0.4,Very High,2194.06,34%,741.62,68.5,Credit Card,2,FALSE,Delivered,8
ORD-00584,18/09/2020,2020,Q3,September,Friday,CUST21732,Nikhil Nair,15,Child & Teen,Other,West,Surat,Sports,Yoga Mat,8,5733.61,0.13,Medium,40572.08,25%,10225.36,74.43,Net Banking,1,FALSE,Delivered,3
ORD-00533,23/08/2020,2020,Q3,August,Sunday,CUST56679,Shreya Sharma,33,Young Adult,Other,North,Ludhiana,Clothing,Saree,,774.58,0.31,Very High,670.73,43%,287.27,49.67,UPI,3,FALSE,Delivered,6
ORD-03815,18/07/2024,2024,Q3,July,Thursday,CUST41610,Ritu Mishra,28,Young Adult,Male,West,Mumbai,Furniture,Desk,9,10925.91,0.33,Very High,95157.91,23%,21495.8,38.47,Net Banking,4,FALSE,Delivered,9
ORD-00256,22/04/2020,2020,Q2,April,Wednesday,CUST86402,Rohan Sharma,18,Young Adult,Male,Central,Bhopal,Groceries,Tea,7,224.96,0.22,High,1195.3,8%,91.79,52.6,Credit Card,2,FALSE,Delivered,8
ORD-04054,25/10/2024,2024,Q4,October,Friday,CUST37273,Sanjay Verma,69,Senior,Other,West,Mumbai,Groceries,Sugar,4,226.36,0.27,High,801.8,11%,89.81,59.7,Debit Card,2,FALSE,Shipped,5
ORD-02337,10/10/2022,2022,Q4,October,Monday,CUST50406,Rohan Mehta,21,Young Adult,Male,West,Ahmedabad,Electronics,Smartwatch,6,78971.02,0.22,High,377676.65,10%,38339.77,61.31,EMI,3,FALSE,Shipped,9
ORD-00704,15/11/2020,2020,Q4,November,Sunday,CUST63229,Meera Chatterjee,26,Young Adult,Female,West,Ahmedabad,Groceries,Dal (1kg),8,52.56,0.37,Very High,225.58,8%,17.94,62.46,Debit Card,5,TRUE,Returned,1
ORD-02869,31/05/2023,2023,Q2,May,Wednesday,CUST19907,Aditya Chatterjee,3,Child & Teen,Male,West,Surat,Beauty,Hair Oil,10,1573.67,0.23,High,18377.46,41%,7519.84,64.77,Cash on Delivery,5,FALSE,Delivered,7
ORD-01763,19/02/2022,2022,Q1,February,Saturday,CUST50692,Nisha Gupta,4,Child & Teen,Other,Central,Nagpur,Clothing,Kurta,2,3632.97,0.15,Medium,6196.59,25%,1525.34,56.08,Cash on Delivery,,FALSE,Delivered,2
ORD-01871,04/05/2022,2022,Q2,May,Wednesday,CUST74013,Arjun Singh,41,Adult,Female,North,Delhi,Electronics,Headphones,2,17140.58,0.38,Very High,30862.38,13%,4123.18,34.79,Debit Card,2,FALSE,Delivered,5
ORD-02664,27/02/2023,2023,Q1,February,Monday,CUST91653,Karan Kumar,42,Adult,Male,West,Pune,Electronics,Smartwatch,8,63840.88,0.29,High,376670.08,14%,52527.72,64.65,UPI,4,FALSE,Delivered,8
ORD-00532,23/08/2020,2020,Q3,August,Sunday,CUST60381,Vikram Mishra,41,Adult,Male,North,Chandigarh,Books,Biography,10,788.79,0.14,Medium,7024.12,54%,3794.94,48.05,Net Banking,2,FALSE,delivered,9
ORD-01461,22/10/2021,2021,Q4,October,Friday,CUST73189,Deepa Rao,19,Young Adult,Other,East,Guwahati,Clothing,Jacket,8,2778.54,0.15,Medium,18541.83,34%,6381.78,88.73,Debit Card,,FALSE,Delivered,6
ORD-03582,04/05/2024,2024,Q2,May,Saturday,CUST09968,Nisha Kapoor,51,Adult,Male,East,Bhubaneswar,Electronics,Headphones,3,15320.14,0.14,Medium,58711.83,9%,5168.1,65.67,Cash on Delivery,4,FALSE,Delivered,5
ORD-00247,18/04/2020,2020,Q2,April,Saturday,CUST50948,Amit Kapoor,31,Young Adult,Other,North,Amritsar,Sports,Cricket Bat,2,10120.93,0.3,High,14109.98,15%,2053.92,26.6,EMI,1,FALSE,Delivered,9
ORD-01777,27/02/2022,2022,Q1,February,Sunday,CUST89073,Nisha Das,26,Young Adult,Female,South,Kochi,Clothing,Kurta,7,3036.93,0.24,High,15791.37,37%,5788.85,87.14,Net Banking,1,FALSE,Delivered,10
ORD-00931,24/02/2021,2021,Q1,February,Wednesday,CUST18103,Vikram Mehta,38,Adult,Other,Central,Indore,Furniture,Wardrobe,1,17927.93,0.26,High,11706.31,25%,2947.16,44.44,Credit Card,,TRUE,Returned,8
ORD-02491,17/12/2022,2022,Q4,December,Saturday,CUST60962,Ritu Joshi,16,Child & Teen,Male,Central,Indore,Beauty,Hair Oil,2,1398.45,0.29,High,1359,40%,537.38,44.47,Net Banking,4,FALSE,Shipped,9
ORD-00103,02/09/2020,2020,Q3,September,Wednesday,CUST60692,Sunita Kumar,38,Adult,Other,West,Pune,Electronics,Laptop,5,79820.4,0.39,Very High,221917.54,10%,22317.55,38.44,Net Banking,1,FALSE,Pending,8
ORD-00070,27/01/2020,2020,Q1,January,Monday,CUST26658,Pooja Kapoor,19,Young Adult,Other,South,Hyderabad,Electronics,Camera,4,17422.66,0.07,Low,52626.5,13%,6738.52,87.09,EMI,2,TRUE,Returned,2
ORD-00389,14/06/2020,2020,Q2,June,Sunday,CUST75682,Ananya Mishra,36,Adult,Male,West,Pune,Sports,Tennis Racket,4,3136.59,0.12,Medium,14497.79,17%,2492.75,79.4,EMI,2,TRUE,Returned,6
ORD-04011,29/09/2024,2024,Q3,September,Sunday,CUST75729,Sunita Patel,31,Young Adult,Other,Central,Bhopal,Electronics,Tablet,8,31909.44,0.22,High,265931.19,15%,40509.78,54.88,UPI,4,FALSE,Delivered,6
ORD-02415,11/09/2022,2022,Q3,September,Sunday,CUST74245,Karan Reddy,37,Adult,Female,West,Surat,Groceries,Cooking Oil,9,389.41,0.02,Low,2847.85,10%,272.2,66.43,EMI,5,FALSE,Delivered,1
ORD-01885,04/12/2022,2022,Q4,December,Sunday,CUST27246,Ananya Mehta,39,Adult,Female,South,Bangalore,Books,Self-Help Book,10,231.25,0.27,High,2387.56,38%,908.86,50.77,Cash on Delivery,1,FALSE,Pending,5
ORD-00699,13/11/2020,2020,Q4,November,Friday,CUST14220,Sanjay Das,16,Child & Teen,Female,West,Pune,Sports,Dumbbells,2,3021.82,0.01,Low,4428.27,20%,885.39,38.11,EMI,1,TRUE,Returned,3
ORD-03606,19/04/2024,2024,Q2,April,Friday,CUST74320,Amit Reddy,26,Young Adult,Female,South,Hyderabad,Beauty,Perfume,9,1545.52,0.19,Medium,17885.64,64%,11381.04,81,EMI,1,FALSE,Shipped,9
ORD-00748,12/06/2020,2020,Q2,June,Friday,CUST08513,Sanjay Patel,31,Young Adult,Female,South,Chennai,Beauty,Shampoo,9,1896.41,0.01,Low,12286.54,44%,5443.3,40.44,UPI,2,FALSE,Delivered,2
ORD-03171,10/04/2023,2023,Q2,April,Monday,CUST77683,Shreya Mehta,24,Young Adult,Other,West,Mumbai,Sports,Tennis Racket,3,8534.5,0.34,Very High,18094.21,25%,4596.01,55.57,Cash on Delivery,4,FALSE,Delivered,4
ORD-02291,21/09/2022,2022,Q3,September,Wednesday,CUST86351,Rohan Iyer,54,Adult,Female,Central,Indore,Books,Fiction Novel,2,1340.31,0.03,Low,2902.07,38%,1116.16,67.16,EMI,4,FALSE,Pending,7
ORD-02579,27/01/2023,2023,Q1,January,Friday,CUST31841,Kavya Joshi,57,Senior,Male,East,Bhubaneswar,Sports,Dumbbells,2,4266.54,0.25,High,6436.16,23%,1469.74,75.67,Net Banking,,FALSE,Delivered,2
ORD-02137,27/07/2022,2022,Q3,July,Wednesday,CUST01916,Pooja Verma,37,Adult,Female,Central,Nagpur,Furniture,Desk,8,31076.19,0.36,Very High,234872.45,28%,66519.22,47.98,Net Banking,2,FALSE,Delivered,6
ORD-01730,02/08/2022,2022,Q3,August,Tuesday,CUST08530,Priya Verma,38,Adult,Male,South,Kochi,Sports,Cycle,1,11257.57,0.19,Medium,9056.57,23%,2063.37,75.32,Credit Card,5,FALSE,Delivered,1
ORD-03602,16/04/2024,2024,Q2,April,Tuesday,CUST90978,Meera Chatterjee,45,Adult,Male,Central,Nagpur,Furniture,Desk,4,28347.28,0.03,Low,180991,18%,31963.08,74.83,Cash on Delivery,5,FALSE,Delivered,4
ORD-00228,04/09/2020,2020,Q3,September,Friday,CUST20422,Amit Pillai,47,Adult,Female,East,Guwahati,Clothing,Jacket,4,657.77,0.03,Low,3207.24,30%,961.26,83.48,Credit Card,3,FALSE,Delivered,9
ORD-01036,14/04/2021,2021,Q2,April,Wednesday,CUST48956,Arjun Bose,39,Adult,Male,South,Chennai,Beauty,Face Cream,5,2059.98,0.02,Low,12556.26,64%,8037.6,70.48,UPI,2,TRUE,Returned,8
ORD-01194,21/06/2021,2021,Q2,June,Monday,CUST42289,Ananya Bhat,19,Young Adult,Female,Central,Bhopal,Groceries,Flour,6,428.86,0.34,Very High,2486.44,7%,163.61,58.49,Net Banking,4,FALSE,Delivered,9
ORD-02361,17/10/2022,2022,Q4,October,Monday,CUST59891,Meera Shah,,,Other,Central,Indore,Books,Textbook,3,1036.73,0.14,Medium,2702.94,39%,1061.86,58.18,Net Banking,1,FALSE,Shipped,6
ORD-01096,05/09/2021,2021,Q3,September,Sunday,CUST64848,Priya Chatterjee,2,Child & Teen,Female,North,Chandigarh,Furniture,Bed Frame,7,29131.43,0.3,High,181240.28,27%,48821.49,47.3,Credit Card,3,FALSE,Shipped,8
ORD-01984,26/05/2022,2022,Q2,May,Thursday,CUST04061,Karan Sharma,31,Young Adult,Female,West,Mumbai,Clothing,Kurta,10,1278.88,0.2,Medium,17829.4,35%,6153.63,43.3,Credit Card,3,FALSE,Delivered,8
ORD-01365,09/06/2021,2021,Q2,June,Wednesday,CUST34491,Nikhil Rao,51,Adult,Other,West,Surat,Books,Textbook,5,1499.28,0.03,Low,8327.23,50%,4182.31,74.08,Net Banking,3,FALSE,Delivered,1
ORD-02190,14/08/2022,2022,Q3,August,Sunday,CUST31810,Priya Kapoor,48,Adult,Other,West,Surat,Groceries,Rice (5kg),2,179.94,0.39,Very High,272.5,5%,14.86,56.43,EMI,1,FALSE,Shipped,3
ORD-01466,23/10/2021,2021,Q4,October,Saturday,CUST22468,Sunita Kumar,68,Senior,Female,East,Bhubaneswar,Groceries,Flour,4,103.01,0.4,Very High,239.3,9%,22.6,78.91,Cash on Delivery,1,TRUE,Returned,4
ORD-04178,22/12/2024,2024,Q4,December,Sunday,CUST11016,Amit Verma,53,Adult,Male,West,Mumbai,Beauty,Shampoo,3,855.83,0.14,Medium,2047.13,29%,587.72,59.05,Net Banking,4,FALSE,Pending,6
ORD-00726,29/11/2020,2020,Q4,November,Sunday,CUST02385,Meera Mishra,25,Young Adult,Female,South,Hyderabad,Books,Self-Help Book,3,956.34,0.24,High,1598.88,47%,746.01,74.98,Credit Card,1,FALSE,Delivered,2
ORD-03264,11/10/2023,2023,Q4,October,Wednesday,CUST84619,Karan Nair,25,Young Adult,Other,North,Delhi,Furniture,Bed Frame,2,30782.35,0.22,High,47340.73,24%,11318.5,48.72,UPI,4,FALSE,Delivered,10
ORD-00963,16/03/2021,2021,Q1,March,Tuesday,CUST03100,Aditya Kumar,,,Other,Central,Raipur,Furniture,Desk,2,22148.9,0.1,Low,46326.9,22%,10034.05,55.7,Debit Card,4,FALSE,Cancelled,1
ORD-00892,02/05/2021,2021,Q2,May,Sunday,CUST40329,Nikhil Verma,19,Young Adult,Female,West,Pune,Beauty,Hair Oil,4,1900.58,0.12,Medium,6413.16,53%,3388.38,47.89,UPI,3,FALSE,Delivered,1
ORD-00190,26/03/2020,2020,Q1,March,Thursday,CUST46839,Nikhil Kumar,,,Male,North,Chandigarh,Furniture,Bookshelf,8,30630.05,0.31,Very High,154185.05,27%,41569.88,27.98,Net Banking,1,FALSE,Cancelled,4
ORD-00947,03/04/2021,2021,Q2,April,Saturday,CUST36851,Shreya Mehta,27,Young Adult,Other,East,Bhubaneswar,Sports,Yoga Mat,2,12124.27,0.2,Medium,19621.74,24%,4737.69,91.21,Debit Card,3,FALSE,Delivered,7
ORD-01055,21/04/2021,2021,Q2,April,Wednesday,CUST95496,Sunita Reddy,49,Adult,Female,North,Amritsar,Books,Cook Book,7,534.91,0.07,Low,4674.41,52%,2443.22,61.73,EMI,1,FALSE,Cancelled,7
ORD-03424,24/01/2024,2024,Q1,January,Wednesday,CUST78421,Arjun Mishra,46,Adult,Female,North,Chandigarh,Beauty,Face Cream,2,1022.14,0.23,High,1560.83,37%,580.86,51.54,UPI,5,TRUE,Returned,4
ORD-03802,07/11/2024,2024,Q4,November,Thursday,CUST44356,Pooja Mehta,54,Adult,Other,East,Guwahati,Furniture,Bed Frame,4,34537.46,0.05,Low,208628.7,24%,50381.67,76.14,EMI,3,FALSE,Delivered,8
ORD-00173,16/03/2020,2020,Q1,March,Monday,CUST46878,Sunita Mishra,33,Young Adult,Female,East,Bhubaneswar,Books,Biography,8,1355.07,0.25,High,7286.92,49%,3585.8,86.98,Debit Card,4,FALSE,Shipped,5
ORD-02895,06/06/2023,2023,Q2,June,Tuesday,CUST35710,Ritu Shah,32,Young Adult,Other,East,Kolkata,Furniture,Bed Frame,9,24542.85,0.3,High,291832.52,26%,76203.02,95.21,Credit Card,2,FALSE,Delivered,6
ORD-02625,13/02/2023,2023,Q1,February,Monday,CUST78576,Arjun Chatterjee,34,Young Adult,Female,North,Amritsar,Electronics,Smartwatch,8,78209.24,0.1,Low,571749.49,15%,85521.04,51.05,Cash on Delivery,1,FALSE,Shipped,1
ORD-01661,01/11/2022,2022,Q4,November,Tuesday,CUST94914,Nisha Mishra,36,Adult,Other,South,Kochi,Clothing,Kurta,3,3496.76,0.05,Low,8060.61,29%,2308.11,40.95,Credit Card,4,FALSE,Delivered,3
ORD-00208,01/04/2020,2020,Q2,April,Wednesday,CUST69756,Karan Bhat,25,Young Adult,Other,Central,Bhopal,Electronics,Camera,5,74661.96,0.1,Low,413676.41,9%,38409.75,43.58,Debit Card,3,FALSE,Delivered,9
ORD-00272,05/01/2020,2020,Q1,January,Sunday,CUST97522,Ananya Singh,6,Child & Teen,Male,South,Bangalore,Clothing,Saree,10,2668.56,0.03,Low,32567.59,32%,10352.49,77.49,EMI,5,FALSE,Delivered,4
ORD-01061,26/04/2021,2021,Q2,April,Monday,CUST63508,Kavya Bhat,,,Female,South,Hyderabad,Electronics,Laptop,1,78711.02,0.18,Medium,90409.82,13%,11769.97,90.37,Net Banking,,FALSE,Delivered,3
ORD-02546,01/12/2023,2023,Q4,December,Friday,CUST96368,Kavya Gupta,29,Young Adult,Female,Central,Raipur,Groceries,Rice (5kg),1,243.91,0.3,High,164.22,10%,16.45,53.75,Cash on Delivery,5,FALSE,Shipped,3
ORD-04010,29/09/2024,2024,Q3,September,Sunday,CUST04352,Amit Chatterjee,22,Young Adult,Female,West,Surat,Books,Biography,2,1099.72,0.22,High,2033.79,43%,869.03,61.35,UPI,3,FALSE,Delivered,4
ORD-02830,15/05/2023,2023,Q2,May,Monday,CUST23051,Rohan Iyer,35,Young Adult,Male,South,Bangalore,Sports,Tennis Racket,2,5536.92,0.07,Low,16264.24,31%,5022.79,86.81,UPI,5,FALSE,Cancelled,4
ORD-03136,17/09/2023,2023,Q3,September,Sunday,CUST92424,Sanjay Nair,32,Young Adult,Other,North,Ludhiana,Beauty,Perfume,10,384.92,0.13,Medium,3802.28,39%,1470.62,46.05,EMI,1,FALSE,Pending,9
ORD-00361,06/04/2020,2020,Q2,April,Monday,CUST34273,Deepa Nair,44,Adult,Male,West,Pune,Groceries,Tea,10,350.15,0.07,Low,4245.67,8%,346.67,62.1,Credit Card,3,TRUE,Returned,1
ORD-00178,19/03/2020,2020,Q1,March,Thursday,CUST56675,Rohan Sharma,24,Young Adult,Male,Central,Raipur,Electronics,Camera,6,15086.96,0.13,Medium,83619.76,12%,10183.25,74.72,Credit Card,1,FALSE,Delivered,4
ORD-03759,24/06/2024,2024,Q2,June,Monday,CUST16441,Nisha Bose,18,Young Adult,Female,East,Guwahati,Sports,Tennis Racket,4,6805.31,0.01,Low,48326.79,23%,11120.45,101.73,EMI,2,TRUE,Returned,3
ORD-01724,02/06/2022,2022,Q2,June,Thursday,CUST56841,Priya Gupta,2,Child & Teen,Male,East,Guwahati,Clothing,Jacket,2,2075.29,0.21,High,2998.78,34%,1031.57,62.3,Debit Card,4,FALSE,Delivered,1
ORD-00873,31/01/2021,2021,Q1,January,Sunday,CUST74542,Arjun Gupta,18,Young Adult,Male,Central,Bhopal,Furniture,Bookshelf,1,10111.03,0.27,High,6692.45,33%,2226.89,30.16,Debit Card,2,FALSE,Delivered,4
ORD-03197,15/10/2023,2023,Q4,October,Sunday,CUST33951,Deepa Mehta,18,Young Adult,Male,East,Bhubaneswar,Beauty,Lipstick,2,2007.33,0.17,Medium,3672.85,48%,1779.77,78.53,UPI,5,FALSE,Delivered,2
ORD-00929,23/02/2021,2021,Q1,February,Tuesday,CUST75952,Nikhil Verma,24,Young Adult,Male,East,Guwahati,Furniture,Desk,5,2018.71,0.33,Very High,6353.83,29%,1860.03,62.35,EMI,5,FALSE,Delivered,1
ORD-03836,25/07/2024,2024,Q3,July,Thursday,CUST17574,Ananya Bhat,37,Adult,Male,East,Guwahati,Clothing,Jeans,6,3101.95,0.35,Very High,20358.13,36%,7357.07,89.04,Credit Card,3,TRUE,Returned,7
ORD-03158,29/09/2023,2023,Q3,September,Friday,CUST54265,Sanjay Bhat,38,Adult,Female,North,Amritsar,Furniture,Bookshelf,8,24623.45,0.03,Low,242532.88,26%,63126.55,36.04,Credit Card,1,FALSE,Delivered,4
ORD-02765,04/11/2023,2023,Q4,November,Saturday,CUST09924,Ritu Verma,36,Adult,Other,Central,Raipur,Electronics,Camera,5,18000.28,0.12,Medium,109973.4,10%,11424.94,73.2,Debit Card,4,FALSE,Delivered,2
ORD-00778,18/12/2020,2020,Q4,December,Friday,CUST98642,Sanjay Verma,53,Adult,Male,East,Kolkata,Groceries,Tea,3,284.05,0.26,High,407.29,7%,27.33,74.57,EMI,2,FALSE,Delivered,2
ORD-03353,21/12/2023,2023,Q4,December,Thursday,CUST13354,Sanjay Nair,29,Young Adult,Male,East,Patna,Groceries,Rice (5kg),9,344.79,0.33,Very High,2084.9,6%,132.76,57.21,UPI,2,FALSE,Cancelled,10
ORD-00863,29/01/2021,2021,Q1,January,Friday,CUST78361,Sanjay Joshi,51,Adult,Female,West,Mumbai,Beauty,Perfume,4,1427.81,0.28,High,3737.3,49%,1821.21,66.76,Credit Card,4,FALSE,delivered,5
ORD-03986,15/09/2024,2024,Q3,September,Sunday,CUST02647,Rahul Pillai,63,Senior,Female,West,Surat,Furniture,Wardrobe,1,30262.77,0.22,High,35090.43,16%,5627.29,62.47,EMI,1,FALSE,Delivered,10
ORD-01945,05/08/2022,2022,Q3,August,Friday,CUST15198,Aarav Bhat,33,Young Adult,Other,Central,Nagpur,Clothing,T-Shirt,7,607.95,0.38,Very High,3644.03,28%,1026.1,64.63,Net Banking,3,FALSE,Delivered,1
ORD-03665,13/05/2024,2024,Q2,May,Monday,CUST12838,Sanjay Pillai,3,Child & Teen,Male,East,Bhubaneswar,Clothing,Saree,2,358,0.38,Very High,728.66,35%,256.4,63.9,EMI,1,FALSE,Delivered,6
ORD-01149,31/05/2021,2021,Q2,May,Monday,CUST17159,Deepa Das,31,Young Adult,Female,East,Guwahati,Clothing,Jeans,2,1322.23,0.02,Low,3457.5,42%,1452.45,55.18,UPI,3,TRUE,Returned,7
ORD-02749,04/05/2023,2023,Q2,May,Thursday,CUST37997,Arjun Verma,51,Adult,Male,West,Pune,Sports,Football,3,11418.23,0.01,Low,43058.66,17%,7315.08,41.92,Credit Card,2,FALSE,Delivered,3
ORD-00787,25/12/2020,2020,Q4,December,Friday,CUST40665,Sunita Patel,53,Adult,Female,South,Chennai,Electronics,Headphones,4,65983.59,0.12,Medium,161534.85,16%,25135.71,66.2,Net Banking,1,FALSE,Delivered,4
ORD-01614,23/12/2021,2021,Q4,December,Thursday,CUST91726,Priya Shah,45,Adult,Other,Central,Bhopal,Electronics,Laptop,4,55475.84,0.06,Low,176358.34,13%,22566.53,40.68,Debit Card,4,FALSE,Cancelled,2
ORD-04104,17/11/2024,2024,Q4,November,Sunday,CUST00610,Priya Verma,14,Child & Teen,Male,North,Amritsar,Clothing,Jacket,8,1693.73,0.03,Low,12090.22,29%,3498.38,36.04,Credit Card,,FALSE,Cancelled,5
ORD-01328,18/08/2021,2021,Q3,August,Wednesday,CUST77757,Amit Rao,34,Young Adult,Other,South,Hyderabad,Clothing,T-Shirt,1,1197.05,0.33,Very High,1082.08,30%,320.52,29.64,UPI,4,FALSE,Cancelled,3
ORD-01880,04/10/2022,2022,Q4,October,Tuesday,CUST68733,Nikhil Nair,37,Adult,Male,East,Patna,Groceries,Flour,2,153.14,0.29,High,289.25,9%,25.46,77.75,UPI,5,FALSE,Delivered,8
ORD-01752,16/02/2022,2022,Q1,February,Wednesday,CUST58616,Nikhil Singh,34,Young Adult,Other,North,Delhi,Books,Cook Book,10,1347.14,0.17,Medium,12168.87,33%,3966.61,43.49,UPI,,TRUE,Returned,3
ORD-04099,15/11/2024,2024,Q4,November,Friday,CUST82403,Shreya Mehta,,,Female,West,Surat,Groceries,Dal (1kg),3,124.6,0.33,Very High,224.85,8%,18.07,79.1,Credit Card,,FALSE,Delivered,8
ORD-00565,09/09/2020,2020,Q3,September,Wednesday,CUST05627,Aarav Kumar,37,Adult,Female,West,Surat,Sports,Cricket Bat,1,3528.13,0.38,Very High,2038.22,21%,420.96,53.63,Credit Card,1,TRUE,Returned,6
ORD-03634,28/04/2024,2024,Q2,April,Sunday,CUST10137,Nikhil Kapoor,32,Young Adult,Male,South,Bangalore,Beauty,Sunscreen,1,2169.87,0.38,Very High,1926.55,24%,458.88,52.43,Cash on Delivery,5,FALSE,Pending,3
ORD-00222,04/07/2020,2020,Q3,July,Saturday,CUST35116,Shreya Reddy,41,Adult,Other,Central,Indore,Electronics,Smartphone,9,5129.67,0.32,Very High,38513.55,12%,4662.1,46.85,Cash on Delivery,5,FALSE,Delivered,2
ORD-01354,09/01/2021,2021,Q1,January,Saturday,CUST77279,Sanjay Chatterjee,29,Young Adult,Male,Central,Nagpur,Clothing,Jeans,2,3887.01,0.36,Very High,5775.71,39%,2252.91,53.35,Net Banking,5,FALSE,Delivered,1
ORD-01890,15/04/2022,2022,Q2,April,Friday,CUST59516,Priya Nair,46,Adult,Female,South,Kochi,Clothing,T-Shirt,8,2375.65,0.39,Very High,14431.7,35%,5032.2,74.26,UPI,3,FALSE,Delivered,5
ORD-02160,08/05/2022,2022,Q2,May,Sunday,CUST01889,Rahul Verma,31,Young Adult,Other,Central,Raipur,Beauty,Hair Oil,4,1536.84,0,No Discount,8572.24,57%,4876.08,73.06,Debit Card,5,FALSE,Delivered,6
ORD-00324,22/05/2020,2020,Q2,May,Friday,CUST46595,Amit Bhat,12,Child & Teen,Male,North,Amritsar,Clothing,T-Shirt,10,2830.97,0.36,Very High,22010.44,24%,5346.01,65.65,Net Banking,1,FALSE,Delivered,4
ORD-03314,12/04/2023,2023,Q2,April,Wednesday,CUST74780,Rahul Bhat,13,Child & Teen,Male,West,Pune,Books,Comic Book,10,1096,0.31,Very High,6190.12,29%,1824.11,82.85,Credit Card,5,FALSE,Delivered,7
ORD-03021,08/01/2023,2023,Q1,January,Sunday,CUST66733,Priya Iyer,33,Young Adult,Female,West,Ahmedabad,Groceries,Tea,4,223.01,0.06,Low,1169.61,9%,100.59,66.9,Cash on Delivery,2,FALSE,Delivered,2
ORD-03963,09/05/2024,2024,Q2,May,Thursday,CUST85913,Sunita Iyer,,,Male,Central,Raipur,Sports,Tennis Racket,,4061.88,0.18,Medium,4315.27,24%,1050.34,67.96,Debit Card,1,FALSE,Delivered,2
ORD-03326,12/10/2023,2023,Q4,October,Thursday,CUST35382,Ritu Singh,46,Adult,Other,West,Surat,Clothing,Jeans,5,1679.82,0.29,High,5932.93,41%,2439.71,61.89,Net Banking,2,FALSE,Cancelled,3
ORD-02513,27/12/2022,2022,Q4,December,Tuesday,CUST10153,Vikram Pillai,49,Adult,Other,West,Ahmedabad,Groceries,Flour,1,111.85,0.03,Low,85.28,9%,7.87,62.85,EMI,1,FALSE,Delivered,3
ORD-03675,15/05/2024,2024,Q2,May,Wednesday,CUST24522,Karan Kumar,35,Young Adult,Male,Central,Bhopal,Groceries,Cooking Oil,5,111.25,,,998.96,9%,93.18,69.34,Cash on Delivery,4,FALSE,Delivered,3
ORD-00805,01/02/2021,2021,Q1,February,Monday,CUST38399,Nikhil Gupta,22,Young Adult,Male,Central,Indore,Clothing,Saree,6,2532.55,0.06,Low,10659.76,43%,4546.73,64.53,UPI,1,FALSE,shipped,1
ORD-00838,18/01/2021,2021,Q1,January,Monday,CUST92341,Deepa Bhat,34,Young Adult,Other,South,Hyderabad,Electronics,Headphones,4,47874.24,0.29,High,95589.48,13%,11952.46,79.36,Debit Card,2,TRUE,Returned,3
ORD-00433,07/09/2020,2020,Q3,September,Monday,CUST34701,Sanjay Chatterjee,47,Adult,Other,Central,Indore,Electronics,Laptop,4,37472.7,0.01,Low,218210.41,10%,22304.92,43.11,Credit Card,4,FALSE,Delivered,10
ORD-03453,02/06/2024,2024,Q2,June,Sunday,CUST73572,Ananya Verma,18,Young Adult,Male,West,Surat,Furniture,Bed Frame,8,31388.84,0.39,Very High,135556.47,33%,45198.52,57.54,UPI,4,FALSE,Delivered,4
ORD-02906,06/10/2023,2023,Q4,October,Friday,CUST43728,Nisha Joshi,2,Child & Teen,Male,Central,Raipur,Sports,Football,7,754.28,0.05,Low,7778.83,29%,2271.05,45.61,Net Banking,1,FALSE,Delivered,4
ORD-02700,15/03/2023,2023,Q1,March,Wednesday,CUST26383,Vikram Mehta,18,Young Adult,Other,East,Guwahati,Sports,Dumbbells,5,5610.04,0.21,High,27238.57,15%,4096.24,84.23,UPI,2,FALSE,Delivered,2
ORD-03679,16/05/2024,2024,Q2,May,Thursday,CUST33255,Priya Mishra,38,Adult,Other,North,Amritsar,Furniture,Desk,5,25978.76,0.11,Medium,222707.41,21%,45655.25,40.23,Debit Card,1,FALSE,Delivered,4
ORD-03397,01/11/2024,2024,Q4,November,Friday,CUST80323,Rahul Chatterjee,23,Young Adult,Male,South,Bangalore,Groceries,Cooking Oil,6,69.63,0.33,Very High,256.35,8%,21.2,103.66,EMI,1,TRUE,Returned,1
ORD-02354,14/10/2022,2022,Q4,October,Friday,CUST69204,Arjun Joshi,3,Child & Teen,Other,North,Ludhiana,Sports,Yoga Mat,1,6882.24,0.06,Low,5996.92,26%,1545.12,56.46,Cash on Delivery,,TRUE,Returned,3
ORD-00623,10/06/2020,2020,Q2,June,Wednesday,CUST24662,Kavya Joshi,36,Adult,Other,Central,Raipur,Groceries,Rice (5kg),8,498.13,0.2,Medium,2870.12,8%,226.32,36.47,UPI,4,TRUE,Returned,6
ORD-00417,07/02/2020,2020,Q1,February,Friday,CUST24241,Meera Mehta,19,Young Adult,Male,Central,Indore,Groceries,Cooking Oil,6,170,0.36,Very High,834.1,6%,50.58,64.22,Net Banking,2,FALSE,Pending,5
ORD-03426,25/01/2024,2024,Q1,January,Thursday,CUST99964,Vikram Iyer,4,Child & Teen,Male,East,Kolkata,Beauty,Shampoo,9,432.41,0.37,Very High,2362.96,50%,1178.26,86.75,Net Banking,5,FALSE,Shipped,10
ORD-00125,17/02/2020,2020,Q1,February,Monday,CUST87260,Aarav Chatterjee,46,Adult,Other,East,Kolkata,Groceries,Sugar,5,308.01,0.04,Low,1315.86,4%,56.05,55.47,Cash on Delivery,2,FALSE,Delivered,2
ORD-00577,15/09/2020,2020,Q3,September,Tuesday,CUST53381,Aditya Pillai,54,Adult,Other,Central,Raipur,Sports,Cycle,8,10241.77,0.29,High,61888.65,21%,13264.84,67.15,Debit Card,1,TRUE,Returned,6
ORD-02110,17/07/2022,2022,Q3,July,Sunday,CUST80301,Priya Mehta,31,Young Adult,Other,Central,Indore,Books,Self-Help Book,,854,0.33,Very High,691.57,47%,321.8,40.83,Cash on Delivery,1,TRUE,Returned,6
ORD-01444,14/10/2021,2021,Q4,October,Thursday,CUST08288,Sanjay Verma,33,Young Adult,Male,South,Bangalore,Sports,Yoga Mat,9,2605.13,0.21,High,20094.94,12%,2400.52,83.93,EMI,4,TRUE,Returned,5
ORD-03182,10/07/2023,2023,Q3,July,Monday,CUST49514,Shreya Verma,34,Young Adult,Male,West,Ahmedabad,Clothing,Saree,1,3669.1,0.23,High,2724.49,42%,1136.46,66,EMI,5,FALSE,Delivered,9
ORD-00496,08/05/2020,2020,Q2,May,Friday,CUST35738,Nikhil Verma,44,Adult,Other,East,Bhubaneswar,Furniture,Bookshelf,6,10121.63,0.2,Medium,61938.25,32%,19909.16,79.23,UPI,1,FALSE,Shipped,2
ORD-00854,24/01/2021,2021,Q1,January,Sunday,CUST64876,Rahul Sharma,38,Adult,Female,South,Bangalore,Clothing,Saree,10,546.08,0.02,Low,4248.99,29%,1231.33,64.33,Cash on Delivery,5,FALSE,Delivered,
ORD-00271,29/04/2020,2020,Q2,April,Wednesday,CUST41469,Rahul Bhat,44,Adult,Male,West,Surat,Electronics,Camera,5,20270.62,0.13,Medium,92969.99,11%,10193.11,48.68,Debit Card,2,FALSE,Delivered,3
ORD-00615,10/03/2020,2020,Q1,March,Tuesday,CUST47101,Sanjay Shah,18,Young Adult,Other,Central,Raipur,Electronics,Headphones,7,37436.56,0.37,Very High,134393.01,16%,20949.87,52.14,UPI,2,FALSE,Delivered,10
ORD-03412,18/01/2024,2024,Q1,January,Thursday,CUST88295,Deepa Reddy,,,Other,Central,Bhopal,Clothing,T-Shirt,7,1628.33,0.37,Very High,7092.35,39%,2745.59,37.91,Credit Card,1,TRUE,Returned,3
ORD-03685,19/05/2024,2024,Q2,May,Sunday,CUST54368,Rahul Bhat,26,Young Adult,Other,East,Kolkata,Beauty,Lipstick,4,1340.35,0.28,High,6161.42,37%,2285.21,75.46,Net Banking,2,FALSE,Delivered,7
ORD-02233,31/08/2022,2022,Q3,August,Wednesday,CUST53670,Deepa Iyer,32,Young Adult,Male,West,Surat,Clothing,Dress,7,3559.36,0.26,High,22968.4,42%,9552.92,50.49,Net Banking,4,FALSE,Delivered,5
ORD-03340,16/12/2023,2023,Q4,December,Saturday,CUST00381,Pooja Kumar,15,Child & Teen,Female,South,Chennai,Beauty,Perfume,8,1831.18,0.37,Very High,8593.6,29%,2469.88,52.31,EMI,4,FALSE,Delivered,5
ORD-00958,03/11/2021,2021,Q4,November,Wednesday,CUST07589,Rohan Shah,3,Child & Teen,Male,North,Amritsar,Groceries,Dal (1kg),7,236.4,0.32,Very High,1215.84,7%,86.13,33.05,Cash on Delivery,2,TRUE,Returned,3
ORD-02135,25/07/2022,2022,Q3,July,Monday,CUST59057,Sunita Patel,44,Adult,Other,East,Kolkata,Sports,Tennis Racket,8,12531.28,0.26,High,102179.33,18%,18509.68,84.53,Cash on Delivery,1,FALSE,Shipped,6
ORD-00681,11/04/2020,2020,Q2,April,Saturday,CUST25326,Shreya Das,3,Child & Teen,Male,East,Guwahati,Sports,Tennis Racket,1,13269.22,0.27,High,7469.13,25%,1868.37,57.24,Cash on Delivery,2,FALSE,Cancelled,1
ORD-02649,19/02/2023,2023,Q1,February,Sunday,CUST25132,Aditya Nair,36,Adult,Male,North,Chandigarh,Furniture,Bookshelf,6,3886.28,0.02,Low,22799.71,20%,4659.41,44.59,Cash on Delivery,1,FALSE,Delivered,6
ORD-00814,01/08/2021,2021,Q3,August,Sunday,CUST27919,Deepa Bose,48,Adult,Female,East,Bhubaneswar,Clothing,Dress,3,1116.6,0.09,Low,2760.68,31%,860.81,92.64,EMI,4,FALSE,Delivered,2
ORD-02368,21/10/2022,2022,Q4,October,Friday,CUST57089,Shreya Bhat,48,Adult,Male,West,Ahmedabad,Furniture,Sofa,,6159.86,0.03,Low,5594.1,19%,1071.64,52.14,EMI,2,FALSE,Delivered,5
ORD-03156,29/09/2023,2023,Q3,September,Friday,CUST34657,Ananya Mishra,31,Young Adult,Other,East,Guwahati,Groceries,Tea,7,72.5,0.28,High,449.07,8%,36.76,80.15,UPI,4,FALSE,Cancelled,9
ORD-01658,01/09/2022,2022,Q3,September,Thursday,CUST14731,Aditya Patel,37,Adult,Female,Central,Nagpur,Beauty,Perfume,2,1173.03,0.29,High,1370.12,44%,604.94,50.86,Debit Card,3,FALSE,Delivered,1
ORD-00587,19/09/2020,2020,Q3,September,Saturday,CUST69337,Sunita Shah,3,Child & Teen,Female,Central,Indore,Electronics,Tablet,10,5927.03,0.37,Very High,41239.82,11%,4624.52,77.35,Cash on Delivery,4,FALSE,Delivered,4
ORD-02543,01/09/2023,2023,Q3,September,Friday,CUST35512,Rohan Joshi,44,Adult,Other,Central,Indore,Sports,Dumbbells,6,14871.36,0.23,High,56010.61,16%,9090.55,74.65,Cash on Delivery,2,FALSE,Delivered,8
ORD-03592,04/11/2024,2024,Q4,November,Monday,CUST10003,Rohan Joshi,15,Child & Teen,Male,West,Pune,Beauty,Face Cream,2,1384.67,,,4252.35,35%,1481.85,74.86,Cash on Delivery,3,FALSE,Delivered,8
ORD-00940,28/02/2021,2021,Q1,February,Sunday,CUST20288,Priya Mehta,32,Young Adult,Female,East,Patna,Books,Cook Book,1,1285.8,0.12,Medium,930.59,36%,331.39,110.69,EMI,1,FALSE,Shipped,8
ORD-03709,06/03/2024,2024,Q1,March,Wednesday,CUST34494,Rahul Mehta,4,Child & Teen,Other,South,Chennai,Electronics,Laptop,9,62118.25,0.27,High,741493.84,12%,88815.59,64.34,EMI,1,FALSE,Shipped,6
ORD-01178,06/12/2021,2021,Q4,December,Monday,CUST90166,Aditya Mishra,42,Adult,Other,Central,Bhopal,Furniture,Bed Frame,10,10408.77,0.32,Very High,104668.88,35%,36667.24,59.71,Credit Card,2,TRUE,Returned,5
ORD-02130,24/07/2022,2022,Q3,July,Sunday,CUST23716,Vikram Nair,46,Adult,Other,West,Surat,Beauty,Face Cream,8,1555.78,0.04,Low,16126.18,31%,4937.06,68.28,Net Banking,3,FALSE,Delivered,10
ORD-02092,07/09/2022,2022,Q3,September,Wednesday,CUST11724,Aarav Reddy,38,Adult,Male,East,Patna,Groceries,Tea,10,282.32,0.11,Medium,3690.15,7%,255.64,68.13,EMI,4,TRUE,Returned,2
ORD-04128,30/11/2024,2024,Q4,November,Saturday,CUST77827,Shreya Iyer,5,Child & Teen,Female,West,Surat,Sports,Cricket Bat,1,3657.04,,,3446.01,18%,616.93,48.37,Debit Card,3,FALSE,Delivered,1
ORD-02330,10/08/2022,2022,Q3,August,Wednesday,CUST47001,Nikhil Mishra,29,Young Adult,Other,Central,Nagpur,Sports,Cricket Bat,7,8342.21,0.31,Very High,46118.01,22%,10147.74,47.94,Credit Card,5,FALSE,Delivered,1
ORD-02454,29/11/2022,2022,Q4,November,Tuesday,CUST09118,Aarav Verma,27,Young Adult,Other,East,Kolkata,Sports,Football,1,2937.76,0.07,Low,2128.61,17%,360.5,64.66,Credit Card,5,FALSE,Delivered,6
ORD-02557,14/01/2023,2023,Q1,January,Saturday,CUST61978,Amit Chatterjee,13,Child & Teen,Female,South,Kochi,Clothing,T-Shirt,4,1975.84,0.38,Very High,3561.8,36%,1285.63,69.35,Cash on Delivery,2,FALSE,Delivered,7
ORD-03101,09/03/2023,2023,Q1,March,Thursday,CUST69379,Rohan Pillai,22,Young Adult,Other,North,Chandigarh,Furniture,Bookshelf,7,31725.3,0.37,Very High,162459.18,24%,38520.59,64.24,EMI,3,FALSE,Delivered,3
ORD-02839,21/05/2023,2023,Q2,May,Sunday,CUST65852,Kavya Patel,21,Young Adult,Other,South,Chennai,Sports,Yoga Mat,7,7147.56,0.25,High,64932.35,28%,18485.24,94.91,Debit Card,5,FALSE,Delivered,5
ORD-01511,11/12/2021,2021,Q4,December,Saturday,CUST08590,Ananya Reddy,42,Adult,Female,East,Patna,Groceries,Sugar,8,465.39,0.2,Medium,2501.07,7%,173.37,89.42,UPI,3,FALSE,Shipped,2
ORD-00504,08/11/2020,2020,Q4,November,Sunday,CUST76030,Nisha Verma,37,Adult,Other,West,Ahmedabad,Clothing,Dress,10,2383.2,0.23,High,19650.37,53%,10442.57,79.75,Credit Card,2,FALSE,Shipped,10
ORD-03891,08/10/2024,2024,Q4,October,Tuesday,CUST84613,Priya Kumar,23,Young Adult,Other,South,Bangalore,Furniture,Desk,1,17279.95,0.36,Very High,15219.05,28%,4268.25,69.91,EMI,4,FALSE,Cancelled,4
ORD-01941,05/06/2022,2022,Q2,June,Sunday,CUST72548,Vikram Verma,4,Child & Teen,Female,Central,Bhopal,Beauty,Face Cream,5,663.74,0.09,Low,4621.52,47%,2166.11,60.08,Credit Card,2,FALSE,Delivered,4
ORD-02073,07/03/2022,2022,Q1,March,Monday,CUST56467,Karan Kumar,36,Adult,Other,Central,Nagpur,Beauty,Hair Oil,7,541.57,0.38,Very High,3426.91,46%,1569.49,60.06,EMI,2,FALSE,Delivered,3
ORD-02253,09/09/2022,2022,Q3,September,Friday,CUST22702,Arjun Rao,54,Adult,Female,East,Kolkata,Furniture,Wardrobe,5,26136.57,0,No Discount,148485.58,26%,38154.91,66.36,UPI,1,FALSE,Cancelled,5
ORD-04062,28/10/2024,2024,Q4,October,Monday,CUST68176,Rahul Kapoor,39,Adult,Other,East,Bhubaneswar,Books,Self-Help Book,7,1034.14,0.16,Medium,6020,43%,2601.05,80.96,Cash on Delivery,5,FALSE,Delivered,9
ORD-03967,09/08/2024,2024,Q3,August,Friday,CUST37272,Rohan Chatterjee,52,Adult,Female,South,Hyderabad,Beauty,Face Cream,10,1414.73,0.32,Very High,12821.19,58%,7374.35,58.56,UPI,2,FALSE,Delivered,5
ORD-03269,11/12/2023,2023,Q4,December,Monday,CUST63780,Vikram Iyer,49,Adult,Male,Central,Nagpur,Groceries,Dal (1kg),2,53.72,0.33,Very High,63.44,8%,5.23,62.93,Credit Card,2,TRUE,Returned,9
ORD-01600,14/12/2021,2021,Q4,December,Tuesday,CUST62870,Nisha Sharma,26,Young Adult,Other,Central,Indore,Groceries,Sugar,10,293.89,0.38,Very High,1212.94,11%,128.26,43.01,Net Banking,1,FALSE,Pending,6
ORD-01003,31/03/2021,2021,Q1,March,Wednesday,CUST87374,Ritu Gupta,3,Child & Teen,Female,Central,Indore,Books,Fiction Novel,3,672.84,0.35,Very High,1371.74,40%,547.98,61.75,Net Banking,1,TRUE,Returned,8
ORD-00840,19/01/2021,2021,Q1,January,Tuesday,CUST21706,Arjun Bose,4,Child & Teen,Female,Central,Bhopal,Groceries,Flour,8,250.4,0.34,Very High,989.57,6%,63.61,62.31,Credit Card,4,FALSE,Delivered,9
ORD-02591,31/01/2023,2023,Q1,January,Tuesday,CUST31554,Aditya Kumar,28,Young Adult,Female,West,Surat,Electronics,Camera,7,67056.12,0.16,Medium,386566.32,11%,40666.72,42.69,UPI,2,FALSE,Pending,7
ORD-02071,07/03/2022,2022,Q1,March,Monday,CUST84689,Meera Sharma,25,Young Adult,Other,West,Mumbai,Beauty,Lipstick,10,718.67,0.32,Very High,6934.59,39%,2686.48,47.47,Cash on Delivery,4,FALSE,Delivered,6
ORD-01919,28/04/2022,2022,Q2,April,Thursday,CUST47510,Ritu Gupta,37,Adult,Female,East,Kolkata,Groceries,Flour,2,104.13,0.39,Very High,155.91,10%,16.21,58.21,EMI,3,TRUE,Returned,10
ORD-03682,17/05/2024,2024,Q2,May,Friday,CUST30084,Ritu Bose,,,Other,North,Ludhiana,Clothing,Saree,5,1894.58,0.19,Medium,13572.12,40%,5410.53,40.74,Debit Card,4,FALSE,Delivered,3
ORD-03702,26/05/2024,2024,Q2,May,Sunday,CUST35943,Nisha Mehta,44,Adult,Other,North,Amritsar,Beauty,Face Cream,5,678.22,0.34,Very High,3655.87,37%,1361.71,56.46,EMI,2,FALSE,Shipped,3
ORD-00736,12/01/2020,2020,Q1,January,Sunday,CUST74868,Priya Patel,46,Adult,Male,West,Mumbai,Groceries,Dal (1kg),1,94.57,0.38,Very High,44.61,6%,2.87,55.93,EMI,,FALSE,Delivered,8
ORD-00108,02/10/2020,2020,Q4,October,Friday,CUST71620,Sunita Pillai,26,Young Adult,Male,South,Hyderabad,Furniture,Wardrobe,10,26170.61,0.14,Medium,206121.15,31%,64822.6,51.37,Cash on Delivery,5,FALSE,Cancelled,10
ORD-02438,24/11/2022,2022,Q4,November,Thursday,CUST92064,Rahul Shah,3,Child & Teen,Male,West,Mumbai,Electronics,Laptop,10,42734.97,0.19,Medium,285560.12,15%,41480.81,68.69,Net Banking,4,FALSE,Delivered,6
ORD-00833,16/01/2021,2021,Q1,January,Saturday,CUST53156,Rohan Iyer,44,Adult,Male,Central,Raipur,Clothing,Kurta,8,1374.51,0.25,High,7027.6,36%,2549.49,47.72,EMI,2,FALSE,delivered,
ORD-00689,11/08/2020,2020,Q3,August,Tuesday,CUST06352,Sunita Singh,43,Adult,Other,North,Delhi,Groceries,Rice (5kg),999,195.29,0.1,Low,140042.31,7%,9617.93,60.48,Credit Card,,FALSE,Delivered,7
ORD-03363,26/12/2023,2023,Q4,December,Tuesday,CUST98456,Nikhil Bose,4,Child & Teen,Female,South,Chennai,Furniture,Desk,1,8061.02,0.24,High,5002.7,23%,1155.06,108.12,Credit Card,4,FALSE,Cancelled,6
ORD-01678,19/01/2022,2022,Q1,January,Wednesday,CUST69653,Karan Sharma,25,Young Adult,Male,West,Ahmedabad,Sports,Yoga Mat,10,14755.73,0.33,Very High,79877.72,22%,17279.41,54.29,Debit Card,5,FALSE,Delivered,6
ORD-00040,15/01/2020,2020,Q1,January,Wednesday,CUST53328,Shreya Gupta,5,Child & Teen,Male,East,Bhubaneswar,Beauty,Shampoo,8,2450.85,0.02,Low,13737.04,39%,5401.03,95.73,Net Banking,2,FALSE,Delivered,
ORD-01163,06/05/2021,2021,Q2,May,Thursday,CUST43541,Kavya Gupta,36,Adult,Male,West,Mumbai,Clothing,T-Shirt,3,3190.15,0.14,Medium,12589.64,26%,3253.84,41,UPI,1,FALSE,Delivered,6
ORD-02426,15/11/2022,2022,Q4,November,Tuesday,CUST17865,Sanjay Pillai,32,Young Adult,Female,South,Bangalore,Groceries,Sugar,5,450.47,0.3,High,1325.61,8%,106.62,50.58,Cash on Delivery,5,FALSE,Cancelled,7
ORD-01903,21/04/2022,2022,Q2,April,Thursday,CUST83392,Kavya Shah,22,Young Adult,Other,South,Bangalore,Sports,Dumbbells,3,10164.78,0.29,High,27674.49,15%,4282.27,81.55,Cash on Delivery,,TRUE,Returned,7
ORD-04042,20/10/2024,2024,Q4,October,Sunday,CUST13143,Rahul Mehta,15,Child & Teen,Other,Central,Raipur,Sports,Dumbbells,7,8478.88,0.28,High,51799.45,24%,12429.32,63.81,Cash on Delivery,,FALSE,delivered,10
ORD-03152,28/09/2023,2023,Q3,September,Thursday,CUST23783,Nikhil Kumar,29,Young Adult,Other,West,Surat,Books,Fiction Novel,7,606.81,0.04,Low,4234.64,38%,1593.45,88.92,EMI,4,FALSE,Shipped,3
ORD-00762,12/11/2020,2020,Q4,November,Thursday,CUST56124,Rohan Patel,31,Young Adult,Female,North,Ludhiana,Sports,Cycle,,9275.47,0.32,Very High,4385.2,24%,1038.19,42.64,Debit Card,1,TRUE,Returned,6
ORD-01874,04/07/2022,2022,Q3,July,Monday,CUST43568,Pooja Kapoor,56,Senior,Male,East,Bhubaneswar,Books,Textbook,10,781.54,0.38,Very High,5556.24,39%,2168.7,78.77,Net Banking,5,FALSE,Delivered,4
ORD-00910,02/11/2021,2021,Q4,November,Tuesday,CUST43459,Arjun Gupta,71,Senior,Female,South,Chennai,Sports,Yoga Mat,2,1368.36,,,2751.01,11%,302.67,73.32,Debit Card,5,FALSE,Delivered,3
ORD-00822,01/12/2021,2021,Q4,December,Wednesday,CUST46373,Ananya Kapoor,17,Child & Teen,Female,West,Ahmedabad,Clothing,Kurta,5,3585.04,,,12519.02,32%,4000.6,65.28,Net Banking,4,FALSE,Delivered,4
ORD-02848,26/05/2023,2023,Q2,May,Friday,CUST09047,Ritu Sharma,,,Male,West,Pune,Electronics,Headphones,9,53164.48,0.28,High,461808.2,10%,47885.66,54.33,Cash on Delivery,2,FALSE,Delivered,10
ORD-03082,24/08/2023,2023,Q3,August,Thursday,CUST93135,Karan Das,33,Young Adult,Male,South,Bangalore,Clothing,Dress,10,3548.29,0.33,Very High,32142.13,43%,13918.96,75.2,Net Banking,3,FALSE,Pending,8
ORD-02336,10/10/2022,2022,Q4,October,Monday,CUST70109,Ananya Bose,52,Adult,Female,West,Ahmedabad,Groceries,Tea,8,473.63,0.35,Very High,3088.56,7%,221.64,49.07,Net Banking,5,FALSE,Shipped,9
ORD-00723,27/11/2020,2020,Q4,November,Friday,CUST73920,Shreya Joshi,3,Child & Teen,Male,West,Pune,Clothing,Dress,2,2740.49,,,3954.93,36%,1439.89,70.08,EMI,3,TRUE,Returned,1
ORD-03941,26/08/2024,2024,Q3,August,Monday,CUST54628,Amit Das,51,Adult,Other,South,Kochi,Furniture,Desk,2,17035.15,0.2,Medium,43451.64,21%,9088.3,103.64,Debit Card,1,FALSE,Delivered,3
ORD-02699,15/03/2023,2023,Q1,March,Wednesday,CUST30292,Aarav Bose,45,Adult,Other,North,Amritsar,Sports,Tennis Racket,2,7389.74,0.4,Very High,13163.06,20%,2642.15,49.76,Debit Card,4,TRUE,Returned,6
ORD-03348,19/12/2023,2023,Q4,December,Tuesday,CUST22988,Rahul Shah,55,Adult,Other,Central,Nagpur,Groceries,Rice (5kg),10,135.28,0.11,Medium,1099.56,11%,117.16,52.31,Cash on Delivery,4,FALSE,Cancelled,8
ORD-01072,29/04/2021,2021,Q2,April,Thursday,CUST97294,Priya Kapoor,37,Adult,Other,East,Bhubaneswar,Sports,Cricket Bat,1,14885.78,0.36,Very High,12389.87,13%,1669.38,87.48,Cash on Delivery,3,FALSE,Cancelled,5
ORD-03476,17/02/2024,2024,Q1,February,Saturday,CUST72336,Priya Nair,43,Adult,Male,North,Ludhiana,Books,Textbook,1,649.08,0.07,Low,649.52,51%,331.12,65.5,UPI,4,FALSE,Pending,1
ORD-02037,17/06/2022,2022,Q2,June,Friday,CUST43812,Kavya Kapoor,18,Young Adult,Female,South,Kochi,Groceries,Tea,10,190.56,0.06,Low,3127.61,8%,256.19,101.94,EMI,,TRUE,Returned,2
ORD-02102,14/07/2022,2022,Q3,July,Thursday,CUST33411,Karan Bose,48,Adult,Male,South,Bangalore,Sports,Yoga Mat,9,3817.71,0.25,High,41379.36,20%,8384.06,104.35,UPI,5,FALSE,Delivered,9
ORD-01099,05/11/2021,2021,Q4,November,Friday,CUST12441,Priya Nair,41,Adult,Female,South,Chennai,Clothing,Kurta,6,1254.64,0.03,Low,10261.46,30%,3117.09,62.14,UPI,5,FALSE,Shipped,1
ORD-00296,05/09/2020,2020,Q3,September,Saturday,CUST10572,Shreya Bose,32,Young Adult,Other,East,Guwahati,Sports,Yoga Mat,10,4628.22,,,53982.41,19%,10198.59,81.65,EMI,3,FALSE,Delivered,1
ORD-02387,30/10/2022,2022,Q4,October,Sunday,CUST50482,Aarav Iyer,26,Young Adult,Female,South,Kochi,Sports,Yoga Mat,8,10568.63,0.21,High,55630.33,26%,14348.89,77.59,Debit Card,4,FALSE,Delivered,1
ORD-00046,18/01/2020,2020,Q1,January,Saturday,CUST01705,Priya Iyer,29,Young Adult,Female,West,Pune,Clothing,Dress,1,2597.86,0.22,High,1513.98,35%,537.05,56.63,Cash on Delivery,4,FALSE,Cancelled,8
ORD-03443,02/01/2024,2024,Q1,January,Tuesday,CUST29477,Arjun Iyer,51,Adult,Female,South,Bangalore,Sports,Cycle,6,5856.01,0.18,Medium,26851.31,32%,8697.76,63.02,Debit Card,3,FALSE,Delivered,2
ORD-00039,15/01/2020,2020,Q1,January,Wednesday,CUST51057,Aarav Pillai,15,Child & Teen,Male,West,Mumbai,Beauty,Perfume,6,1616.14,0.37,Very High,4074.48,43%,1744.23,70.31,Net Banking,2,FALSE,Delivered,3
ORD-03335,13/12/2023,2023,Q4,December,Wednesday,CUST09205,Aarav Singh,38,Adult,Other,South,Hyderabad,Groceries,Rice (5kg),8,117.19,0.18,Medium,525.6,10%,50.27,74.25,EMI,5,FALSE,Delivered,8
ORD-01985,26/05/2022,2022,Q2,May,Thursday,CUST62252,Vikram Mehta,22,Young Adult,Male,Central,Bhopal,Sports,Dumbbells,4,871.51,0.38,Very High,3475.68,16%,572.32,44.83,UPI,3,FALSE,Delivered,3
ORD-03651,05/05/2024,2024,Q2,May,Sunday,CUST95089,Amit Verma,4,Child & Teen,Female,Central,Nagpur,Beauty,Sunscreen,8,1207.93,0.26,High,11716.75,38%,4482.22,60.34,EMI,5,FALSE,Delivered,4
ORD-00855,25/01/2021,2021,Q1,January,Monday,CUST20377,Nisha Sharma,33,Young Adult,Other,East,Guwahati,Beauty,Face Cream,9,1589.89,0.08,Low,10590.69,51%,5434.65,87.21,Cash on Delivery,4,FALSE,Delivered,4
ORD-02036,16/06/2022,2022,Q2,June,Thursday,CUST01271,Ritu Gupta,21,Young Adult,Female,South,Chennai,Groceries,Cooking Oil,9,468.64,0.21,High,5155.01,4%,228.82,46.36,Credit Card,4,FALSE,Delivered,5
ORD-02142,29/07/2022,2022,Q3,July,Friday,CUST09685,Shreya Gupta,42,Adult,Female,North,Chandigarh,Sports,Yoga Mat,3,7955.73,0.22,High,26168.55,21%,5570.15,48.56,Debit Card,1,FALSE,Delivered,2
ORD-00033,01/12/2020,2020,Q4,December,Tuesday,CUST74345,Shreya Patel,18,Young Adult,Male,South,Hyderabad,Books,Textbook,2,626.54,0.21,High,805.43,45%,364.25,56.69,UPI,3,FALSE,Delivered,8
ORD-00019,01/07/2020,2020,Q3,July,Wednesday,CUST27279,Sunita Iyer,26,Young Adult,Male,Central,Nagpur,Groceries,Sugar,6,435.26,0.24,High,1450.57,9%,128.4,57.95,Net Banking,5,FALSE,Pending,3
ORD-00248,20/04/2020,2020,Q2,April,Monday,CUST27111,Deepa Reddy,39,Adult,Male,West,Pune,Furniture,Bed Frame,9,20578.89,0.1,Low,193354.91,24%,46837.64,76.42,EMI,2,FALSE,Delivered,1
ORD-02489,16/12/2022,2022,Q4,December,Friday,CUST09533,Nikhil Verma,46,Adult,Other,Central,Bhopal,Sports,Football,8,2230.31,0.23,High,11449.66,22%,2516.27,57.84,UPI,2,FALSE,Pending,5
ORD-01253,19/07/2021,2021,Q3,July,Monday,CUST22505,Shreya Chatterjee,31,Young Adult,Male,South,Kochi,Groceries,Rice (5kg),5,443.63,0.36,Very High,1854.03,9%,166.1,43.69,Cash on Delivery,2,TRUE,Returned,2
ORD-00196,28/03/2020,2020,Q1,March,Saturday,CUST37557,Arjun Chatterjee,45,Adult,Other,West,Ahmedabad,Clothing,Kurta,1,1971.81,0.05,Low,1592.69,46%,732.33,57.58,EMI,1,FALSE,Delivered,6
ORD-02698,15/03/2023,2023,Q1,March,Wednesday,CUST60455,Meera Kumar,4,Child & Teen,Male,North,Ludhiana,Books,Biography,10,1452.95,0.01,Low,18658.74,31%,5761.15,57.81,Net Banking,3,FALSE,Delivered,2
ORD-00204,30/03/2020,2020,Q1,March,Monday,CUST60582,Aditya Sharma,22,Young Adult,Male,Central,Indore,Electronics,Smartwatch,3,9772.16,,,30220.53,13%,3821.21,87.89,Credit Card,3,FALSE,Delivered,7
ORD-00293,05/09/2020,2020,Q3,September,Saturday,CUST52570,Nikhil Kumar,7,Child & Teen,Other,Central,Nagpur,Sports,Yoga Mat,8,2926.82,0.04,Low,27176.51,30%,8084.38,41.11,EMI,1,FALSE,Delivered,1
ORD-01346,27/08/2021,2021,Q3,August,Friday,CUST63670,Sunita Reddy,53,Adult,Male,North,Ludhiana,Furniture,Desk,10,20350.98,0.22,High,218880.02,20%,43493.86,69.86,EMI,1,FALSE,Delivered,5
ORD-00913,15/02/2021,2021,Q1,February,Monday,CUST25496,Sanjay Pillai,15,Child & Teen,Other,West,Ahmedabad,Furniture,Bed Frame,5,17189.6,0.27,High,55435.55,25%,13684.7,59.73,Credit Card,3,FALSE,Delivered,6
ORD-00114,02/11/2020,2020,Q4,November,Monday,CUST09240,Ananya Das,3,Child & Teen,Male,North,Delhi,Books,Textbook,9,334.26,0.33,Very High,1656.41,33%,547.21,64.37,Credit Card,3,TRUE,Returned,9
ORD-01751,16/02/2022,2022,Q1,February,Wednesday,CUST01506,Sunita Mishra,36,Adult,Female,East,Guwahati,Groceries,Flour,10,340.07,0,No Discount,3411.77,6%,221.45,94.4,UPI,1,FALSE,delivered,10
ORD-03697,24/05/2024,2024,Q2,May,Friday,CUST35363,Amit Das,43,Adult,Other,Central,Nagpur,Books,Textbook,8,734.35,0.3,High,6592.36,35%,2327.04,53.13,UPI,3,FALSE,Delivered,1
ORD-02056,25/06/2022,2022,Q2,June,Saturday,CUST33480,Pooja Singh,31,Young Adult,Other,West,Surat,Sports,Yoga Mat,1,12201.41,0.38,Very High,11448.72,22%,2473.09,54.83,EMI,1,FALSE,Delivered,5
ORD-03879,08/09/2024,2024,Q3,September,Sunday,CUST22795,Nikhil Kumar,18,Young Adult,Male,South,Chennai,Clothing,Jeans,9,892.19,0.29,High,6933.33,45%,3107.54,67.17,EMI,2,FALSE,Delivered,10
ORD-03317,12/05/2023,2023,Q2,May,Friday,CUST33429,Sunita Das,,,Female,North,Chandigarh,Furniture,Desk,3,29726.23,0.07,Low,67800.68,33%,22599.39,72.07,Net Banking,,FALSE,Delivered,10
ORD-03514,03/08/2024,2024,Q3,August,Saturday,CUST77487,Priya Gupta,32,Young Adult,Female,West,Pune,Groceries,Tea,3,248.9,0,No Discount,937.24,10%,91.65,73.94,Credit Card,4,FALSE,Delivered,6
ORD-01630,27/12/2021,2021,Q4,December,Monday,CUST77556,Arjun Joshi,37,Adult,Male,North,Delhi,Groceries,Dal (1kg),1,461.28,0.06,Low,357.77,12%,41.24,57.7,Cash on Delivery,,FALSE,Delivered,2
ORD-03201,16/10/2023,2023,Q4,October,Monday,CUST99262,Sanjay Joshi,19,Young Adult,Male,North,Chandigarh,Clothing,Kurta,7,1104.26,0.13,Medium,6551.79,37%,2415.74,58.32,Debit Card,3,FALSE,Delivered,1
ORD-03641,05/02/2024,2024,Q1,February,Monday,CUST69845,Ananya Nair,25,Young Adult,Female,North,Chandigarh,Beauty,Face Cream,4,867.46,0.22,High,4462.82,53%,2376.05,52.4,Debit Card,2,FALSE,Delivered,7
ORD-00005,01/02/2020,2020,Q1,February,Saturday,CUST66045,Aditya Singh,45,Adult,Other,East,Kolkata,Books,Textbook,6,682.59,0.22,High,2460.25,28%,680.71,76.22,Debit Card,1,TRUE,Returned,3
ORD-00176,18/03/2020,2020,Q1,March,Wednesday,CUST81366,Vikram Sharma,15,Child & Teen,Female,East,Patna,Furniture,Bookshelf,6,14217.54,0.36,Very High,54182.97,31%,16528.59,65.56,EMI,5,FALSE,Pending,9
ORD-00413,07/01/2020,2020,Q1,January,Tuesday,CUST24888,Nisha Mishra,3,Child & Teen,Male,East,Guwahati,Beauty,Sunscreen,9,2148.56,0.13,Medium,20282.55,47%,9481.52,85.42,Net Banking,5,FALSE,delivered,6
ORD-02231,30/08/2022,2022,Q3,August,Tuesday,CUST06734,Priya Mehta,26,Young Adult,Female,East,Guwahati,Electronics,Camera,7,49602.62,0.08,Low,439375.74,13%,57634.77,76.26,EMI,4,TRUE,Returned,7
ORD-01431,10/07/2021,2021,Q3,July,Saturday,CUST03275,Rohan Mishra,42,Adult,Female,West,Ahmedabad,Electronics,Smartwatch,8,32618.21,0.24,High,175909.3,13%,22171.54,80.63,Credit Card,5,FALSE,Delivered,2
ORD-03100,09/01/2023,2023,Q1,January,Monday,CUST55749,Rahul Das,38,Adult,Other,West,Surat,Groceries,Rice (5kg),1,166.38,0.11,Medium,187.22,10%,18.5,57.01,Debit Card,5,FALSE,Delivered,7
ORD-00024,01/10/2020,2020,Q4,October,Thursday,CUST27593,Nikhil Mehta,23,Young Adult,Male,South,Bangalore,Sports,Yoga Mat,9,14375.13,0.19,Medium,85772.89,17%,14206.15,58.57,Net Banking,5,FALSE,Delivered,2
ORD-03041,08/08/2023,2023,Q3,August,Tuesday,CUST35537,Sunita Nair,24,Young Adult,Male,Central,Raipur,Furniture,Chair,4,33469.07,0.02,Low,211554.01,29%,60337.15,33.54,EMI,3,TRUE,Returned,8
ORD-02422,11/12/2022,2022,Q4,December,Sunday,CUST80806,Deepa Bhat,26,Young Adult,Male,North,Amritsar,Clothing,Dress,6,2781.83,0.34,Very High,10384.52,34%,3543.82,47.91,Credit Card,2,FALSE,Delivered,3
ORD-02615,02/10/2023,2023,Q4,October,Monday,CUST36242,Shreya Iyer,38,Adult,Female,North,Chandigarh,Clothing,Jeans,9,924.21,0.25,High,6848.48,32%,2169.66,33.88,Debit Card,4,FALSE,Delivered,6
ORD-04133,12/02/2024,2024,Q1,February,Monday,CUST61673,Kavya Joshi,42,Adult,Female,Central,Raipur,Sports,Tennis Racket,5,6804.29,0.19,Medium,29844.9,27%,8007.3,38.07,EMI,5,FALSE,Delivered,6
ORD-02269,14/09/2022,2022,Q3,September,Wednesday,CUST17627,Deepa Kapoor,,,Other,South,Bangalore,Sports,Yoga Mat,3,13367.65,0.27,High,30351.3,27%,8238.28,76.52,Cash on Delivery,3,FALSE,Delivered,4
ORD-00027,01/11/2020,2020,Q4,November,Sunday,CUST34383,Kavya Chatterjee,2,Child & Teen,Female,West,Pune,Sports,Football,5,2324.58,0.2,Medium,8032.2,21%,1662.26,52.62,EMI,3,FALSE,Cancelled,4
ORD-00421,07/05/2020,2020,Q2,May,Thursday,CUST80414,Karan Rao,4,Child & Teen,Other,Central,Raipur,Beauty,Face Cream,6,682.35,0.15,Medium,4243.13,56%,2395.37,66.53,Cash on Delivery,3,FALSE,Delivered,5
ORD-00960,13/03/2021,2021,Q1,March,Saturday,CUST61286,Aarav Singh,11,Child & Teen,Male,Central,Nagpur,Electronics,Tablet,4,22676.17,0.17,Medium,85348.7,13%,11066.6,67.96,EMI,1,FALSE,Delivered,1
ORD-00603,26/09/2020,2020,Q3,September,Saturday,CUST11712,Deepa Nair,44,Adult,Male,Central,Raipur,Beauty,Face Cream,9,2256.35,0.31,Very High,13508.5,56%,7604.3,80.48,Cash on Delivery,5,TRUE,Returned,2
ORD-03058,17/08/2023,2023,Q3,August,Thursday,CUST75687,Priya Mehta,48,Adult,Other,South,Chennai,Clothing,Jacket,4,2277.17,0.19,Medium,10944.9,39%,4259.56,68.14,Cash on Delivery,2,TRUE,Returned,3
ORD-00830,15/01/2021,2021,Q1,January,Friday,CUST61741,Sanjay Reddy,47,Adult,Female,West,Surat,Sports,Cycle,5,10407.54,0.02,Low,43179.3,23%,9803.14,66.57,EMI,1,TRUE,Returned,6
ORD-00516,16/08/2020,2020,Q3,August,Sunday,CUST07356,Aditya Kumar,35,Young Adult,Male,South,Hyderabad,Groceries,Cooking Oil,10,322.15,0.26,High,2631.92,8%,219.32,72.89,EMI,4,FALSE,Delivered,5
ORD-03673,15/05/2024,2024,Q2,May,Wednesday,CUST42403,Shreya Gupta,27,Young Adult,Other,North,Amritsar,Clothing,Saree,1,2208.92,0.2,Medium,2768.11,29%,796.01,73.64,Net Banking,5,FALSE,Delivered,1
ORD-04052,24/10/2024,2024,Q4,October,Thursday,CUST70027,Sanjay Verma,58,Senior,Other,East,Patna,Books,Biography,5,1349.81,0.08,Low,6739.7,47%,3176.85,79.58,Net Banking,2,FALSE,Cancelled,10
ORD-03481,22/02/2024,2024,Q1,February,Thursday,CUST77456,Priya Mishra,44,Adult,Female,Central,Raipur,Groceries,Rice (5kg),3,74.2,0.24,High,203.22,6%,12.54,53.05,EMI,2,FALSE,Delivered,10
ORD-03266,11/10/2023,2023,Q4,October,Wednesday,CUST94697,Karan Patel,5,Child & Teen,Female,West,Pune,Furniture,Chair,6,34185.33,,,176966.47,33%,57877.84,63.45,Cash on Delivery,2,FALSE,Delivered,2
ORD-01128,24/05/2021,2021,Q2,May,Monday,CUST64957,Sanjay Kumar,21,Young Adult,Other,West,Ahmedabad,Books,Fiction Novel,2,810.88,0.39,Very High,1381.05,36%,500.04,42.7,Debit Card,5,FALSE,cancelled,2
ORD-02681,03/06/2023,2023,Q2,June,Saturday,CUST22232,Shreya Verma,43,Adult,Male,North,Ludhiana,Beauty,Shampoo,7,142.6,0.04,Low,1268.77,38%,481.8,55.31,Credit Card,2,FALSE,Pending,5
ORD-00885,02/04/2021,2021,Q2,April,Friday,CUST26006,Pooja Nair,34,Young Adult,Male,West,Ahmedabad,Clothing,Saree,9,3473.33,0.26,High,20518.25,34%,6894.62,54.27,UPI,2,FALSE,Delivered,1
ORD-03811,14/07/2024,2024,Q3,July,Sunday,CUST17506,Ananya Nair,42,Adult,Male,East,Kolkata,Sports,Dumbbells,3,2246.75,0.09,Low,10430.01,28%,2923.56,75.87,Net Banking,,FALSE,Delivered,7
ORD-03276,16/11/2023,2023,Q4,November,Thursday,CUST08733,Pooja Verma,35,Young Adult,Other,South,Kochi,Clothing,T-Shirt,5,2427.77,0.37,Very High,6775.69,35%,2397.72,59.3,EMI,3,FALSE,Delivered,2
ORD-01577,12/04/2021,2021,Q2,April,Monday,CUST22334,Sanjay Kapoor,46,Adult,Other,Central,Nagpur,Beauty,Sunscreen,8,2183.25,0.33,Very High,9813.33,31%,3029.21,47.17,UPI,2,FALSE,Delivered,5
ORD-00583,17/09/2020,2020,Q3,September,Thursday,CUST16103,Sunita Nair,31,Young Adult,Female,West,Ahmedabad,Books,Cook Book,7,477.86,0.36,Very High,2149.26,31%,674.69,44.92,Net Banking,3,FALSE,Delivered,3
ORD-03374,30/12/2023,2023,Q4,December,Saturday,CUST19728,Meera Singh,35,Young Adult,Male,Central,Raipur,Clothing,Jeans,6,2039.2,0.25,High,9153.05,55%,5063.52,61.17,EMI,4,FALSE,Delivered,6
ORD-03590,04/10/2024,2024,Q4,October,Friday,CUST88984,Aditya Shah,34,Young Adult,Female,West,Mumbai,Beauty,Sunscreen,10,1620.62,0.23,High,21174.44,27%,5674.7,44.36,Debit Card,1,TRUE,Returned,8
ORD-02341,10/11/2022,2022,Q4,November,Thursday,CUST63955,Arjun Bose,33,Young Adult,Female,East,Guwahati,Books,Self-Help Book,4,417.82,0.02,Low,1766.12,37%,656.08,75.99,Cash on Delivery,2,FALSE,Delivered,3
ORD-01090,05/07/2021,2021,Q3,July,Monday,CUST81568,Ananya Verma,26,Young Adult,Male,South,Chennai,Beauty,Face Cream,9,1526.75,0.05,Low,20189.33,49%,9972.58,67.44,UPI,,FALSE,Delivered,8
ORD-02009,06/05/2022,2022,Q2,May,Friday,CUST02356,Aarav Kapoor,28,Young Adult,Other,East,Kolkata,Furniture,Desk,5,34373.42,0.27,High,169000.08,30%,50613.06,89.82,Debit Card,1,TRUE,Returned,5
ORD-03864,08/05/2024,2024,Q2,May,Wednesday,CUST15933,Aarav Verma,41,Adult,Other,East,Bhubaneswar,Electronics,Smartphone,5,64468.92,0.2,Medium,374699.96,13%,48329.91,79.41,Net Banking,1,FALSE,Shipped,10
ORD-03244,11/02/2023,2023,Q1,February,Saturday,CUST42835,Meera Rao,38,Adult,Male,East,Guwahati,Beauty,Perfume,7,315.92,,,1848.67,35%,652.99,76.21,Cash on Delivery,3,FALSE,Delivered,4
ORD-00698,13/11/2020,2020,Q4,November,Friday,CUST94944,Priya Chatterjee,,,Female,Central,Nagpur,Furniture,Bed Frame,5,5883.06,0.15,Medium,18273.96,32%,5925.19,69.28,Cash on Delivery,2,FALSE,Shipped,9
ORD-03015,29/07/2023,2023,Q3,July,Saturday,CUST53698,Meera Kapoor,,,Male,East,Bhubaneswar,Sports,Cycle,8,4080.77,0.36,Very High,28369.38,25%,7223.68,77.54,Cash on Delivery,2,FALSE,Delivered,10
ORD-02569,23/01/2023,2023,Q1,January,Monday,CUST55735,Vikram Gupta,21,Young Adult,Male,South,Kochi,Books,Fiction Novel,5,238.01,0.34,Very High,658.25,55%,358.98,83.77,UPI,3,FALSE,Delivered,9
ORD-03658,05/08/2024,2024,Q3,August,Monday,CUST59639,Deepa Chatterjee,33,Young Adult,Male,North,Amritsar,Electronics,Headphones,1,20268.07,,,30490.51,17%,5209.56,57.63,EMI,2,FALSE,Delivered,10
ORD-00455,19/07/2020,2020,Q3,July,Sunday,CUST20908,Vikram Mehta,37,Adult,Female,South,Kochi,Electronics,Smartwatch,10,61673.76,0.15,Medium,681333.41,13%,90844.4,76.69,Cash on Delivery,3,FALSE,Delivered,7
ORD-03302,29/11/2023,2023,Q4,November,Wednesday,CUST00808,Arjun Reddy,31,Young Adult,Female,West,Mumbai,Electronics,Smartwatch,5,5934.23,0.35,Very High,18050.43,10%,1851.85,76.64,UPI,3,FALSE,Shipped,2
ORD-00276,05/02/2020,2020,Q1,February,Wednesday,CUST77008,Meera Bhat,34,Young Adult,Other,Central,Nagpur,Books,Textbook,7,1479.71,0.18,Medium,9080.88,44%,3968.87,53.15,Net Banking,4,FALSE,Delivered,2
ORD-03325,12/10/2023,2023,Q4,October,Thursday,CUST66402,Sanjay Nair,11,Child & Teen,Female,East,Bhubaneswar,Beauty,Sunscreen,8,1075.9,,,8522.19,56%,4754.61,89.59,Credit Card,3,FALSE,Delivered,6
ORD-00082,02/01/2020,2020,Q1,January,Thursday,CUST20826,Ananya Bose,38,Adult,Female,East,Guwahati,Clothing,Jeans,2,2078.45,0.17,Medium,2642.47,41%,1089.57,80.23,Debit Card,5,FALSE,Delivered,4
ORD-01677,18/01/2022,2022,Q1,January,Tuesday,CUST23764,Karan Pillai,22,Young Adult,Male,East,Patna,Clothing,Dress,2,2911.58,0.4,Very High,2708.74,43%,1155.62,78.02,Cash on Delivery,1,FALSE,Delivered,6
ORD-02651,21/02/2023,2023,Q1,February,Tuesday,CUST11133,Nisha Shah,38,Adult,Female,Central,Bhopal,Furniture,Desk,9,14262.49,0.23,High,118898.21,35%,41278.73,79.5,Cash on Delivery,1,TRUE,Returned,10
ORD-00862,29/01/2021,2021,Q1,January,Friday,CUST25585,Shreya Mishra,43,Adult,Other,West,Surat,Beauty,Shampoo,1,1381.02,0.28,High,820.75,47%,385.94,79.14,Cash on Delivery,1,FALSE,Delivered,2
ORD-00502,08/10/2020,2020,Q4,October,Thursday,CUST52899,Shreya Kapoor,32,Young Adult,Other,West,Pune,Sports,Football,6,10767.52,0.2,Medium,51595.93,27%,13803.27,52.86,UPI,3,FALSE,Shipped,9
ORD-03847,29/07/2024,2024,Q3,July,Monday,CUST01197,Karan Iyer,21,Young Adult,Other,North,Delhi,Furniture,Wardrobe,6,16429.02,0.27,High,133325.05,31%,40765.64,32.5,EMI,4,FALSE,Delivered,5
ORD-01567,12/01/2021,2021,Q1,January,Tuesday,CUST20735,Aditya Sharma,52,Adult,Other,North,Ludhiana,Beauty,Lipstick,7,1393.32,,,6778.86,51%,3453.91,40.11,UPI,1,FALSE,Delivered,7
ORD-02184,13/08/2022,2022,Q3,August,Saturday,CUST04059,Nisha Joshi,17,Child & Teen,Other,East,Guwahati,Electronics,Laptop,3,73253.06,0.25,High,209838.58,16%,32607.06,80.92,Credit Card,4,FALSE,Pending,6
ORD-03372,30/12/2023,2023,Q4,December,Saturday,CUST23507,Kavya Bhat,44,Adult,Female,Central,Bhopal,Books,Self-Help Book,4,746.29,0.3,High,1990.92,38%,758.46,47.79,Credit Card,1,FALSE,Delivered,7
ORD-02378,27/10/2022,2022,Q4,October,Thursday,CUST66835,Karan Pillai,5,Child & Teen,Male,North,Amritsar,Electronics,Tablet,1,34094.18,0.36,Very High,20167.52,11%,2201.52,51.11,EMI,,FALSE,Delivered,7
ORD-03585,04/09/2024,2024,Q3,September,Wednesday,CUST38973,Nikhil Rao,,,Female,North,Ludhiana,Groceries,Rice (5kg),3,242.04,0.22,High,845.64,6%,49.63,73.34,EMI,,FALSE,Pending,6
ORD-02183,13/08/2022,2022,Q3,August,Saturday,CUST73899,Meera Sharma,52,Adult,Female,East,Bhubaneswar,Groceries,Sugar,2,245.29,0.28,High,480.57,9%,45.1,88.28,Net Banking,5,FALSE,Delivered,5
ORD-01801,03/08/2022,2022,Q3,August,Wednesday,CUST42354,Pooja Singh,3,Child & Teen,Male,South,Chennai,Electronics,Smartphone,6,16805.34,0.37,Very High,72535.92,6%,4060.33,71.78,Debit Card,4,FALSE,Delivered,3
ORD-01191,20/06/2021,2021,Q2,June,Sunday,CUST42018,Aarav Iyer,49,Adult,Other,Central,Raipur,Books,Textbook,8,1136.87,0.18,Medium,9688.33,40%,3919.14,24.54,Cash on Delivery,5,FALSE,Delivered,6
ORD-01367,09/08/2021,2021,Q3,August,Monday,CUST32462,Shreya Rao,3,Child & Teen,Female,Central,Bhopal,Books,Fiction Novel,8,1443.03,0.31,Very High,8604.24,46%,3984.16,47.13,UPI,4,TRUE,Returned,10
ORD-00321,21/05/2020,2020,Q2,May,Thursday,CUST74301,Deepa Gupta,42,Adult,Male,Central,Indore,Electronics,Headphones,2,43853.55,0.03,Low,99867.38,12%,12392.88,71.03,Net Banking,4,FALSE,Delivered,5
ORD-03973,09/09/2024,2024,Q3,September,Monday,CUST60649,Rohan Verma,59,Senior,Male,West,Surat,Books,Biography,3,759.61,0.09,Low,2679.11,26%,696.15,32.82,Debit Card,5,FALSE,Delivered,6
ORD-00259,23/04/2020,2020,Q2,April,Thursday,CUST68265,Vikram Rao,37,Adult,Female,East,Bhubaneswar,Electronics,Smartphone,3,76008.49,0.07,Low,287543.2,7%,19589.55,67.43,Credit Card,5,FALSE,shipped,4
ORD-01295,08/07/2021,2021,Q3,July,Thursday,CUST43573,Rohan Das,28,Young Adult,Male,East,Patna,Groceries,Rice (5kg),1,69.87,0.27,High,75.65,8%,6,69.5,Credit Card,2,FALSE,Cancelled,9
ORD-04037,17/10/2024,2024,Q4,October,Thursday,CUST70226,Shreya Shah,34,Young Adult,Female,North,Ludhiana,Groceries,Rice (5kg),1,141.61,0.11,Medium,141.61,8%,11.5,52.28,UPI,4,FALSE,Delivered,9
ORD-03087,26/08/2023,2023,Q3,August,Saturday,CUST32672,Meera Patel,39,Adult,Female,West,Surat,Furniture,Desk,5,21847.95,0.29,High,103693.59,26%,26491.84,67.66,UPI,2,FALSE,Delivered,9
ORD-01162,06/04/2021,2021,Q2,April,Tuesday,CUST45949,Meera Joshi,33,Young Adult,Male,East,Kolkata,Furniture,Chair,4,16298.68,0.03,Low,94253.6,30%,28600.3,95.11,EMI,1,FALSE,Delivered,5
ORD-01742,13/02/2022,2022,Q1,February,Sunday,CUST91415,Aarav Gupta,44,Adult,Female,Central,Nagpur,Groceries,Dal (1kg),9,479.9,0.32,Very High,3253.67,7%,232.06,40.19,Credit Card,4,FALSE,Shipped,3
ORD-02413,11/09/2022,2022,Q3,September,Sunday,CUST99486,Nikhil Singh,,,Female,East,Guwahati,Sports,Cricket Bat,5,4583.05,0.3,High,12705.05,22%,2806.09,59.75,Net Banking,4,FALSE,Delivered,6
ORD-00933,25/02/2021,2021,Q1,February,Thursday,CUST94720,Rohan Singh,49,Adult,Female,South,Bangalore,Clothing,Kurta,9,2124.88,0.33,Very High,10230.52,44%,4454.91,81.17,Debit Card,,FALSE,Cancelled,6
ORD-01933,03/05/2022,2022,Q2,May,Tuesday,CUST20246,Amit Singh,45,Adult,Male,Central,Raipur,Beauty,Hair Oil,5,434.1,0.36,Very High,2157.36,40%,864.87,41.13,UPI,4,FALSE,delivered,7
ORD-03355,22/12/2023,2023,Q4,December,Friday,CUST79039,Nikhil Kumar,35,Young Adult,Male,West,Ahmedabad,Electronics,Tablet,5,28716,0.06,Low,118670.05,11%,13016.92,60.44,Net Banking,5,FALSE,Delivered,10
ORD-01790,03/04/2022,2022,Q2,April,Sunday,CUST11770,Nisha Chatterjee,33,Young Adult,Other,Central,Indore,Beauty,Hair Oil,2,2360.33,0.23,High,4038.37,46%,1837.87,81.05,EMI,,FALSE,Delivered,3
ORD-00546,29/08/2020,2020,Q3,August,Saturday,CUST11171,Kavya Gupta,35,Young Adult,Female,West,Pune,Books,Self-Help Book,8,318.51,0.31,Very High,1966.41,40%,790.49,72.37,Debit Card,5,FALSE,Shipped,9
ORD-02123,23/07/2022,2022,Q3,July,Saturday,CUST62186,Sunita Pillai,27,Young Adult,Other,South,Bangalore,Clothing,Kurta,7,1384.84,0.25,High,11886.58,22%,2574.91,74.62,Net Banking,2,TRUE,Returned,5
ORD-02806,05/02/2023,2023,Q1,February,Sunday,CUST69501,Meera Joshi,29,Young Adult,Other,Central,Indore,Groceries,Tea,5,481.67,0.37,Very High,2050.95,7%,141.47,41.15,EMI,,FALSE,Delivered,8
ORD-04085,11/07/2024,2024,Q3,July,Thursday,CUST20306,Priya Sharma,43,Adult,Female,West,Mumbai,Furniture,Bed Frame,2,20043.88,0.36,Very High,23212.41,22%,5160.18,25.71,Credit Card,3,FALSE,Delivered,10
ORD-01794,03/05/2022,2022,Q2,May,Tuesday,CUST42681,Deepa Joshi,4,Child & Teen,Male,West,Pune,Sports,Football,1,1321.99,0.39,Very High,995.97,20%,202.59,63.12,Debit Card,4,FALSE,Delivered,7
ORD-00473,28/07/2020,2020,Q3,July,Tuesday,CUST19554,Arjun Mehta,34,Young Adult,Male,West,Mumbai,Furniture,Chair,1,16334.58,0.09,Low,20183.9,26%,5249.68,61.69,Cash on Delivery,5,FALSE,cancelled,10
ORD-01652,01/07/2022,2022,Q3,July,Friday,CUST31119,Arjun Das,33,Young Adult,Other,North,Ludhiana,Electronics,Tablet,5,27023.75,0.03,Low,98800.7,16%,15632.48,68.45,Credit Card,4,FALSE,Delivered,7
ORD-00310,15/05/2020,2020,Q2,May,Friday,CUST01960,Sunita Rao,39,Adult,Female,West,Ahmedabad,Electronics,Smartphone,5,30601.06,0.34,Very High,118310.73,12%,14746.62,71.09,Cash on Delivery,4,FALSE,Shipped,2
ORD-00847,21/01/2021,2021,Q1,January,Thursday,CUST36203,Vikram Mehta,29,Young Adult,Male,Central,Nagpur,Furniture,Chair,7,27103.44,0.07,Low,140013.27,34%,47871.51,45.89,EMI,2,TRUE,Returned,7
ORD-01755,17/02/2022,2022,Q1,February,Thursday,CUST47141,Kavya Rao,24,Young Adult,Male,West,Mumbai,Sports,Yoga Mat,8,4285.05,0.23,High,24205.27,29%,7134.8,43.11,Cash on Delivery,,FALSE,Delivered,2
ORD-01549,26/11/2021,2021,Q4,November,Friday,CUST76040,Meera Chatterjee,19,Young Adult,Male,South,Hyderabad,Beauty,Shampoo,10,2199.23,0.03,Low,17600.22,42%,7462.56,84.56,EMI,4,FALSE,Shipped,10
ORD-00997,29/03/2021,2021,Q1,March,Monday,CUST53232,Vikram Pillai,11,Child & Teen,Other,West,Mumbai,Furniture,Sofa,,24694.95,0.14,Medium,21791.52,31%,6733.42,16.03,UPI,2,FALSE,Shipped,10
ORD-04029,15/10/2024,2024,Q4,October,Tuesday,CUST20995,Deepa Shah,,,Male,North,Chandigarh,Beauty,Face Cream,2,346.2,0.18,Medium,627.35,46%,286.41,60.58,UPI,4,FALSE,Delivered,4
ORD-03288,21/11/2023,2023,Q4,November,Tuesday,CUST96629,Karan Gupta,14,Child & Teen,Female,South,Chennai,Electronics,Headphones,8,24941.15,0.38,Very High,134271.79,14%,19098.95,79.77,Debit Card,4,FALSE,Delivered,4
ORD-02314,10/03/2022,2022,Q1,March,Thursday,CUST99949,Karan Mishra,36,Adult,Other,East,Kolkata,Groceries,Cooking Oil,7,490.56,0.36,Very High,2209.98,5%,120.11,92.2,Net Banking,3,FALSE,Shipped,2
ORD-04092,11/10/2024,2024,Q4,October,Friday,CUST89947,Ananya Chatterjee,19,Young Adult,Other,East,Guwahati,Groceries,Tea,5,398.96,0.3,High,1473.23,8%,123.43,103.58,Cash on Delivery,,TRUE,Returned,1
ORD-00308,13/05/2020,2020,Q2,May,Wednesday,CUST07042,Priya Sharma,27,Young Adult,Female,North,Ludhiana,Beauty,Shampoo,4,1944.29,0.17,Medium,8759.65,60%,5237.35,87.31,UPI,3,FALSE,Delivered,4
ORD-00887,02/04/2021,2021,Q2,April,Friday,CUST50884,Sanjay Pillai,49,Adult,Other,East,Patna,Sports,Yoga Mat,10,12708.22,0.28,High,91510.11,22%,20206.87,100.24,EMI,2,FALSE,Delivered,3
ORD-00397,20/06/2020,2020,Q2,June,Saturday,CUST17107,Ritu Pillai,2,Child & Teen,Other,East,Guwahati,Beauty,Face Cream,8,950.66,0.32,Very High,7094.52,53%,3770.8,84.8,Debit Card,5,FALSE,Delivered,7
ORD-00955,03/10/2021,2021,Q4,October,Sunday,CUST63974,Kavya Gupta,3,Child & Teen,Male,East,Kolkata,Sports,Dumbbells,3,14253.13,0.13,Medium,45619.3,24%,11131.02,67.22,EMI,1,FALSE,Cancelled,3
ORD-00875,02/01/2021,2021,Q1,January,Saturday,CUST89431,Sanjay Bose,43,Adult,Female,South,Kochi,Clothing,Jeans,9,2667.5,0.11,Medium,20759.02,41%,8438.9,78.87,Cash on Delivery,,FALSE,Delivered,3
ORD-01740,02/12/2022,2022,Q4,December,Friday,CUST21895,Sanjay Reddy,56,Senior,Male,South,Hyderabad,Clothing,Jeans,2,2432.6,0.26,High,3968.93,49%,1931.36,84.81,Net Banking,5,FALSE,Delivered,8
ORD-00169,15/03/2020,2020,Q1,March,Sunday,CUST14141,Nikhil Das,43,Adult,Male,Central,Raipur,Clothing,T-Shirt,2,3471.87,0.15,Medium,5928.17,33%,1972.09,48.98,Credit Card,1,FALSE,Shipped,4
ORD-00626,10/07/2020,2020,Q3,July,Friday,CUST10712,Rohan Kapoor,38,Adult,Female,North,Chandigarh,Groceries,Dal (1kg),4,372.01,0.37,Very High,823.95,7%,59.95,38.48,EMI,4,FALSE,Pending,8
ORD-01142,29/05/2021,2021,Q2,May,Saturday,CUST59363,Sunita Mehta,12,Child & Teen,Female,West,Surat,Electronics,Headphones,10,49305.3,0.37,Very High,431186.13,11%,48008.96,69,UPI,5,FALSE,Cancelled,7
ORD-02077,07/05/2022,2022,Q2,May,Saturday,CUST06928,Rahul Bhat,29,Young Adult,Other,West,Surat,Clothing,T-Shirt,1,332.88,0.4,Very High,306.13,42%,129.76,83.16,Debit Card,2,FALSE,Delivered,6
ORD-02987,18/07/2023,2023,Q3,July,Tuesday,CUST78771,Nikhil Gupta,39,Adult,Female,West,Surat,Groceries,Sugar,8,455.06,0.01,Low,5619.54,10%,561.84,83.7,Net Banking,3,FALSE,Delivered,10
ORD-03554,23/03/2024,2024,Q1,March,Saturday,CUST02299,Nisha Patel,51,Adult,Female,South,Kochi,Sports,Dumbbells,9,560.77,0.19,Medium,4861.13,23%,1118.77,78.58,Credit Card,2,FALSE,Delivered,1
ORD-03655,05/07/2024,2024,Q3,July,Friday,CUST44723,Ritu Singh,42,Adult,Male,West,Ahmedabad,Furniture,Sofa,10,15954.1,0.05,Low,267926.31,29%,76735.56,54.78,Debit Card,1,FALSE,Delivered,1
ORD-02465,12/05/2022,2022,Q2,May,Thursday,CUST74998,Kavya Bhat,25,Young Adult,Female,North,Delhi,Clothing,Kurta,1,336.77,0.25,High,197.49,34%,67.26,67.65,UPI,5,FALSE,Delivered,
ORD-04187,25/12/2024,2024,Q4,December,Wednesday,CUST58320,Pooja Sharma,,,Other,West,Ahmedabad,Furniture,Sofa,8,14656.38,0.05,Low,100424.49,23%,22861.06,54.81,Debit Card,1,FALSE,Delivered,6
ORD-00094,02/06/2020,2020,Q2,June,Tuesday,CUST12581,Sanjay Gupta,56,Senior,Female,West,Ahmedabad,Clothing,Kurta,5,1920.61,0.27,High,5697.27,40%,2295.66,69.18,Credit Card,5,FALSE,Delivered,10
ORD-03410,17/01/2024,2024,Q1,January,Wednesday,CUST69094,Kavya Chatterjee,41,Adult,Male,East,Kolkata,Clothing,Jeans,2,3049.88,0.02,Low,5433.3,24%,1313.05,83.88,EMI,4,FALSE,Pending,6
ORD-03917,20/08/2024,2024,Q3,August,Tuesday,CUST40587,Shreya Mehta,11,Child & Teen,Female,North,Amritsar,Furniture,Chair,9,27363.22,0.29,High,296392,17%,50443.65,53.56,UPI,3,FALSE,Delivered,5
ORD-01482,27/10/2021,2021,Q4,October,Wednesday,CUST43427,Pooja Patel,25,Young Adult,Female,South,Bangalore,Beauty,Lipstick,5,2139.28,0.29,High,6723.8,52%,3518.82,60.66,Debit Card,5,FALSE,Delivered,7
ORD-02055,24/06/2022,2022,Q2,June,Friday,CUST92237,Arjun Patel,33,Young Adult,Other,South,Chennai,Electronics,Smartwatch,7,54204.8,0.01,Low,574778.48,12%,66152.73,87.36,EMI,1,FALSE,Delivered,8
ORD-03552,23/03/2024,2024,Q1,March,Saturday,CUST47390,Ananya Das,22,Young Adult,Other,West,Ahmedabad,Electronics,Laptop,10,58117.48,0.32,Very High,569729.38,10%,56329.27,66.82,Debit Card,1,FALSE,Delivered,3
ORD-00147,03/01/2020,2020,Q1,January,Friday,CUST66395,Arjun Sharma,15,Child & Teen,Male,South,Hyderabad,Beauty,Perfume,3,584.36,0.36,Very High,1260.05,35%,445.33,92.76,Credit Card,4,FALSE,Shipped,4
ORD-03721,06/10/2024,2024,Q4,October,Sunday,CUST98311,Aarav Mishra,58,Senior,Other,East,Patna,Clothing,Kurta,5,1827.87,0.17,Medium,14497.49,33%,4727.66,91.8,Credit Card,5,FALSE,Delivered,5
ORD-02238,09/02/2022,2022,Q1,February,Wednesday,CUST61636,Karan Singh,55,Adult,Female,South,Kochi,Electronics,Smartwatch,4,32640.78,0.24,High,122369.56,11%,13905.31,46.2,UPI,3,TRUE,Returned,9
ORD-00193,27/03/2020,2020,Q1,March,Friday,CUST20505,Amit Kapoor,21,Young Adult,Other,West,Pune,Furniture,Wardrobe,6,2910.04,0.13,Medium,15810.15,32%,5082.48,63.67,Credit Card,5,FALSE,Shipped,4
ORD-00722,26/11/2020,2020,Q4,November,Thursday,CUST22239,Kavya Joshi,23,Young Adult,Female,West,Mumbai,Electronics,Smartwatch,8,19009.3,0,No Discount,113780.49,10%,11022.35,57.37,UPI,5,FALSE,Delivered,2
ORD-03234,30/10/2023,2023,Q4,October,Monday,CUST23301,Sanjay Mishra,4,Child & Teen,Male,North,Chandigarh,Groceries,Dal (1kg),7,230.21,0.35,Very High,1210,12%,147.47,21.34,UPI,2,FALSE,Pending,4
ORD-00363,06/04/2020,2020,Q2,April,Monday,CUST26055,Ananya Kapoor,49,Adult,Female,East,Bhubaneswar,Beauty,Shampoo,7,1638.61,0.04,Low,15243.16,43%,6526.33,72.09,Cash on Delivery,2,FALSE,Shipped,8
ORD-03203,17/10/2023,2023,Q4,October,Tuesday,CUST79007,Rahul Chatterjee,47,Adult,Other,North,Amritsar,Furniture,Bookshelf,5,30014.4,0.11,Medium,131495.05,32%,42093.32,,Credit Card,3,FALSE,Delivered,2
ORD-00431,07/08/2020,2020,Q3,August,Friday,CUST12471,Shreya Bhat,4,Child & Teen,Male,East,Kolkata,Clothing,Kurta,,3727.28,0.39,Very High,2837.9,31%,877.47,53.25,UPI,3,FALSE,Delivered,7
ORD-00442,14/07/2020,2020,Q3,July,Tuesday,CUST98850,Deepa Verma,49,Adult,Female,East,Guwahati,Clothing,Jacket,6,831.4,0.21,High,4736.01,37%,1752.33,85.94,UPI,3,FALSE,Delivered,1
ORD-03366,29/12/2023,2023,Q4,December,Friday,CUST68537,Rohan Pillai,29,Young Adult,Female,South,Kochi,Clothing,Saree,5,1297.55,0.12,Medium,5012.78,36%,1781.1,72.34,Credit Card,,FALSE,Cancelled,9
ORD-01892,16/04/2022,2022,Q2,April,Saturday,CUST98022,Rahul Reddy,51,Adult,Other,West,Surat,Beauty,Shampoo,7,1556.32,0.13,Medium,12767.61,51%,6509.98,58.7,UPI,5,FALSE,Delivered,9
ORD-01106,14/05/2021,2021,Q2,May,Friday,CUST22860,Shreya Patel,33,Young Adult,Other,West,Ahmedabad,Beauty,Shampoo,8,2335.32,0.26,High,20223.59,40%,8084.22,94.12,UPI,,TRUE,Returned,2
ORD-01362,09/04/2021,2021,Q2,April,Friday,CUST75771,Deepa Das,49,Adult,Male,East,Kolkata,Sports,Football,2,3995.9,0.28,High,6264.27,32%,1979.87,89.09,Debit Card,5,FALSE,Delivered,7
ORD-01581,12/08/2021,2021,Q3,August,Thursday,CUST13351,Meera Patel,37,Adult,Female,West,Mumbai,Books,Biography,7,762.53,0.39,Very High,2355.01,51%,1196.24,65.27,EMI,4,FALSE,Cancelled,5
ORD-00152,03/03/2020,2020,Q1,March,Tuesday,CUST55982,Meera Bose,33,Young Adult,Male,Central,Nagpur,Sports,Yoga Mat,3,13678.04,0.12,Medium,35996.57,22%,7972.68,67.88,Credit Card,4,FALSE,Delivered,8
ORD-03040,08/08/2023,2023,Q3,August,Tuesday,CUST92392,Karan Mishra,39,Adult,Female,East,Patna,Beauty,Sunscreen,5,781.43,0.3,High,3859.69,56%,2172.08,63.85,EMI,3,FALSE,Delivered,8
ORD-01709,02/01/2022,2022,Q1,January,Sunday,CUST24292,Kavya Kumar,38,Adult,Male,North,Chandigarh,Furniture,Desk,6,33340.2,0.09,Low,161632.18,37%,59885,37.52,Credit Card,3,FALSE,Cancelled,7
ORD-04130,12/01/2024,2024,Q1,January,Friday,CUST33881,Priya Gupta,39,Adult,Male,Central,Indore,Beauty,Sunscreen,8,1289.19,0.15,Medium,9301.95,44%,4080.67,43.57,EMI,1,FALSE,Cancelled,2
ORD-02290,20/09/2022,2022,Q3,September,Tuesday,CUST57859,Arjun Chatterjee,33,Young Adult,Male,South,Bangalore,Furniture,Wardrobe,10,29389.24,0.04,Low,314322.83,33%,104400.15,66.52,Cash on Delivery,1,FALSE,Delivered,6
ORD-03083,25/08/2023,2023,Q3,August,Friday,CUST78430,Rahul Pillai,51,Adult,Male,West,Mumbai,Beauty,Face Cream,4,173.98,0.25,High,855.12,52%,447.82,73.28,Cash on Delivery,1,FALSE,Delivered,7
ORD-01556,29/11/2021,2021,Q4,November,Monday,CUST84287,Rohan Gupta,46,Adult,Other,West,Ahmedabad,Books,Cook Book,2,756.72,0.33,Very High,749.27,32%,238.75,80.16,UPI,2,FALSE,delivered,2
ORD-03820,19/07/2024,2024,Q3,July,Friday,CUST00780,Sanjay Nair,42,Adult,Male,Central,Raipur,Books,Self-Help Book,1,329.58,0.11,Medium,558.63,42%,235.62,62.65,Net Banking,1,FALSE,Delivered,10
ORD-02483,13/12/2022,2022,Q4,December,Tuesday,CUST37391,Vikram Singh,25,Young Adult,Other,Central,Raipur,Electronics,Camera,3,6718.83,,,17014.88,12%,2013.32,59.88,Debit Card,3,FALSE,Delivered,1
ORD-00360,06/03/2020,2020,Q1,March,Friday,CUST65000,Vikram Chatterjee,23,Young Adult,Female,East,Kolkata,Groceries,Rice (5kg),1,362.29,0.22,High,379.74,6%,23.08,80.1,UPI,3,FALSE,Delivered,8
ORD-02864,30/05/2023,2023,Q2,May,Tuesday,CUST39044,Arjun Kapoor,42,Adult,Female,North,Chandigarh,Beauty,Face Cream,5,2006.42,0.04,Low,17279.23,48%,8223.67,34.08,Cash on Delivery,3,FALSE,Delivered,3
ORD-02366,19/10/2022,2022,Q4,October,Wednesday,CUST55712,Shreya Bose,39,Adult,Other,South,Chennai,Beauty,Hair Oil,7,128.3,0.24,High,712.63,54%,385.99,51.66,Cash on Delivery,1,FALSE,Cancelled,4
ORD-02439,24/11/2022,2022,Q4,November,Thursday,CUST05236,Meera Rao,15,Child & Teen,Female,Central,Raipur,Clothing,Saree,10,1673.29,0.06,Low,12137.21,38%,4599.2,66.5,Credit Card,4,FALSE,Delivered,2
ORD-01672,17/01/2022,2022,Q1,January,Monday,CUST15767,Pooja Shah,15,Child & Teen,Other,East,Kolkata,Clothing,Jacket,1,2361.4,0.32,Very High,1313.73,26%,339.86,57.6,Credit Card,3,FALSE,delivered,3
ORD-01368,09/09/2021,2021,Q3,September,Thursday,CUST02383,Meera Bhat,32,Young Adult,Female,East,Kolkata,Beauty,Sunscreen,10,1927.01,0.23,High,14983.29,42%,6280.5,52.73,Cash on Delivery,3,FALSE,Delivered,9
ORD-04112,22/11/2024,2024,Q4,November,Friday,CUST28483,Pooja Gupta,23,Young Adult,Other,Central,Nagpur,Clothing,Jacket,8,3689.55,0.36,Very High,22365.27,28%,6339.32,82.16,Debit Card,4,FALSE,Pending,4
ORD-02943,30/06/2023,2023,Q2,June,Friday,CUST64972,Arjun Das,41,Adult,Male,North,Amritsar,Sports,Dumbbells,9,6912.54,0.01,Low,98451.07,25%,24585.48,74.65,Credit Card,5,FALSE,Delivered,6
ORD-00353,31/05/2020,2020,Q2,May,Sunday,CUST09451,Arjun Iyer,35,Young Adult,Male,South,Bangalore,Furniture,Desk,4,14963.38,0.04,Low,67902.84,33%,22163.23,68.71,Cash on Delivery,3,FALSE,delivered,8
ORD-00520,18/08/2020,2020,Q3,August,Tuesday,CUST37089,Meera Kapoor,49,Adult,Other,West,Mumbai,Books,Fiction Novel,1,1155.88,0.37,Very High,743.9,28%,208.47,59.74,Debit Card,4,FALSE,Delivered,1
ORD-00930,23/02/2021,2021,Q1,February,Tuesday,CUST93704,Aarav Gupta,46,Adult,Male,South,Bangalore,Electronics,Smartphone,4,69413.05,0.19,Medium,236615.76,9%,20189.99,74.25,EMI,2,FALSE,Cancelled,7
ORD-03564,28/03/2024,2024,Q1,March,Thursday,CUST37631,Karan Singh,12,Child & Teen,Other,West,Ahmedabad,Clothing,Jacket,6,3699.24,0.33,Very High,17538.68,37%,6519.53,44.19,Net Banking,2,FALSE,Delivered,6
ORD-01710,02/01/2022,2022,Q1,January,Sunday,CUST45078,Priya Reddy,36,Adult,Male,North,Chandigarh,Electronics,Smartwatch,1,21382.9,0.19,Medium,18387.23,10%,1757.16,13.65,Cash on Delivery,5,FALSE,Delivered,6
ORD-02303,27/09/2022,2022,Q3,September,Tuesday,CUST73687,Shreya Iyer,35,Young Adult,Male,West,Pune,Furniture,Bed Frame,6,4727.2,0.3,High,22747.1,27%,6128.52,85.09,Net Banking,5,FALSE,Shipped,9
ORD-02596,02/01/2023,2023,Q1,January,Monday,CUST81623,Nikhil Mehta,23,Young Adult,Other,Central,Raipur,Books,Fiction Novel,4,246.31,0.32,Very High,670.92,32%,214.73,54.41,UPI,3,FALSE,Delivered,9
ORD-01373,09/11/2021,2021,Q4,November,Tuesday,CUST56843,Aarav Singh,31,Young Adult,Female,North,Delhi,Electronics,Smartphone,2,20652.77,0.17,Medium,36063.91,7%,2449.77,46.55,Credit Card,1,FALSE,Delivered,3
ORD-01358,09/04/2021,2021,Q2,April,Friday,CUST24273,Ananya Singh,,,Female,South,Kochi,Clothing,Jeans,2,3281.01,0.19,Medium,5549.01,29%,1625.36,83.74,Credit Card,2,FALSE,Delivered,9
ORD-02472,12/08/2022,2022,Q3,August,Friday,CUST85179,Shreya Iyer,4,Child & Teen,Male,Central,Indore,Clothing,Kurta,8,3539.5,0.23,High,17882.7,36%,6353.82,60.26,Net Banking,4,FALSE,Cancelled,9
ORD-03876,08/08/2024,2024,Q3,August,Thursday,CUST87444,Karan Kumar,32,Young Adult,Female,East,Guwahati,Electronics,Laptop,,60299.29,0.07,Low,91325.87,14%,12487.67,49.76,UPI,1,FALSE,Delivered,4
ORD-02435,22/11/2022,2022,Q4,November,Tuesday,CUST20967,Amit Sharma,36,Adult,Female,Central,Indore,Sports,Cricket Bat,9,8072.68,0.11,Medium,55849.13,18%,10192.2,56.59,UPI,1,FALSE,Delivered,8
ORD-02722,26/03/2023,2023,Q1,March,Sunday,CUST57029,Meera Reddy,28,Young Adult,Male,East,Patna,Groceries,Cooking Oil,10,241.98,0.28,High,2282.59,6%,137.71,54.31,Credit Card,5,FALSE,Cancelled,4
ORD-01260,23/07/2021,2021,Q3,July,Friday,CUST55880,Aarav Mishra,32,Young Adult,Male,East,Kolkata,Beauty,Shampoo,3,676.4,0.31,Very High,2011.95,33%,671.9,89.11,EMI,3,FALSE,Delivered,7
ORD-03688,21/05/2024,2024,Q2,May,Tuesday,CUST87861,Sanjay Mishra,18,Young Adult,Other,East,Patna,Furniture,Sofa,3,27654.89,0.07,Low,139972.33,34%,47884.94,88.4,UPI,3,FALSE,Delivered,7
ORD-03284,18/11/2023,2023,Q4,November,Saturday,CUST26543,Nikhil Mishra,37,Adult,Male,South,Bangalore,Beauty,Lipstick,3,1910.31,0.38,Very High,3118.32,54%,1686.07,72.57,Cash on Delivery,5,FALSE,Pending,8
ORD-02889,06/04/2023,2023,Q2,April,Thursday,CUST93642,Karan Singh,33,Young Adult,Female,North,Chandigarh,Furniture,Sofa,,11967.38,0.07,Low,17838.52,19%,3429.62,76.83,Debit Card,1,FALSE,Cancelled,2
ORD-02509,25/12/2022,2022,Q4,December,Sunday,CUST45867,Shreya Rao,25,Young Adult,Male,North,Amritsar,Clothing,Dress,10,1001.16,0.39,Very High,4877.97,36%,1751.33,70.65,Credit Card,,FALSE,Delivered,2
ORD-03833,24/07/2024,2024,Q3,July,Wednesday,CUST19407,Shreya Kapoor,39,Adult,Other,West,Surat,Sports,Dumbbells,9,7643.25,0.12,Medium,102057.62,26%,26038.27,62.54,Debit Card,3,FALSE,Delivered,7
ORD-02473,12/08/2022,2022,Q3,August,Friday,CUST36383,Sunita Chatterjee,47,Adult,Male,East,Guwahati,Clothing,Jacket,8,2955.05,,,23271.28,31%,7242.27,69.25,UPI,4,FALSE,Delivered,1
ORD-02225,28/08/2022,2022,Q3,August,Sunday,CUST76092,Amit Iyer,33,Young Adult,Other,West,Surat,Groceries,Tea,6,497.75,0.39,Very High,2474.96,9%,216.67,65.8,Cash on Delivery,1,FALSE,Pending,3
ORD-01943,05/08/2022,2022,Q3,August,Friday,CUST27635,Arjun Chatterjee,36,Adult,Female,West,Ahmedabad,Sports,Tennis Racket,4,9134.37,0.29,High,34788.58,26%,8944.34,65.47,Net Banking,5,FALSE,Delivered,4
ORD-02312,10/01/2022,2022,Q1,January,Monday,CUST81714,Rohan Kumar,32,Young Adult,Female,East,Patna,Beauty,Shampoo,10,909.09,0.29,High,6829.99,47%,3214.22,86.69,Cash on Delivery,2,FALSE,Delivered,4
ORD-01416,30/09/2021,2021,Q3,September,Thursday,CUST53700,Aditya Chatterjee,35,Young Adult,Other,North,Ludhiana,Groceries,Tea,4,98.95,0.15,Medium,365.47,9%,31.72,78.47,Net Banking,1,TRUE,Returned,4
ORD-03584,04/09/2024,2024,Q3,September,Wednesday,CUST44948,Meera Bose,29,Young Adult,Female,West,Mumbai,Books,Self-Help Book,8,807.8,0.01,Low,10104.81,34%,3435.69,55.12,Net Banking,5,TRUE,Returned,10
ORD-02320,10/05/2022,2022,Q2,May,Tuesday,CUST01629,Sanjay Patel,2,Child & Teen,Male,North,Amritsar,Furniture,Desk,9,14626.63,0.32,Very High,81959.99,39%,31885.26,43.74,Net Banking,5,FALSE,Delivered,1
ORD-00477,29/07/2020,2020,Q3,July,Wednesday,CUST11769,Kavya Rao,29,Young Adult,Female,North,Chandigarh,Groceries,Dal (1kg),9,171.9,0.03,Low,1613.26,9%,139.65,79.37,Debit Card,,FALSE,Delivered,9
ORD-01470,24/10/2021,2021,Q4,October,Sunday,CUST64854,Ananya Mehta,15,Child & Teen,Male,Central,Indore,Beauty,Lipstick,5,1406.35,0.15,Medium,5360.98,64%,3427.48,71.58,Cash on Delivery,3,FALSE,Cancelled,1
ORD-02902,06/08/2023,2023,Q3,August,Sunday,CUST92378,Aarav Patel,37,Adult,Other,Central,Nagpur,Sports,Cycle,1,5089.72,0.06,Low,8297.84,26%,2163.06,48.55,Cash on Delivery,3,FALSE,Delivered,6
ORD-02493,18/12/2022,2022,Q4,December,Sunday,CUST53174,Priya Bose,33,Young Adult,Male,East,Patna,Groceries,Dal (1kg),8,117.88,0.37,Very High,478.16,9%,41.29,88.62,Net Banking,1,TRUE,Returned,3
ORD-01625,26/12/2021,2021,Q4,December,Sunday,CUST55070,Nikhil Verma,38,Adult,Female,West,Mumbai,Clothing,Saree,9,3852.76,0.08,Low,26003.08,29%,7426.65,50.19,Credit Card,5,FALSE,Delivered,9
ORD-00641,13/10/2020,2020,Q4,October,Tuesday,CUST42461,Vikram Verma,26,Young Adult,Other,Central,Indore,Sports,Cycle,10,2882,0.03,Low,25085.42,24%,5947.27,58.31,EMI,5,FALSE,Delivered,9
ORD-01828,19/03/2022,2022,Q1,March,Saturday,CUST21183,Karan Joshi,5,Child & Teen,Male,East,Patna,Furniture,Wardrobe,6,14556.36,0.03,Low,99451.13,39%,38970.92,88.32,EMI,3,FALSE,Delivered,9
ORD-01958,15/05/2022,2022,Q2,May,Sunday,CUST44438,Rahul Mehta,27,Young Adult,Other,West,Surat,Groceries,Flour,7,92.16,0.12,Medium,864.08,6%,53.74,65.93,Cash on Delivery,,FALSE,Delivered,2
ORD-00380,06/10/2020,2020,Q4,October,Tuesday,CUST14649,Karan Verma,34,Young Adult,Other,Central,Bhopal,Sports,Tennis Racket,3,6440.36,0.07,Low,22706.45,22%,4999.4,42.43,Credit Card,4,FALSE,Delivered,8
ORD-00184,22/03/2020,2020,Q1,March,Sunday,CUST00684,Ananya Das,27,Young Adult,Other,South,Kochi,Furniture,Wardrobe,2,25170.77,0.27,High,36389.7,26%,9365.38,87.67,Cash on Delivery,,FALSE,Delivered,10
ORD-04024,10/12/2024,2024,Q4,December,Tuesday,CUST40456,Karan Gupta,5,Child & Teen,Female,Central,Indore,Electronics,Headphones,4,40360.7,0.05,Low,182429.15,14%,25030.4,36.28,Debit Card,1,FALSE,Delivered,10
ORD-02964,07/07/2023,2023,Q3,July,Friday,CUST46382,Aarav Das,39,Adult,Male,West,Surat,Sports,Cycle,8,3387.86,0.24,High,29752.47,24%,7208.56,47.15,Cash on Delivery,5,TRUE,Returned,7
ORD-04070,30/10/2024,2024,Q4,October,Wednesday,CUST44343,Rohan Sharma,24,Young Adult,Male,East,Bhubaneswar,Clothing,Jeans,,1995.56,0.39,Very High,1555.54,40%,614.77,64.19,Debit Card,2,FALSE,Delivered,3
ORD-00899,02/08/2021,2021,Q3,August,Monday,CUST12934,Ananya Joshi,2,Child & Teen,Other,West,Mumbai,Clothing,Dress,4,781.53,0.03,Low,2842.15,44%,1255.07,61.02,UPI,5,FALSE,Delivered,7
ORD-01931,05/03/2022,2022,Q1,March,Saturday,CUST56329,Amit Shah,36,Adult,Other,Central,Indore,Electronics,Laptop,9,58361.52,0.14,Medium,656523.77,11%,75288.8,48.7,Cash on Delivery,3,FALSE,Delivered,6
ORD-01271,28/07/2021,2021,Q3,July,Wednesday,CUST89833,Shreya Chatterjee,5,Child & Teen,Other,Central,Raipur,Books,Biography,9,303.28,0.16,Medium,2822.94,51%,1428.88,66.69,EMI,3,FALSE,Cancelled,6
ORD-02502,22/12/2022,2022,Q4,December,Thursday,CUST57769,Kavya Shah,21,Young Adult,Female,North,Amritsar,Electronics,Tablet,5,48591.01,0.14,Medium,155853.93,9%,14342.24,67.81,Debit Card,5,FALSE,Delivered,2
ORD-02471,12/07/2022,2022,Q3,July,Tuesday,CUST13297,Nikhil Gupta,35,Young Adult,Other,Central,Indore,Groceries,Sugar,1,211.63,0.34,Very High,100.19,9%,8.8,38.35,Net Banking,3,FALSE,Delivered,6
ORD-00278,05/03/2020,2020,Q1,March,Thursday,CUST14008,Sanjay Reddy,37,Adult,Other,East,Guwahati,Beauty,Perfume,4,206.46,0.08,Low,835.93,28%,232.93,62.51,Debit Card,1,FALSE,Delivered,9
ORD-01585,12/09/2021,2021,Q3,September,Sunday,CUST80517,Meera Pillai,25,Young Adult,Female,East,Patna,Sports,Yoga Mat,6,12768.97,0.03,Low,54563.15,26%,14418.02,94.15,Debit Card,5,FALSE,Delivered,2
ORD-03822,20/07/2024,2024,Q3,July,Saturday,CUST66429,Ritu Iyer,2,Child & Teen,Female,West,Ahmedabad,Books,Fiction Novel,9,872.17,0.28,High,9875.31,32%,3131.98,23.1,Cash on Delivery,2,FALSE,Delivered,4
ORD-01043,18/04/2021,2021,Q2,April,Sunday,CUST85718,Amit Rao,44,Adult,Female,South,Bangalore,Sports,Dumbbells,1,736.98,0.23,High,690.69,22%,150.92,65.86,Credit Card,1,TRUE,Returned,7
ORD-03219,24/10/2023,2023,Q4,October,Tuesday,CUST75320,Ananya Bose,33,Young Adult,Male,East,Patna,Beauty,Hair Oil,4,1214.7,0.35,Very High,3082.23,37%,1134.31,101.88,EMI,4,FALSE,Delivered,4
ORD-01774,25/02/2022,2022,Q1,February,Friday,CUST82194,Meera Joshi,28,Young Adult,Other,East,Guwahati,Beauty,Hair Oil,2,2223.47,0.28,High,3216.13,49%,1585.85,71.53,Debit Card,5,FALSE,Delivered,10
ORD-00137,24/02/2020,2020,Q1,February,Monday,CUST00764,Karan Bose,4,Child & Teen,Male,West,Surat,Clothing,Jeans,7,2365.37,0.23,High,11584.23,38%,4400.45,58.83,Net Banking,5,FALSE,Delivered,3
ORD-02072,07/03/2022,2022,Q1,March,Monday,CUST80210,Arjun Pillai,47,Adult,Other,East,Bhubaneswar,Groceries,Sugar,9,402.48,0.34,Very High,3545.6,7%,235.12,108.84,Credit Card,5,FALSE,Delivered,1
ORD-00212,04/02/2020,2020,Q1,February,Tuesday,CUST28918,Amit Gupta,27,Young Adult,Female,Central,Nagpur,Groceries,Flour,3,263.48,0.27,High,622.58,9%,55.39,77.89,Debit Card,2,FALSE,Shipped,3
ORD-00984,24/03/2021,2021,Q1,March,Wednesday,CUST55320,Amit Bose,36,Adult,Female,West,Ahmedabad,Beauty,Hair Oil,8,1335.25,0.12,Medium,9435.38,53%,4980.08,64.56,Net Banking,2,FALSE,Cancelled,1
ORD-03746,20/06/2024,2024,Q2,June,Thursday,CUST06683,Ananya Mishra,19,Young Adult,Female,South,Hyderabad,Groceries,Dal (1kg),9,293.41,0.09,Low,4375.33,8%,353.37,78.57,EMI,5,FALSE,Delivered,8
ORD-00340,27/05/2020,2020,Q2,May,Wednesday,CUST72613,Kavya Kapoor,,,Other,South,Bangalore,Beauty,Lipstick,9,444.71,0.03,Low,4995.33,64%,3217.96,88.85,UPI,3,FALSE,Delivered,6
ORD-03546,20/03/2024,2024,Q1,March,Wednesday,CUST33381,Deepa Kumar,3,Child & Teen,Other,East,Guwahati,Electronics,Tablet,6,68505.67,0.28,High,367164.54,14%,51349.21,111.8,EMI,1,FALSE,Delivered,1
ORD-03786,07/04/2024,2024,Q2,April,Sunday,CUST30148,Vikram Patel,29,Young Adult,Male,West,Ahmedabad,Clothing,T-Shirt,7,3302.83,0.07,Low,35762.76,30%,10582.26,67.27,Debit Card,2,FALSE,Shipped,3
ORD-03662,05/11/2024,2024,Q4,November,Tuesday,CUST72198,Ritu Shah,22,Young Adult,Female,West,Ahmedabad,Books,Self-Help Book,1,824.98,0.04,Low,1484.35,48%,718.2,58.06,EMI,5,FALSE,Delivered,3
ORD-02558,14/01/2023,2023,Q1,January,Saturday,CUST46065,Ananya Rao,37,Adult,Other,West,Pune,Furniture,Desk,,9906.71,0.34,Very High,6687.73,27%,1816.22,51.63,EMI,3,FALSE,Delivered,8
ORD-02482,13/12/2022,2022,Q4,December,Tuesday,CUST15107,Pooja Rao,41,Adult,Other,South,Kochi,Sports,Football,,2414.28,0.09,Low,1901.73,26%,492.59,53.13,UPI,4,FALSE,Delivered,6
ORD-03570,29/03/2024,2024,Q1,March,Friday,CUST46618,Nisha Sharma,38,Adult,Female,Central,Nagpur,Books,Comic Book,9,1349.22,0.35,Very High,10275.52,40%,4070.89,35.54,Cash on Delivery,,FALSE,Delivered,3
ORD-03377,31/12/2023,2023,Q4,December,Sunday,CUST63612,Rohan Iyer,49,Adult,Male,South,Hyderabad,Electronics,Camera,9,15045.24,0.38,Very High,72139.33,13%,9548.15,70.61,Debit Card,1,FALSE,Delivered,6
ORD-04064,28/10/2024,2024,Q4,October,Monday,CUST01728,Vikram Nair,38,Adult,Female,South,Bangalore,Groceries,Rice (5kg),10,86.55,0.27,High,746.03,9%,63.53,71.97,Cash on Delivery,3,FALSE,Delivered,5
ORD-02770,14/04/2023,2023,Q2,April,Friday,CUST50030,Karan Patel,11,Child & Teen,Male,North,Amritsar,Groceries,Cooking Oil,4,201.51,0.18,Medium,1001.11,8%,75.38,28.85,EMI,2,FALSE,Cancelled,9
ORD-03629,28/04/2024,2024,Q2,April,Sunday,CUST18225,Ritu Kumar,11,Child & Teen,Female,East,Bhubaneswar,Electronics,Tablet,2,73369.4,0.04,Low,252848.3,16%,40757.28,78.31,EMI,5,FALSE,Delivered,3
ORD-00792,27/12/2020,2020,Q4,December,Sunday,CUST76017,Rohan Reddy,39,Adult,Male,West,Surat,Clothing,Jacket,3,487.67,0.18,Medium,822.61,42%,342.21,83.7,Cash on Delivery,3,FALSE,Delivered,7
ORD-01760,18/02/2022,2022,Q1,February,Friday,CUST10245,Vikram Mehta,45,Adult,Other,Central,Bhopal,Beauty,Sunscreen,3,1152.55,0.19,Medium,3015.35,32%,955.16,65.06,Cash on Delivery,1,FALSE,Delivered,2
ORD-01846,27/03/2022,2022,Q1,March,Sunday,CUST07057,Karan Joshi,3,Child & Teen,Female,Central,Bhopal,Electronics,Headphones,2,58913.07,0.37,Very High,86706.37,11%,9273.59,54.91,Cash on Delivery,2,FALSE,Shipped,3
ORD-03700,26/05/2024,2024,Q2,May,Sunday,CUST90578,Amit Reddy,3,Child & Teen,Male,East,Patna,Furniture,Sofa,9,10404.8,0.35,Very High,103669.31,24%,24976.75,83.45,Credit Card,1,FALSE,Delivered,6
ORD-01198,24/06/2021,2021,Q2,June,Thursday,CUST90801,Vikram Joshi,8,Child & Teen,Other,South,Hyderabad,Beauty,Lipstick,8,955.87,0.36,Very High,6752.84,35%,2339.64,64.84,Credit Card,2,FALSE,Delivered,8
ORD-03617,22/04/2024,2024,Q2,April,Monday,CUST82513,Meera Nair,29,Young Adult,Male,North,Ludhiana,Electronics,Headphones,10,74580.77,0.23,High,804932.74,10%,82687.35,42.09,Debit Card,3,FALSE,Delivered,10
ORD-02962,07/07/2023,2023,Q3,July,Friday,CUST66452,Rohan Reddy,33,Young Adult,Female,North,Chandigarh,Sports,Yoga Mat,7,8842.83,0.34,Very High,62506.61,21%,13120.8,39.72,Credit Card,3,FALSE,Delivered,8
ORD-01908,23/04/2022,2022,Q2,April,Saturday,CUST76107,Rohan Kumar,34,Young Adult,Other,South,Kochi,Sports,Cycle,3,12939.84,0.06,Low,52303.18,25%,13163.15,55.28,Cash on Delivery,1,TRUE,Returned,
ORD-01791,03/04/2022,2022,Q2,April,Sunday,CUST01822,Priya Reddy,46,Adult,Female,West,Ahmedabad,Books,Textbook,9,1062.87,0.06,Low,10261.94,43%,4417.85,54.68,EMI,1,FALSE,Delivered,8
ORD-01345,27/08/2021,2021,Q3,August,Friday,CUST45352,Rahul Mehta,,,Female,North,Ludhiana,Electronics,Smartphone,3,59808.51,0.34,Very High,150513.04,9%,13600.78,53.15,EMI,3,FALSE,Delivered,4
ORD-01806,03/10/2022,2022,Q4,October,Monday,CUST55100,Rohan Rao,44,Adult,Male,West,Pune,Electronics,Laptop,8,33693.65,0.27,High,241104.48,11%,26410.1,80.85,EMI,4,FALSE,Delivered,4
ORD-01817,15/03/2022,2022,Q1,March,Tuesday,CUST33739,Vikram Iyer,33,Young Adult,Other,North,Chandigarh,Books,Textbook,10,1209.42,0.39,Very High,9490.36,48%,4575.74,31.85,Credit Card,3,FALSE,Delivered,6
ORD-02608,02/06/2023,2023,Q2,June,Friday,CUST97191,Rahul Kapoor,27,Young Adult,Male,South,Chennai,Clothing,Saree,7,3168.59,0.27,High,16375.14,27%,4441.73,88.78,UPI,3,FALSE,Delivered,9
ORD-03745,20/06/2024,2024,Q2,June,Thursday,CUST90657,Nisha Rao,3,Child & Teen,Male,East,Kolkata,Books,Self-Help Book,7,1488.69,0.23,High,14606.35,37%,5456.52,50.25,Cash on Delivery,5,FALSE,Shipped,8
ORD-00825,13/01/2021,2021,Q1,January,Wednesday,CUST51985,Sunita Rao,27,Young Adult,Female,North,Amritsar,Clothing,Kurta,4,2117.62,0.34,Very High,4971.68,35%,1716.37,33.13,Credit Card,5,FALSE,Delivered,7
ORD-02399,11/04/2022,2022,Q2,April,Monday,CUST55942,Meera Singh,46,Adult,Other,South,Kochi,Electronics,Headphones,8,45292.92,0.39,Very High,211771.49,11%,23511.04,58.92,Credit Card,4,FALSE,Delivered,6
ORD-00991,28/03/2021,2021,Q1,March,Sunday,CUST03567,Shreya Chatterjee,17,Child & Teen,Female,North,Amritsar,Clothing,Jacket,4,2764.14,0.15,Medium,10170.2,30%,3035.34,56.28,UPI,1,FALSE,Delivered,7
ORD-03915,19/08/2024,2024,Q3,August,Monday,CUST79020,Priya Verma,35,Young Adult,Female,West,Ahmedabad,Clothing,Jacket,1,2372.34,0.22,High,2718.27,27%,745.68,55.26,UPI,3,TRUE,Returned,3
ORD-00818,10/01/2021,2021,Q1,January,Sunday,CUST07023,Deepa Patel,46,Adult,Other,North,Chandigarh,Groceries,Tea,3,437.4,0.24,High,697.7,10%,69.74,36.51,Cash on Delivery,3,TRUE,Returned,3
ORD-00937,28/02/2021,2021,Q1,February,Sunday,CUST46314,Nikhil Gupta,39,Adult,Other,West,Ahmedabad,Furniture,Bed Frame,5,20432.76,0.34,Very High,61498.27,21%,12694.42,49.26,UPI,4,FALSE,Shipped,7
ORD-01069,29/04/2021,2021,Q2,April,Thursday,CUST92885,Nisha Kapoor,32,Young Adult,Female,South,Chennai,Electronics,Tablet,9,18229.89,0.19,Medium,166334.16,13%,22099.86,42.76,EMI,2,TRUE,Returned,2
ORD-03613,22/04/2024,2024,Q2,April,Monday,CUST46029,Shreya Sharma,24,Young Adult,Other,East,Bhubaneswar,Beauty,Lipstick,10,1772.45,0.25,High,19172.07,46%,8733.22,67.29,UPI,5,FALSE,Delivered,5
ORD-03744,19/06/2024,2024,Q2,June,Wednesday,CUST99332,Priya Shah,31,Young Adult,Male,West,Ahmedabad,Sports,Football,10,2344.7,0.37,Very High,24013.4,35%,8412.79,44.13,Debit Card,3,FALSE,Delivered,1
ORD-01392,20/09/2021,2021,Q3,September,Monday,CUST84604,Ritu Bhat,55,Adult,Other,West,Surat,Books,Self-Help Book,4,1424.02,0.18,Medium,4662.11,44%,2041.88,54.87,EMI,,TRUE,Returned,8
ORD-01018,04/04/2021,2021,Q2,April,Sunday,CUST44454,Arjun Mehta,32,Young Adult,Other,Central,Bhopal,Beauty,Face Cream,4,1615.32,0.23,High,5821.33,42%,2423.94,39.79,Debit Card,3,FALSE,Delivered,8
ORD-02461,12/03/2022,2022,Q1,March,Saturday,CUST40699,Aarav Iyer,39,Adult,Female,North,Delhi,Furniture,Wardrobe,10,8976.94,0.1,Low,59488.18,24%,14335.73,53.25,UPI,5,FALSE,Delivered,3
ORD-03162,10/01/2023,2023,Q1,January,Tuesday,CUST64139,Aarav Reddy,45,Adult,Other,West,Ahmedabad,Clothing,Saree,4,3292.57,0.28,High,11158.23,34%,3813.16,38.43,UPI,2,TRUE,Returned,2
ORD-00408,25/06/2020,2020,Q2,June,Thursday,CUST53614,Aditya Bhat,25,Young Adult,Other,North,Chandigarh,Clothing,Saree,1,338.51,0.27,High,309.09,24%,73.93,31.18,UPI,4,FALSE,Delivered,9
ORD-03774,30/06/2024,2024,Q2,June,Sunday,CUST67934,Shreya Verma,13,Child & Teen,Male,South,Kochi,Electronics,Smartphone,7,65719.06,0.19,Medium,568045.49,13%,73500.33,74.03,Cash on Delivery,4,FALSE,delivered,5
ORD-03936,26/08/2024,2024,Q3,August,Monday,CUST41339,Nikhil Reddy,34,Young Adult,Other,North,Amritsar,Beauty,Face Cream,10,1495.3,0.02,Low,21442.1,41%,8864.04,49.29,Net Banking,5,FALSE,Delivered,3
ORD-00332,24/05/2020,2020,Q2,May,Sunday,CUST41074,Vikram Kumar,15,Child & Teen,Female,East,Guwahati,Groceries,Flour,9,156.95,0.25,High,1244.96,10%,125.48,101.17,Debit Card,3,FALSE,delivered,7
ORD-03979,09/11/2024,2024,Q4,November,Saturday,CUST11949,Rohan Iyer,31,Young Adult,Female,Central,Bhopal,Books,Biography,10,1101.37,0.36,Very High,8920.66,47%,4181.57,53.45,EMI,5,FALSE,Delivered,10
ORD-02583,28/01/2023,2023,Q1,January,Saturday,CUST12302,Ananya Bose,36,Adult,Other,East,Bhubaneswar,Clothing,Kurta,2,3753.91,0.2,Medium,5209.29,22%,1157.2,78.02,UPI,5,FALSE,Delivered,4
ORD-00168,15/03/2020,2020,Q1,March,Sunday,CUST93790,Nisha Singh,33,Young Adult,Female,Central,Indore,Clothing,Jeans,2,344.95,0.01,Low,675.21,47%,315.71,45.42,UPI,3,FALSE,Delivered,3
ORD-03195,14/10/2023,2023,Q4,October,Saturday,CUST34227,Karan Verma,31,Young Adult,Female,South,Hyderabad,Beauty,Sunscreen,10,1369.42,,,14115.57,43%,6057.11,77.84,Net Banking,1,FALSE,Cancelled,1
ORD-03568,29/03/2024,2024,Q1,March,Friday,CUST25934,Ananya Patel,23,Young Adult,Other,North,Chandigarh,Beauty,Hair Oil,1,1431.02,0.25,High,1421.67,46%,657.95,43.1,Debit Card,2,FALSE,Cancelled,7
ORD-03574,04/01/2024,2024,Q1,January,Thursday,CUST89268,Sanjay Bose,3,Child & Teen,Other,North,Ludhiana,Furniture,Wardrobe,6,17399.76,0.22,High,137113.34,24%,33401.93,68.4,UPI,4,FALSE,Delivered,6
ORD-00297,05/10/2020,2020,Q4,October,Monday,CUST79842,Aditya Sharma,26,Young Adult,Other,West,Mumbai,Sports,Yoga Mat,7,2073.13,0.36,Very High,10684.14,18%,1902.76,39.27,UPI,3,TRUE,Returned,2
ORD-01214,07/02/2021,2021,Q1,February,Sunday,CUST35473,Rahul Iyer,26,Young Adult,Male,North,Amritsar,Sports,Cycle,3,9622.05,0.13,Medium,36572.47,20%,7201.38,38.22,Credit Card,1,FALSE,Delivered,
ORD-00576,15/09/2020,2020,Q3,September,Tuesday,CUST60901,Amit Mishra,38,Adult,Male,North,Delhi,Furniture,Bookshelf,10,2950.98,0.23,High,23921.04,16%,3847.48,,Credit Card,3,FALSE,delivered,9
ORD-00320,20/05/2020,2020,Q2,May,Wednesday,CUST42313,Karan Das,,,Other,North,Chandigarh,Furniture,Chair,1,5675.07,0.05,Low,6213.75,31%,1926.22,53.4,Credit Card,1,TRUE,Returned,4
ORD-04068,29/10/2024,2024,Q4,October,Tuesday,CUST38940,Aditya Kumar,35,Young Adult,Male,Central,Nagpur,Furniture,Desk,1,15458.12,0.11,Medium,13583.09,27%,3718.13,49.57,EMI,2,TRUE,Returned,5
ORD-00831,15/01/2021,2021,Q1,January,Friday,CUST89108,Ananya Kumar,41,Adult,Other,North,Ludhiana,Clothing,Dress,3,1065.38,0.01,Low,2521.39,26%,658.85,38.14,Debit Card,2,FALSE,Delivered,3
ORD-00663,28/10/2020,2020,Q4,October,Wednesday,CUST83467,Shreya Rao,41,Adult,Other,West,Pune,Groceries,Dal (1kg),1,462.13,0.38,Very High,250.84,9%,21.71,65.96,EMI,3,TRUE,Returned,10
ORD-01197,23/06/2021,2021,Q2,June,Wednesday,CUST79216,Arjun Mehta,25,Young Adult,Female,South,Bangalore,Clothing,Jeans,2,1500.45,0.33,Very High,2399.51,26%,625.12,70.56,EMI,1,FALSE,Delivered,9
ORD-03301,29/11/2023,2023,Q4,November,Wednesday,CUST23165,Rohan Kumar,35,Young Adult,Female,West,Pune,Furniture,Chair,6,9674.09,0.13,Medium,45840.04,23%,10521.95,82.91,Credit Card,5,FALSE,Delivered,4
ORD-01301,08/10/2021,2021,Q4,October,Friday,CUST03306,Meera Iyer,34,Young Adult,Female,West,Pune,Clothing,Dress,6,851.31,0.03,Low,6109.24,34%,2057.43,55.78,Cash on Delivery,3,FALSE,Delivered,1
ORD-02652,21/02/2023,2023,Q1,February,Tuesday,CUST68660,Nisha Kumar,33,Young Adult,Other,North,Chandigarh,Electronics,Headphones,1,23168.24,0.12,Medium,22315.35,9%,1911.92,65.2,Credit Card,2,FALSE,Cancelled,2
ORD-03334,13/12/2023,2023,Q4,December,Wednesday,CUST68810,Karan Bose,37,Adult,Male,North,Ludhiana,Books,Comic Book,2,478.86,0.24,High,581.38,44%,256.04,27.77,Credit Card,5,TRUE,Returned,2
ORD-03776,07/01/2024,2024,Q1,January,Sunday,CUST73430,Sanjay Nair,33,Young Adult,Female,South,Hyderabad,Electronics,Laptop,7,51364.38,0.29,High,439744.01,10%,43544.12,63.03,Credit Card,4,TRUE,Returned,5
ORD-00536,24/08/2020,2020,Q3,August,Monday,CUST36425,Nikhil Bose,2,Child & Teen,Female,North,Ludhiana,Clothing,Jacket,10,3376.68,0.25,High,25205.24,30%,7511.03,52.49,EMI,2,FALSE,Delivered,6
ORD-02061,28/06/2022,2022,Q2,June,Tuesday,CUST88965,Nisha Nair,28,Young Adult,Male,East,Patna,Sports,Dumbbells,10,6754.43,0.27,High,62381.81,22%,13614.67,90.67,UPI,2,TRUE,Returned,5
ORD-01588,12/10/2021,2021,Q4,October,Tuesday,CUST52878,Karan Das,25,Young Adult,Female,East,Patna,Furniture,Bookshelf,1,22660.17,0.02,Low,14757.73,27%,4052.14,91.15,Cash on Delivery,4,FALSE,Pending,10
ORD-00333,24/05/2020,2020,Q2,May,Sunday,CUST88068,Priya Kumar,28,Young Adult,Male,South,Chennai,Groceries,Tea,10,162.52,0.09,Low,1867.23,8%,150.49,86.74,Net Banking,5,FALSE,Delivered,10
ORD-02953,07/03/2023,2023,Q1,March,Tuesday,CUST69533,Amit Kumar,31,Young Adult,Other,Central,Raipur,Clothing,Jeans,1,362.3,0.37,Very High,319.67,48%,152.66,52.96,Credit Card,4,FALSE,delivered,3
ORD-01264,24/07/2021,2021,Q3,July,Saturday,CUST96144,Rohan Singh,3,Child & Teen,Female,North,Chandigarh,Sports,Cricket Bat,5,4265.04,0.06,Low,24870.66,21%,5110.16,40.03,Net Banking,4,FALSE,Delivered,6
ORD-02904,06/08/2023,2023,Q3,August,Sunday,CUST88828,Pooja Reddy,41,Adult,Female,North,Amritsar,Groceries,Sugar,9,193.51,0.35,Very High,2061,12%,255.36,60.83,Debit Card,5,FALSE,Shipped,3
ORD-02919,16/06/2023,2023,Q2,June,Friday,CUST99491,Deepa Shah,48,Adult,Other,West,Ahmedabad,Beauty,Sunscreen,10,1834.25,0.11,Medium,24185.57,52%,12598.93,80.64,UPI,1,FALSE,Delivered,8
ORD-01655,01/08/2022,2022,Q3,August,Monday,CUST92097,Ritu Das,6,Child & Teen,Male,South,Bangalore,Clothing,Jacket,4,2590.7,0.01,Low,8555.42,36%,3097.74,67.93,Net Banking,4,FALSE,Delivered,9
ORD-02612,02/08/2023,2023,Q3,August,Wednesday,CUST04336,Vikram Rao,46,Adult,Other,East,Kolkata,Furniture,Desk,,25731.5,0.15,Medium,25153.93,26%,6532.8,67.79,UPI,2,FALSE,Delivered,2
ORD-00938,28/02/2021,2021,Q1,February,Sunday,CUST93635,Ritu Nair,38,Adult,Female,East,Bhubaneswar,Beauty,Hair Oil,3,892.77,0.28,High,1753.17,47%,830.67,58.34,Net Banking,2,FALSE,Pending,7
ORD-03313,12/04/2023,2023,Q2,April,Wednesday,CUST96995,Aarav Sharma,34,Young Adult,Female,South,Kochi,Electronics,Laptop,5,9244.78,0.33,Very High,27641.06,13%,3683.19,66.35,Credit Card,,FALSE,Delivered,7
ORD-04097,13/11/2024,2024,Q4,November,Wednesday,CUST91716,Priya Reddy,38,Adult,Female,North,Chandigarh,Clothing,Kurta,4,485.84,0.21,High,1531.45,30%,454.16,69.77,EMI,3,FALSE,Shipped,1
ORD-02965,07/07/2023,2023,Q3,July,Friday,CUST90321,Karan Bose,23,Young Adult,Female,South,Kochi,Books,Biography,3,224.89,,,1128.03,41%,458.02,65.2,UPI,4,FALSE,Cancelled,6
ORD-00521,18/08/2020,2020,Q3,August,Tuesday,CUST03527,Arjun Rao,16,Child & Teen,Male,East,Bhubaneswar,Clothing,Saree,8,3254.74,0.38,Very High,17118.02,32%,5544.03,75.02,Credit Card,2,TRUE,Returned,4
ORD-02257,09/10/2022,2022,Q4,October,Sunday,CUST98457,Nikhil Nair,45,Adult,Other,North,Ludhiana,Electronics,Tablet,4,37633.82,0.33,Very High,125197.09,12%,14972.92,53.12,UPI,4,FALSE,Delivered,2
ORD-00561,09/06/2020,2020,Q2,June,Tuesday,CUST12729,Amit Kumar,36,Adult,Male,East,Guwahati,Books,Comic Book,8,224.05,0.35,Very High,1031.47,44%,454.3,63.62,Cash on Delivery,3,FALSE,Delivered,6
ORD-04197,28/12/2024,2024,Q4,December,Saturday,CUST98908,Rohan Sharma,33,Young Adult,Female,West,Mumbai,Groceries,Sugar,1,51.21,0.14,Medium,42.95,7%,2.98,49.87,EMI,4,FALSE,Pending,8
ORD-02512,26/12/2022,2022,Q4,December,Monday,CUST90307,Nisha Mehta,33,Young Adult,Female,North,Delhi,Clothing,Jacket,4,1099.84,0.38,Very High,2509.02,36%,890.82,49.1,Debit Card,1,FALSE,Cancelled,8
ORD-00961,13/03/2021,2021,Q1,March,Saturday,CUST15494,Aarav Nair,33,Young Adult,Male,East,Bhubaneswar,Groceries,Sugar,1,314.79,0.34,Very High,241.87,5%,12.49,85.01,UPI,2,FALSE,Delivered,2
ORD-01161,06/04/2021,2021,Q2,April,Tuesday,CUST99492,Deepa Das,22,Young Adult,Male,West,Surat,Groceries,Cooking Oil,4,246.85,0.34,Very High,775.23,9%,66.87,76.63,Cash on Delivery,,TRUE,Returned,3
ORD-02518,29/12/2022,2022,Q4,December,Thursday,CUST08264,Shreya Rao,44,Adult,Male,South,Kochi,Books,Fiction Novel,3,893.48,0.25,High,1609.93,33%,529.43,71.12,UPI,,FALSE,Delivered,8
ORD-01776,27/02/2022,2022,Q1,February,Sunday,CUST91761,Priya Patel,27,Young Adult,Female,East,Bhubaneswar,Sports,Dumbbells,10,5565.04,0.32,Very High,39181,20%,7825.8,71.62,Credit Card,4,FALSE,Delivered,3
ORD-02954,07/03/2023,2023,Q1,March,Tuesday,CUST48148,Sunita Joshi,37,Adult,Other,West,Ahmedabad,Books,Fiction Novel,4,258.16,0.2,Medium,1147.42,39%,452.37,71.77,Net Banking,5,TRUE,Returned,7
ORD-01442,13/10/2021,2021,Q4,October,Wednesday,CUST07818,Rahul Mehta,49,Adult,Female,West,Surat,Books,Cook Book,10,1078.36,0.39,Very High,5300.77,39%,2043.67,59.94,Credit Card,1,FALSE,Delivered,2
ORD-02480,12/12/2022,2022,Q4,December,Monday,CUST00142,Arjun Sharma,24,Young Adult,Female,South,Kochi,Groceries,Sugar,5,256.82,0.05,Low,1034.27,10%,102.49,85.67,UPI,5,FALSE,Pending,6
ORD-03130,14/09/2023,2023,Q3,September,Thursday,CUST42331,Deepa Pillai,27,Young Adult,Other,North,Delhi,Groceries,Sugar,2,188.27,0.27,High,372.56,6%,23.33,48.93,Cash on Delivery,5,FALSE,Delivered,8
ORD-01332,20/08/2021,2021,Q3,August,Friday,CUST68136,Sunita Verma,26,Young Adult,Female,East,Guwahati,Beauty,Lipstick,9,296.29,0.39,Very High,2124.79,66%,1395.29,84.16,Debit Card,4,FALSE,Delivered,10
ORD-02126,24/07/2022,2022,Q3,July,Sunday,CUST82300,Aditya Verma,54,Adult,Other,West,Pune,Beauty,Sunscreen,2,1392.89,0.22,High,3170.9,49%,1551.48,64.72,UPI,3,FALSE,Cancelled,3
ORD-00017,01/07/2020,2020,Q3,July,Wednesday,CUST24691,Pooja Reddy,4,Child & Teen,Female,West,Ahmedabad,Furniture,Desk,5,5040.09,0.17,Medium,16406.42,28%,4616.87,51.71,UPI,3,FALSE,delivered,9
ORD-03471,15/02/2024,2024,Q1,February,Thursday,CUST34890,Sanjay Kapoor,64,Senior,Other,South,Kochi,Clothing,Saree,10,649.39,0.08,Low,6250.27,23%,1461.59,89.12,Net Banking,5,FALSE,Delivered,1
ORD-01132,25/05/2021,2021,Q2,May,Tuesday,CUST78632,Pooja Kumar,42,Adult,Other,Central,Indore,Furniture,Bed Frame,1,28223.81,0.01,Low,41826.38,26%,10977.5,68.34,Net Banking,4,FALSE,delivered,8
ORD-04116,26/11/2024,2024,Q4,November,Tuesday,CUST40250,Karan Joshi,42,Adult,Female,Central,Indore,Beauty,Lipstick,4,2248.41,0.29,High,6511.18,61%,3980.78,20.27,EMI,3,FALSE,Cancelled,1
ORD-00658,22/10/2020,2020,Q4,October,Thursday,CUST16403,Ananya Sharma,22,Young Adult,Other,South,Chennai,Groceries,Flour,7,388.2,0.05,Low,2233.08,8%,175.74,74.16,EMI,2,FALSE,pending,4
ORD-01656,01/08/2022,2022,Q3,August,Monday,CUST94727,Karan Singh,3,Child & Teen,Female,East,Guwahati,Clothing,Dress,5,2059.67,0.04,Low,9298.94,55%,5107.08,80.05,Credit Card,4,FALSE,Delivered,3
ORD-03442,02/01/2024,2024,Q1,January,Tuesday,CUST90404,Pooja Das,38,Adult,Male,South,Chennai,Furniture,Chair,3,23851.04,0.2,Medium,59295.25,34%,20111.35,64.77,Cash on Delivery,5,FALSE,Delivered,4
ORD-03180,10/07/2023,2023,Q3,July,Monday,CUST65855,Deepa Sharma,28,Young Adult,Other,South,Chennai,Beauty,Hair Oil,8,1575.79,0.24,High,9914.18,43%,4246.21,73.87,Cash on Delivery,4,FALSE,Delivered,4
ORD-00393,17/06/2020,2020,Q2,June,Wednesday,CUST84712,Arjun Mishra,27,Young Adult,Female,West,Surat,Clothing,Saree,1,1409.39,0.1,Low,1762.59,43%,761.88,58.09,UPI,3,FALSE,Delivered,3
ORD-01696,28/01/2022,2022,Q1,January,Friday,CUST42627,Shreya Verma,41,Adult,Male,North,Chandigarh,Books,Comic Book,2,921.77,0.34,Very High,1063.82,46%,488.6,72.61,Credit Card,4,FALSE,Delivered,1
ORD-01296,08/07/2021,2021,Q3,July,Thursday,CUST28222,Nisha Pillai,27,Young Adult,Female,West,Surat,Electronics,Laptop,3,54652.78,0.01,Low,192332.91,6%,11105.11,56.52,Debit Card,1,FALSE,Delivered,9
ORD-00844,20/01/2021,2021,Q1,January,Wednesday,CUST33448,Rahul Joshi,48,Adult,Other,South,Hyderabad,Clothing,Saree,2,2685.53,0.16,Medium,3463.77,33%,1147.86,69.17,Cash on Delivery,2,TRUE,Returned,6
ORD-01428,10/06/2021,2021,Q2,June,Thursday,CUST77645,Ananya Bhat,35,Young Adult,Female,West,Surat,Books,Fiction Novel,10,268.47,0.24,High,1754.08,34%,598.81,69.44,Credit Card,5,FALSE,Delivered,6
ORD-01590,12/10/2021,2021,Q4,October,Tuesday,CUST86639,Sanjay Bose,32,Young Adult,Male,West,Mumbai,Beauty,Face Cream,7,1768.37,0.03,Low,7423.51,44%,3260.02,49.67,EMI,2,TRUE,Returned,2
ORD-03472,15/02/2024,2024,Q1,February,Thursday,CUST99763,Meera Kumar,14,Child & Teen,Female,South,Kochi,Beauty,Sunscreen,6,2380.95,0.37,Very High,9957.12,32%,3205.02,104.41,UPI,5,FALSE,Cancelled,8
ORD-00181,20/03/2020,2020,Q1,March,Friday,CUST09112,Sanjay Gupta,47,Adult,Other,Central,Nagpur,Beauty,Sunscreen,10,1799.76,0.15,Medium,15785.6,36%,5681.65,56.65,Credit Card,4,FALSE,Delivered,1
ORD-01632,28/12/2021,2021,Q4,December,Tuesday,CUST95874,Aditya Bhat,41,Adult,Female,East,Bhubaneswar,Sports,Football,8,6352.95,0.12,Medium,31396.56,18%,5551.7,90.42,Net Banking,1,TRUE,Returned,9
ORD-01293,08/06/2021,2021,Q2,June,Tuesday,CUST71906,Nikhil Iyer,39,Adult,Other,North,Chandigarh,Beauty,Face Cream,2,853.19,0.29,High,1266.22,41%,518.13,54.57,Net Banking,3,FALSE,Delivered,
ORD-02271,14/09/2022,2022,Q3,September,Wednesday,CUST64969,Amit Gupta,37,Adult,Other,East,Kolkata,Electronics,Headphones,7,44012.8,0.02,Low,388387,13%,49485.75,89.27,Cash on Delivery,1,FALSE,delivered,7
ORD-03525,03/11/2024,2024,Q4,November,Sunday,CUST05396,Rahul Mehta,42,Adult,Other,South,Hyderabad,Groceries,Flour,2,389.26,0.24,High,771.78,10%,80.46,71.53,Debit Card,4,FALSE,delivered,3
ORD-03683,18/05/2024,2024,Q2,May,Saturday,CUST23854,Karan Nair,42,Adult,Female,North,Delhi,Sports,Dumbbells,1,9307.03,0.19,Medium,13905.79,24%,3331.01,47.05,EMI,2,FALSE,Delivered,1
ORD-00555,09/03/2020,2020,Q1,March,Monday,CUST68739,Deepa Chatterjee,27,Young Adult,Other,West,Surat,Electronics,Camera,5,56264.15,0.28,High,197944.28,12%,23405.15,58.56,Credit Card,4,FALSE,Delivered,8
ORD-03016,30/07/2023,2023,Q3,July,Sunday,CUST64559,Kavya Joshi,25,Young Adult,Male,South,Hyderabad,Books,Textbook,7,654.28,0.3,High,4385.24,34%,1478.39,57.8,EMI,,FALSE,Delivered,6
ORD-02284,19/09/2022,2022,Q3,September,Monday,CUST37893,Deepa Rao,3,Child & Teen,Male,East,Patna,Electronics,Camera,8,32204.55,0.02,Low,332387.04,11%,37369.29,86.45,UPI,3,FALSE,Delivered,6
ORD-03157,29/09/2023,2023,Q3,September,Friday,CUST79492,Sanjay Bhat,24,Young Adult,Male,North,Ludhiana,Sports,Tennis Racket,1,13020.42,0.2,Medium,14018.12,22%,3020.91,61.72,EMI,2,FALSE,Delivered,1
ORD-03392,01/06/2024,2024,Q2,June,Saturday,CUST98375,Nikhil Kapoor,43,Adult,Male,East,Patna,Electronics,Smartwatch,10,61190.11,0.19,Medium,507797.13,12%,61885.87,74.94,Debit Card,1,TRUE,Returned,1
ORD-02810,05/03/2023,2023,Q1,March,Sunday,CUST60489,Karan Das,27,Young Adult,Other,South,Kochi,Clothing,T-Shirt,2,1416.76,0.08,Low,3388.3,46%,1544.37,52.35,Net Banking,4,FALSE,Delivered,6
ORD-00993,28/03/2021,2021,Q1,March,Sunday,CUST44486,Rahul Kapoor,47,Adult,Other,West,Surat,Books,Self-Help Book,1,246.87,0.39,Very High,147.13,43%,63.7,81.45,Debit Card,1,FALSE,Delivered,
ORD-03359,24/12/2023,2023,Q4,December,Sunday,CUST32879,Deepa Shah,49,Adult,Male,East,Guwahati,Beauty,Face Cream,10,1236.98,0.08,Low,8816.24,37%,3251.41,62.69,UPI,2,FALSE,Cancelled,9
ORD-02602,02/04/2023,2023,Q2,April,Sunday,CUST51085,Deepa Reddy,3,Child & Teen,Male,South,Chennai,Sports,Cycle,8,11980.53,0.03,Low,84384.27,30%,25026.93,61.24,Credit Card,2,FALSE,Delivered,3
ORD-00171,15/03/2020,2020,Q1,March,Sunday,CUST76866,Rohan Pillai,42,Adult,Female,Central,Indore,Sports,Tennis Racket,7,3287.47,0.13,Medium,20381.48,25%,5046.53,38.67,EMI,,FALSE,Delivered,7
ORD-00687,11/07/2020,2020,Q3,July,Saturday,CUST92441,Nikhil Kumar,41,Adult,Female,North,Delhi,Electronics,Headphones,2,33488.83,0.15,Medium,43647.67,13%,5482.23,46.65,EMI,2,FALSE,Delivered,6
ORD-02294,22/09/2022,2022,Q3,September,Thursday,CUST45988,Sanjay Das,33,Young Adult,Male,North,Amritsar,Beauty,Hair Oil,7,437.18,0.02,Low,3874.82,44%,1697.95,54.03,Cash on Delivery,2,FALSE,Delivered,8
ORD-02358,16/10/2022,2022,Q4,October,Sunday,CUST18994,Priya Rao,34,Young Adult,Other,South,Bangalore,Books,Self-Help Book,7,1297.73,0.09,Low,8533.63,37%,3189.67,93.17,UPI,3,FALSE,Delivered,5
ORD-03764,27/06/2024,2024,Q2,June,Thursday,CUST98746,Deepa Bhat,8,Child & Teen,Female,South,Hyderabad,Electronics,Smartwatch,7,76987.29,0.37,Very High,593268.71,14%,84490.85,41.74,Net Banking,1,FALSE,Delivered,1
ORD-03720,06/10/2024,2024,Q4,October,Sunday,CUST38522,Nikhil Gupta,33,Young Adult,Male,South,Bangalore,Beauty,Shampoo,8,548.42,0.06,Low,7473.19,64%,4783.7,67.67,Debit Card,,FALSE,Cancelled,4
ORD-03005,24/07/2023,2023,Q3,July,Monday,CUST48500,Sunita Mehta,3,Child & Teen,Other,East,Bhubaneswar,Books,Fiction Novel,7,748.66,0.03,Low,7011.74,32%,2220.64,86.38,UPI,4,FALSE,Delivered,7
ORD-03696,24/05/2024,2024,Q2,May,Friday,CUST19992,Kavya Reddy,22,Young Adult,Other,North,Amritsar,Furniture,Desk,1,24499.78,0.05,Low,38719.41,23%,9078.79,41.62,Cash on Delivery,3,FALSE,delivered,8
ORD-00720,25/11/2020,2020,Q4,November,Wednesday,CUST10417,Ananya Verma,61,Senior,Male,North,Delhi,Groceries,Tea,8,463.67,0.39,Very High,1629.41,7%,107.01,45.72,Net Banking,3,FALSE,Delivered,10
ORD-02517,29/12/2022,2022,Q4,December,Thursday,CUST41813,Rohan Shah,21,Young Adult,Other,South,Kochi,Books,Biography,4,1305.05,0.07,Low,4009.71,19%,758.37,39.85,UPI,2,FALSE,Pending,
ORD-00526,20/08/2020,2020,Q3,August,Thursday,CUST44854,Aditya Sharma,26,Young Adult,Other,Central,Indore,Books,Cook Book,3,1190.85,0.12,Medium,3828.22,44%,1665.32,77.79,Credit Card,,FALSE,Delivered,3
ORD-00670,30/10/2020,2020,Q4,October,Friday,CUST29205,Nisha Sharma,18,Young Adult,Female,Central,Nagpur,Furniture,Bookshelf,9,33383.42,0.18,Medium,235297.53,34%,79526.38,58.3,UPI,2,FALSE,Delivered,3
ORD-03328,12/11/2023,2023,Q4,November,Sunday,CUST92130,Nisha Pillai,19,Young Adult,Other,North,Ludhiana,Clothing,Jacket,2,350.76,0.26,High,437.15,26%,113.04,72.77,Credit Card,2,FALSE,Cancelled,9
ORD-02597,02/03/2023,2023,Q1,March,Thursday,CUST48131,Arjun Kumar,34,Young Adult,Other,Central,Nagpur,Clothing,Dress,5,3467.44,0.22,High,15431.87,28%,4362.76,70.28,Credit Card,1,FALSE,Delivered,1
ORD-00999,30/03/2021,2021,Q1,March,Tuesday,CUST40323,Rohan Rao,39,Adult,Male,South,Kochi,Groceries,Sugar,3,105.18,0.02,Low,322.97,10%,31.12,57.45,Net Banking,5,FALSE,Delivered,8
ORD-03827,22/07/2024,2024,Q3,July,Monday,CUST03364,Arjun Gupta,44,Adult,Male,North,Amritsar,Beauty,Shampoo,4,467.13,0.35,Very High,2125.39,40%,857.43,18.28,UPI,4,FALSE,Shipped,3
ORD-03474,17/02/2024,2024,Q1,February,Saturday,CUST68381,Deepa Joshi,36,Adult,Male,South,Chennai,Sports,Cricket Bat,8,10455.97,0.38,Very High,58029.61,20%,11501.7,55.15,Credit Card,2,FALSE,Delivered,10
ORD-02421,11/12/2022,2022,Q4,December,Sunday,CUST94458,Ritu Pillai,42,Adult,Male,South,Hyderabad,Electronics,Smartphone,4,76493.84,0.09,Low,272766.46,11%,29631.74,60.2,Cash on Delivery,4,FALSE,Delivered,3
ORD-00054,21/01/2020,2020,Q1,January,Tuesday,CUST65539,Meera Patel,37,Adult,Other,East,Guwahati,Furniture,Chair,5,27804.49,0.3,High,77191.05,31%,24198.91,77.82,UPI,3,FALSE,Delivered,4
ORD-02745,04/03/2023,2023,Q1,March,Saturday,CUST89552,Sanjay Mishra,51,Adult,Male,West,Ahmedabad,Furniture,Wardrobe,7,9306.42,0.37,Very High,66850.76,23%,15497.67,63.06,Debit Card,4,TRUE,Returned,4
ORD-03803,07/11/2024,2024,Q4,November,Thursday,CUST18219,Pooja Singh,4,Child & Teen,Other,South,Kochi,Electronics,Smartwatch,5,14932.93,0.35,Very High,77317.66,7%,5613.46,85.87,UPI,2,FALSE,Delivered,9
ORD-01825,17/03/2022,2022,Q1,March,Thursday,CUST98135,Aarav Mehta,17,Child & Teen,Other,South,Bangalore,Groceries,Dal (1kg),2,57.7,0.13,Medium,117.1,4%,5.26,69.54,Cash on Delivery,4,FALSE,Pending,4
ORD-03007,25/07/2023,2023,Q3,July,Tuesday,CUST57212,Amit Sharma,51,Adult,Male,West,Surat,Sports,Football,,590.97,0.32,Very High,599.05,22%,132.99,70.58,Credit Card,3,FALSE,Delivered,4
ORD-02587,30/01/2023,2023,Q1,January,Monday,CUST42705,Rahul Das,39,Adult,Other,East,Guwahati,Groceries,Sugar,6,253.83,0.19,Medium,1077.34,9%,92.56,70.48,UPI,2,FALSE,Shipped,1
ORD-03614,22/04/2024,2024,Q2,April,Monday,CUST04682,Vikram Patel,38,Adult,Female,South,Chennai,Clothing,T-Shirt,3,1489.86,0.2,Medium,4679.31,49%,2296.34,74.38,Cash on Delivery,1,FALSE,Cancelled,10
ORD-03494,27/02/2024,2024,Q1,February,Tuesday,CUST06002,Nisha Gupta,41,Adult,Other,South,Kochi,Books,Fiction Novel,6,1461.81,0.04,Low,9112.71,37%,3389.16,67.03,Debit Card,3,FALSE,Delivered,4
ORD-03984,09/12/2024,2024,Q4,December,Monday,CUST54260,Ananya Singh,1,Child & Teen,Other,East,Patna,Sports,Football,9,2515.48,0.28,High,22131.2,21%,4682.26,80.27,EMI,5,FALSE,Shipped,1
ORD-01832,24/03/2022,2022,Q1,March,Thursday,CUST40044,Meera Bhat,25,Young Adult,Female,Central,Indore,Sports,Yoga Mat,5,2358.95,0.27,High,9997.67,20%,1971.24,32.52,Cash on Delivery,,FALSE,Pending,9
ORD-03161,30/09/2023,2023,Q3,September,Saturday,CUST77629,Shreya Iyer,36,Adult,Other,South,Kochi,Groceries,Sugar,2,384.04,0.03,Low,819.11,9%,70.23,67.84,UPI,2,FALSE,Delivered,5
ORD-01193,20/06/2021,2021,Q2,June,Sunday,CUST13957,Aditya Das,28,Young Adult,Female,East,Guwahati,Furniture,Bed Frame,10,8582.4,0.22,High,82620.44,35%,29287.56,68.43,EMI,4,FALSE,Delivered,8
ORD-04108,18/11/2024,2024,Q4,November,Monday,CUST02996,Sunita Mehta,42,Adult,Male,South,Chennai,Clothing,Jacket,,3079.53,0.11,Medium,2711.38,36%,987.61,68.17,Credit Card,5,FALSE,Cancelled,1
ORD-02875,06/01/2023,2023,Q1,January,Friday,CUST97371,Sunita Chatterjee,5,Child & Teen,Other,South,Bangalore,Books,Textbook,1,430.84,0.37,Very High,479.27,44%,212.94,47.32,UPI,2,FALSE,Delivered,7
ORD-01889,15/04/2022,2022,Q2,April,Friday,CUST95351,Amit Bhat,4,Child & Teen,Male,North,Amritsar,Sports,Yoga Mat,5,7694.53,0.2,Medium,39253.99,19%,7429.11,45.05,Net Banking,2,TRUE,Returned,2
ORD-03814,18/07/2024,2024,Q3,July,Thursday,CUST84704,Nikhil Kumar,6,Child & Teen,Other,South,Kochi,Books,Biography,9,1373,0.06,Low,17944.78,26%,4726.75,32.78,Cash on Delivery,5,FALSE,Delivered,8
ORD-03899,14/08/2024,2024,Q3,August,Wednesday,CUST68293,Deepa Singh,42,Adult,Other,East,Guwahati,Furniture,Desk,8,32976.81,0.11,Medium,345009.69,30%,104290.26,89.17,Debit Card,4,TRUE,Returned,2
ORD-04063,28/10/2024,2024,Q4,October,Monday,CUST86629,Priya Bhat,8,Child & Teen,Female,South,Chennai,Furniture,Bed Frame,8,24455.4,0.02,Low,218854.99,32%,70450.23,72.02,EMI,2,FALSE,Delivered,5
ORD-02859,28/05/2023,2023,Q2,May,Sunday,CUST98103,Nisha Reddy,3,Child & Teen,Female,Central,Nagpur,Sports,Cycle,7,5477.01,0.23,High,47648.68,22%,10592.45,58.19,EMI,1,FALSE,delivered,1
ORD-03258,11/06/2023,2023,Q2,June,Sunday,CUST96311,Ritu Chatterjee,35,Young Adult,Other,North,Chandigarh,Furniture,Desk,2,19200.92,0.3,High,29270.92,34%,9828.67,57.73,Cash on Delivery,1,FALSE,Delivered,4
ORD-03938,26/08/2024,2024,Q3,August,Monday,CUST11052,Rahul Gupta,42,Adult,Female,Central,Nagpur,Furniture,Wardrobe,4,16102.25,0.05,Low,99545.13,32%,31612.91,51.44,Net Banking,3,FALSE,Delivered,3
ORD-01276,29/07/2021,2021,Q3,July,Thursday,CUST57127,Sunita Joshi,3,Child & Teen,Female,East,Bhubaneswar,Books,Fiction Novel,5,1321.61,0.39,Very High,6316.69,31%,1989.53,80.34,UPI,2,FALSE,Cancelled,1
ORD-00739,12/03/2020,2020,Q1,March,Thursday,CUST79943,Meera Kapoor,49,Adult,Male,North,Ludhiana,Clothing,Saree,5,836.99,0.39,Very High,1880.14,37%,686.79,30.4,EMI,2,FALSE,Delivered,8
ORD-03845,29/07/2024,2024,Q3,July,Monday,CUST16479,Priya Verma,21,Young Adult,Male,Central,Raipur,Sports,Football,5,12528.36,0.21,High,80527.42,12%,9443.81,90.11,EMI,2,FALSE,Delivered,7
ORD-00992,28/03/2021,2021,Q1,March,Sunday,CUST50288,Sanjay Kumar,29,Young Adult,Female,Central,Indore,Clothing,Jeans,10,2005.76,0.22,High,15986.56,32%,5111.22,51.92,Debit Card,3,FALSE,Delivered,10
ORD-02051,21/06/2022,2022,Q2,June,Tuesday,CUST76675,Rohan Kapoor,51,Adult,Male,South,Chennai,Groceries,Flour,1,341.43,0.34,Very High,376.21,9%,32.95,85.56,Credit Card,4,FALSE,Cancelled,7
ORD-03996,21/09/2024,2024,Q3,September,Saturday,CUST21024,Karan Iyer,33,Young Adult,Other,West,Pune,Electronics,Camera,2,79639.72,0.34,Very High,134225.29,9%,11600.84,87.92,Net Banking,3,FALSE,Delivered,4
ORD-01177,06/10/2021,2021,Q4,October,Wednesday,CUST30988,Nikhil Kumar,18,Young Adult,Male,South,Chennai,Clothing,T-Shirt,1,1289.4,0.33,Very High,1062.19,38%,406.18,102.55,UPI,3,FALSE,Delivered,
ORD-00048,19/01/2020,2020,Q1,January,Sunday,CUST66040,Amit Chatterjee,39,Adult,Female,West,Surat,Furniture,Wardrobe,2,27360.86,0.37,Very High,23527.01,29%,6855.56,58.81,UPI,4,FALSE,Cancelled,4
ORD-00606,26/09/2020,2020,Q3,September,Saturday,CUST28576,Rohan Singh,41,Adult,Female,South,Bangalore,Books,Cook Book,7,1438.1,0.3,High,6674.12,45%,3006.9,76.06,Credit Card,,FALSE,Delivered,3
ORD-03939,26/08/2024,2024,Q3,August,Monday,CUST03602,Aarav Bose,15,Child & Teen,Male,South,Kochi,Furniture,Bookshelf,2,29932.19,,,83916.22,38%,32124.06,76.91,Net Banking,2,TRUE,Returned,10
ORD-03994,20/09/2024,2024,Q3,September,Friday,CUST52703,Nisha Iyer,36,Adult,Other,East,Patna,Beauty,Sunscreen,3,1494.83,0.26,High,3664.34,60%,2210.93,96.38,Net Banking,1,FALSE,Delivered,8
ORD-00673,31/10/2020,2020,Q4,October,Saturday,CUST95082,Pooja Pillai,47,Adult,Female,South,Kochi,Furniture,Bookshelf,6,14372.23,0.35,Very High,39890.37,23%,9362.87,62.14,Cash on Delivery,1,FALSE,Cancelled,1
ORD-00488,08/03/2020,2020,Q1,March,Sunday,CUST37691,Vikram Iyer,6,Child & Teen,Female,West,Pune,Groceries,Dal (1kg),5,237.36,0.18,Medium,1026.71,7%,69.95,52.18,EMI,3,FALSE,Delivered,9
ORD-00300,05/10/2020,2020,Q4,October,Monday,CUST03819,Aarav Sharma,33,Young Adult,Male,South,Hyderabad,Groceries,Dal (1kg),10,107.2,0.33,Very High,906.06,8%,68.75,76.37,UPI,,TRUE,Returned,5
ORD-02840,21/05/2023,2023,Q2,May,Sunday,CUST58515,Sunita Chatterjee,56,Senior,Female,North,Ludhiana,Beauty,Sunscreen,3,2042.61,0.3,High,6276.07,31%,1964,43.44,Credit Card,4,TRUE,Returned,7
ORD-03537,16/03/2024,2024,Q1,March,Saturday,CUST44168,Sunita Shah,27,Young Adult,Male,North,Ludhiana,Sports,Football,3,7222.19,0.14,Medium,26770.77,17%,4462.69,53.66,UPI,4,TRUE,Returned,10
ORD-02383,28/10/2022,2022,Q4,October,Friday,CUST86276,Aarav Chatterjee,33,Young Adult,Female,North,Chandigarh,Beauty,Sunscreen,5,240.15,0.22,High,946.09,46%,433.08,72.99,Cash on Delivery,3,FALSE,Delivered,2
ORD-01930,05/03/2022,2022,Q1,March,Saturday,CUST18686,Nisha Nair,31,Young Adult,Male,West,Pune,Electronics,Smartwatch,6,38455.1,0.3,High,229987.15,14%,31419.38,73.75,Credit Card,,FALSE,Delivered,10
ORD-03183,10/08/2023,2023,Q3,August,Thursday,CUST13349,Rohan Pillai,32,Young Adult,Other,South,Bangalore,Furniture,Bookshelf,5,12843.58,0.22,High,54184.88,21%,11377.39,67.77,Debit Card,5,TRUE,Returned,4
ORD-02855,28/05/2023,2023,Q2,May,Sunday,CUST40126,Vikram Bhat,35,Young Adult,Male,South,Hyderabad,Books,Comic Book,7,1017.23,0.04,Low,11341.51,46%,5245.65,86.02,Debit Card,5,FALSE,Delivered,3
ORD-03256,11/06/2023,2023,Q2,June,Sunday,CUST28145,Kavya Nair,56,Senior,Other,East,Bhubaneswar,Groceries,Flour,10,220.19,0.34,Very High,1171.24,10%,111.88,89.4,EMI,5,FALSE,Delivered,9
ORD-00107,02/10/2020,2020,Q4,October,Friday,CUST65665,Aarav Reddy,42,Adult,Male,North,Chandigarh,Books,Fiction Novel,6,1324.58,0.04,Low,5636.59,38%,2151.68,32.81,Net Banking,1,FALSE,Delivered,5
ORD-00607,28/09/2020,2020,Q3,September,Monday,CUST28390,Nikhil Bose,26,Young Adult,Other,North,Delhi,Beauty,Face Cream,8,2212.58,0.27,High,13305.74,64%,8573.91,56.29,UPI,,FALSE,Delivered,1
ORD-02533,01/04/2023,2023,Q2,April,Saturday,CUST12043,Vikram Patel,35,Young Adult,Female,West,Mumbai,Beauty,Lipstick,6,2135.86,0.17,Medium,10370.78,51%,5319.35,62.28,UPI,2,FALSE,Delivered,8
ORD-01222,07/06/2021,2021,Q2,June,Monday,CUST75358,Ritu Kapoor,48,Adult,Female,West,Pune,Groceries,Flour,,207.03,0.1,Low,234.91,8%,17.95,59.41,Net Banking,3,FALSE,Delivered,3
ORD-03974,09/10/2024,2024,Q4,October,Wednesday,CUST86540,Pooja Singh,38,Adult,Female,South,Hyderabad,Clothing,Saree,2,3110.73,0.31,Very High,5626.31,48%,2678.85,48.57,Cash on Delivery,2,FALSE,Delivered,3
ORD-03165,10/01/2023,2023,Q1,January,Tuesday,CUST41533,Sunita Iyer,4,Child & Teen,Male,East,Guwahati,Clothing,Saree,9,2536.02,0.14,Medium,21413.39,26%,5628.93,110.12,Net Banking,3,FALSE,Delivered,8
ORD-00079,29/01/2020,2020,Q1,January,Wednesday,CUST80503,Sunita Bhat,32,Young Adult,Other,Central,Raipur,Books,Biography,10,1068.22,0.28,High,6120.48,32%,1959.21,71.19,Net Banking,5,FALSE,Delivered,10
ORD-00032,01/12/2020,2020,Q4,December,Tuesday,CUST11636,Deepa Rao,33,Young Adult,Female,South,Chennai,Clothing,Jacket,5,982.12,0.14,Medium,3024.95,49%,1479.25,87.03,Debit Card,1,FALSE,Cancelled,6
ORD-02726,28/03/2023,2023,Q1,March,Tuesday,CUST09504,Sunita Kumar,,,Other,West,Mumbai,Groceries,Dal (1kg),6,66.94,0.24,High,432.75,10%,44.13,58.7,Cash on Delivery,2,TRUE,Returned,8
ORD-03946,28/08/2024,2024,Q3,August,Wednesday,CUST42531,Deepa Das,43,Adult,Male,West,Pune,Furniture,Bookshelf,5,10461.44,0.36,Very High,47377.21,21%,9996.02,42.47,Debit Card,3,FALSE,Delivered,8
ORD-02717,23/03/2023,2023,Q1,March,Thursday,CUST63078,Arjun Mehta,43,Adult,Other,North,Delhi,Furniture,Sofa,10,19976.93,,,225188.99,33%,74873.4,56.52,UPI,4,FALSE,Delivered,
ORD-01735,02/09/2022,2022,Q3,September,Friday,CUST25514,Nikhil Bhat,49,Adult,Male,North,Ludhiana,Electronics,Headphones,6,56561.21,0.28,High,224338.28,13%,29151.1,44.91,EMI,3,FALSE,Pending,6
ORD-00390,15/06/2020,2020,Q2,June,Monday,CUST27791,Karan Patel,36,Adult,Male,West,Ahmedabad,Electronics,Headphones,,75995.31,0.07,Low,97596.74,13%,12634.7,57.66,Net Banking,2,FALSE,Delivered,6
ORD-02136,27/07/2022,2022,Q3,July,Wednesday,CUST11127,Karan Singh,2,Child & Teen,Female,East,Kolkata,Furniture,Bed Frame,2,31495.21,0.33,Very High,64795.12,37%,24291.07,75.12,Cash on Delivery,2,FALSE,Delivered,2
ORD-00045,18/01/2020,2020,Q1,January,Saturday,CUST28149,Amit Nair,35,Young Adult,Male,West,Ahmedabad,Beauty,Sunscreen,4,1072.98,0.33,Very High,2172.24,34%,728.67,54.1,Net Banking,2,FALSE,delivered,8
ORD-01988,28/05/2022,2022,Q2,May,Saturday,CUST56529,Sunita Bose,29,Young Adult,Other,Central,Bhopal,Sports,Yoga Mat,3,1982.04,0.26,High,6584.46,27%,1776.74,74.51,Net Banking,1,TRUE,Returned,2
ORD-01960,16/05/2022,2022,Q2,May,Monday,CUST87825,Karan Kumar,35,Young Adult,Female,South,Chennai,Groceries,Tea,4,88.31,0.38,Very High,308.15,9%,28.01,51.4,EMI,3,TRUE,Returned,5
ORD-02327,10/07/2022,2022,Q3,July,Sunday,CUST19975,Priya Kumar,23,Young Adult,Other,Central,Raipur,Furniture,Chair,8,14019.33,0.14,Medium,89382.21,29%,25883.45,54.76,Cash on Delivery,5,FALSE,Cancelled,4
ORD-03030,08/04/2023,2023,Q2,April,Saturday,CUST86844,Pooja Iyer,28,Young Adult,Male,Central,Indore,Clothing,Saree,9,3487.12,0.33,Very High,31127.41,34%,10643.66,62.57,Cash on Delivery,4,FALSE,Delivered,7
ORD-03531,14/03/2024,2024,Q1,March,Thursday,CUST79922,Arjun Joshi,25,Young Adult,Other,Central,Raipur,Beauty,Shampoo,7,140.28,0.09,Low,1117.68,45%,498.94,53.41,Debit Card,1,FALSE,Shipped,3
ORD-00708,19/11/2020,2020,Q4,November,Thursday,CUST56942,Deepa Kumar,4,Child & Teen,Other,West,Ahmedabad,Books,Biography,2,1299.05,0.27,High,1164.72,44%,514.4,72.21,Net Banking,4,FALSE,Delivered,10
ORD-00811,01/07/2021,2021,Q3,July,Thursday,CUST59025,Ananya Bose,35,Young Adult,Female,West,Pune,Sports,Cricket Bat,9,14339.86,0.04,Low,107237.51,26%,27378.18,59.88,Cash on Delivery,5,FALSE,Delivered,7
ORD-02632,15/02/2023,2023,Q1,February,Wednesday,CUST24212,Nikhil Joshi,44,Adult,Male,Central,Indore,Books,Biography,,488.16,0.06,Low,418.25,47%,197.75,62.93,EMI,2,FALSE,Delivered,7
ORD-03666,13/05/2024,2024,Q2,May,Monday,CUST44030,Aditya Sharma,19,Young Adult,Female,North,Amritsar,Clothing,Dress,1,1396.08,0.02,Low,2286.71,36%,826.31,32.4,Credit Card,2,FALSE,Delivered,4
ORD-03215,22/10/2023,2023,Q4,October,Sunday,CUST12249,Vikram Bhat,21,Young Adult,Male,North,Delhi,Sports,Football,7,3704.66,0.33,Very High,18963.56,20%,3880.05,61.03,EMI,3,FALSE,Delivered,10
ORD-03132,15/09/2023,2023,Q3,September,Friday,CUST70495,Rahul Reddy,4,Child & Teen,Other,Central,Bhopal,Books,Self-Help Book,3,662.97,0.22,High,1602.1,43%,682.08,60.4,UPI,3,FALSE,Delivered,8
ORD-02586,29/01/2023,2023,Q1,January,Sunday,CUST42525,Kavya Patel,25,Young Adult,Female,West,Ahmedabad,Beauty,Shampoo,,633.38,0.04,Low,637.16,48%,306.98,63.48,EMI,4,FALSE,Delivered,7
ORD-04103,16/11/2024,2024,Q4,November,Saturday,CUST86891,Sanjay Mehta,53,Adult,Female,North,Delhi,Sports,Tennis Racket,6,6418.63,0.12,Medium,31683.87,21%,6743.34,60.52,Credit Card,3,FALSE,Delivered,5
ORD-03116,09/08/2023,2023,Q3,August,Wednesday,CUST84463,Arjun Chatterjee,14,Child & Teen,Male,Central,Raipur,Groceries,Sugar,2,120.67,,,311.53,6%,18.16,59.48,Cash on Delivery,5,FALSE,Delivered,10
ORD-00851,23/01/2021,2021,Q1,January,Saturday,CUST39419,Aditya Nair,48,Adult,Female,South,Kochi,Furniture,Bookshelf,1,6917.97,0.23,High,4191.15,38%,1571.77,96.28,EMI,5,FALSE,Delivered,5
ORD-01297,08/08/2021,2021,Q3,August,Sunday,CUST93424,Aditya Kapoor,33,Young Adult,Male,South,Kochi,Clothing,Dress,9,1576.8,0.31,Very High,14192.8,50%,7027.01,63.25,UPI,2,FALSE,Delivered,6
ORD-04065,28/10/2024,2024,Q4,October,Monday,CUST38659,Aditya Kapoor,45,Adult,Female,East,Patna,Electronics,Camera,1,60978.4,0.18,Medium,58454.57,8%,4430.27,89.37,Cash on Delivery,3,FALSE,Delivered,
ORD-01732,02/08/2022,2022,Q3,August,Tuesday,CUST51801,Shreya Gupta,18,Young Adult,Male,South,Bangalore,Books,Fiction Novel,999,709.64,0.16,Medium,533420.31,26%,141347.64,82.77,Debit Card,2,TRUE,Returned,2
ORD-00258,23/04/2020,2020,Q2,April,Thursday,CUST53446,Pooja Patel,25,Young Adult,Male,East,Kolkata,Books,Fiction Novel,8,885.34,,,7887.35,56%,4410.62,92.67,EMI,3,FALSE,Delivered,10
ORD-03737,17/06/2024,2024,Q2,June,Monday,CUST37666,Ananya Shah,39,Adult,Other,West,Pune,Beauty,Perfume,1,1139.19,0.02,Low,2138.54,45%,958.64,47.9,EMI,2,FALSE,Delivered,6
ORD-03105,09/04/2023,2023,Q2,April,Sunday,CUST41278,Amit Singh,4,Child & Teen,Female,West,Surat,Clothing,T-Shirt,10,3436.98,0.13,Medium,36428.87,35%,12821.7,64.09,Net Banking,4,FALSE,Delivered,8
ORD-02816,05/08/2023,2023,Q3,August,Saturday,CUST17433,Aarav Reddy,32,Young Adult,Female,North,Chandigarh,Furniture,Desk,9,16799.04,0.32,Very High,158612.18,25%,38942.27,38.06,Net Banking,1,TRUE,Returned,
ORD-01067,27/04/2021,2021,Q2,April,Tuesday,CUST21073,Ananya Gupta,28,Young Adult,Female,Central,Nagpur,Electronics,Headphones,8,55099.88,0.08,Low,534701.88,12%,62826.35,64.28,UPI,5,FALSE,Cancelled,2
ORD-01706,30/01/2022,2022,Q1,January,Sunday,CUST04976,Meera Kumar,49,Adult,Male,East,Guwahati,Books,Fiction Novel,7,367.79,0.06,Low,2017.48,40%,811.84,81.31,Cash on Delivery,,FALSE,Shipped,8
ORD-02419,11/11/2022,2022,Q4,November,Friday,CUST71186,Ananya Chatterjee,3,Child & Teen,Male,Central,Nagpur,Sports,Cycle,2,9107.15,0.1,Low,14915.74,22%,3305.13,61.84,Cash on Delivery,1,FALSE,Delivered,1
ORD-01646,01/04/2022,2022,Q2,April,Friday,CUST16475,Nisha Reddy,37,Adult,Male,Central,Nagpur,Beauty,Face Cream,8,2293.23,0.01,Low,15979.96,49%,7902.58,42.27,EMI,3,FALSE,Delivered,2
ORD-02927,20/06/2023,2023,Q2,June,Tuesday,CUST53444,Nisha Mehta,38,Adult,Female,West,Mumbai,Sports,Tennis Racket,10,12849.18,0.17,Medium,162026.24,34%,55613.66,50.59,UPI,1,TRUE,Returned,6
ORD-00703,15/11/2020,2020,Q4,November,Sunday,CUST23905,Vikram Joshi,27,Young Adult,Female,West,Ahmedabad,Beauty,Face Cream,8,577.09,0.31,Very High,1937.2,39%,752.28,44.38,EMI,3,FALSE,Delivered,3
ORD-00719,24/11/2020,2020,Q4,November,Tuesday,CUST77326,Deepa Sharma,41,Adult,Female,North,Delhi,Furniture,Wardrobe,5,13802.21,0.01,Low,49453.99,23%,11156.02,53.42,Net Banking,4,FALSE,Delivered,2
ORD-02689,13/03/2023,2023,Q1,March,Monday,CUST30478,Shreya Kapoor,39,Adult,Female,West,Ahmedabad,Sports,Dumbbells,5,7209.98,0.1,Low,44585.53,14%,6266.72,101.5,Net Banking,3,FALSE,Delivered,8
ORD-03636,30/04/2024,2024,Q2,April,Tuesday,CUST94587,Vikram Singh,5,Child & Teen,Male,South,Chennai,Electronics,Laptop,8,29438.87,0.27,High,265801.33,7%,17629.48,66.34,EMI,2,FALSE,Delivered,10
ORD-04174,19/12/2024,2024,Q4,December,Thursday,CUST60428,Deepa Pillai,17,Child & Teen,Other,South,Kochi,Furniture,Bed Frame,5,22094.81,0.05,Low,95653.07,34%,32975.78,89.18,Net Banking,3,FALSE,Delivered,3
ORD-03142,20/09/2023,2023,Q3,September,Wednesday,CUST26022,Rahul Bose,27,Young Adult,Other,Central,Raipur,Electronics,Smartwatch,,21332.99,0.06,Low,21555.19,10%,2209.49,64.82,Net Banking,4,FALSE,Delivered,5
ORD-03076,21/08/2023,2023,Q3,August,Monday,CUST49954,Shreya Iyer,37,Adult,Other,West,Ahmedabad,Sports,Yoga Mat,8,11625.18,0.01,Low,129797.26,23%,30345.04,35.4,Cash on Delivery,1,TRUE,Returned,10
ORD-02882,06/03/2023,2023,Q1,March,Monday,CUST50309,Deepa Joshi,32,Young Adult,Male,Central,Indore,Beauty,Lipstick,6,458.32,0.39,Very High,2879.46,57%,1655.48,66.8,UPI,5,FALSE,Delivered,4
ORD-04023,10/11/2024,2024,Q4,November,Sunday,CUST25803,Pooja Patel,3,Child & Teen,Other,South,Chennai,Electronics,Headphones,9,59350.94,0.39,Very High,398128.01,12%,49023.97,67.32,Credit Card,2,FALSE,Pending,3
ORD-03957,09/03/2024,2024,Q1,March,Saturday,CUST42062,Pooja Joshi,33,Young Adult,Other,Central,Bhopal,Groceries,Flour,3,428.57,0.38,Very High,1124.8,9%,97.77,52.97,EMI,4,FALSE,Cancelled,6
ORD-03482,22/02/2024,2024,Q1,February,Thursday,CUST84959,Pooja Verma,24,Young Adult,Other,Central,Nagpur,Clothing,Saree,8,1195.52,,,11174.44,38%,4209.57,36.91,UPI,,FALSE,Delivered,9
ORD-00972,20/03/2021,2021,Q1,March,Saturday,CUST58228,Arjun Das,34,Young Adult,Male,East,Patna,Beauty,Lipstick,3,1728.65,0.09,Low,5386.67,55%,2960.24,87,Debit Card,3,FALSE,Delivered,1
ORD-03460,02/09/2024,2024,Q3,September,Monday,CUST25321,Rahul Pillai,32,Young Adult,Other,Central,Indore,Clothing,Kurta,7,1122.22,0.17,Medium,7195.72,36%,2557.08,47.28,Cash on Delivery,5,FALSE,Delivered,8
ORD-02189,14/08/2022,2022,Q3,August,Sunday,CUST72195,Rahul Shah,39,Adult,Male,East,Guwahati,Beauty,Lipstick,6,553.63,0.36,Very High,2469.37,28%,684.81,53.3,Debit Card,5,FALSE,shipped,4
ORD-00231,04/11/2020,2020,Q4,November,Wednesday,CUST27455,Ritu Bose,29,Young Adult,Female,East,Kolkata,Books,Self-Help Book,3,859.03,0.07,Low,3048.93,49%,1479.26,81.27,UPI,4,FALSE,Delivered,7
ORD-03591,04/10/2024,2024,Q4,October,Friday,CUST08962,Vikram Pillai,48,Adult,Other,North,Ludhiana,Groceries,Cooking Oil,4,266.5,0.2,Medium,1241.25,5%,67.67,73.91,Net Banking,4,TRUE,Returned,8
ORD-00954,03/10/2021,2021,Q4,October,Sunday,CUST75813,Aditya Singh,21,Young Adult,Male,South,Chennai,Furniture,Chair,5,10002.31,0.4,Very High,30147.32,24%,7265.89,45.96,Cash on Delivery,1,FALSE,Pending,6
ORD-02240,09/04/2022,2022,Q2,April,Saturday,CUST70797,Sunita Bhat,2,Child & Teen,Female,North,Delhi,Furniture,Sofa,3,18846.39,0.36,Very High,38600,29%,11313.95,56.75,Cash on Delivery,5,FALSE,Delivered,4
ORD-03889,08/10/2024,2024,Q4,October,Tuesday,CUST81355,Rahul Singh,25,Young Adult,Male,West,Pune,Clothing,Kurta,3,2244.17,0.28,High,8279.04,29%,2388.36,62.4,Credit Card,2,FALSE,Delivered,3
ORD-01543,22/11/2021,2021,Q4,November,Monday,CUST69055,Amit Pillai,37,Adult,Female,Central,Indore,Clothing,T-Shirt,2,2623.58,0.37,Very High,2762.31,26%,713.47,62.67,Credit Card,1,TRUE,Returned,3
ORD-01216,07/03/2021,2021,Q1,March,Sunday,CUST87398,Rahul Rao,24,Young Adult,Other,North,Ludhiana,Books,Textbook,7,902.94,0.07,Low,8693.53,46%,4021.37,58.45,Debit Card,4,FALSE,Delivered,4
ORD-02143,30/07/2022,2022,Q3,July,Saturday,CUST46675,Pooja Rao,12,Child & Teen,Male,Central,Bhopal,Electronics,Headphones,10,30900.53,0.18,Medium,388463.02,10%,37366.2,64.67,EMI,1,TRUE,Returned,6
ORD-01621,26/12/2021,2021,Q4,December,Sunday,CUST91294,Karan Kumar,32,Young Adult,Female,South,Bangalore,Books,Self-Help Book,8,1023.77,0.35,Very High,4221.36,38%,1605.93,33.93,Credit Card,2,FALSE,Cancelled,4
ORD-04182,24/12/2024,2024,Q4,December,Tuesday,CUST64358,Deepa Chatterjee,38,Adult,Other,North,Ludhiana,Groceries,Flour,9,65.35,0,No Discount,550.67,9%,52.12,35.68,Net Banking,5,FALSE,Delivered,
ORD-00437,07/10/2020,2020,Q4,October,Wednesday,CUST55232,Rahul Nair,4,Child & Teen,Male,South,Hyderabad,Beauty,Shampoo,5,1799.48,0.27,High,7877.59,44%,3429.6,68.34,UPI,,FALSE,Delivered,2
ORD-01604,16/12/2021,2021,Q4,December,Thursday,CUST18532,Deepa Kumar,33,Young Adult,Other,South,Kochi,Clothing,Jacket,6,2208.63,0.22,High,8220.71,32%,2656.63,50.49,Credit Card,,FALSE,Delivered,1
ORD-00821,01/11/2021,2021,Q4,November,Monday,CUST07868,Aarav Pillai,34,Young Adult,Other,North,Chandigarh,Groceries,Flour,4,249.86,0.17,Medium,572.04,9%,50.92,67.97,Credit Card,5,FALSE,Delivered,3
ORD-03794,07/07/2024,2024,Q3,July,Sunday,CUST94259,Ritu Patel,45,Adult,Other,East,Patna,Beauty,Sunscreen,5,1542.35,0.39,Very High,8050.97,35%,2791.48,68,UPI,3,FALSE,Delivered,
ORD-00282,05/05/2020,2020,Q2,May,Tuesday,CUST51993,Ritu Kapoor,53,Adult,Other,East,Bhubaneswar,Beauty,Hair Oil,3,842.68,0.35,Very High,2239.49,32%,716.54,89.81,UPI,4,FALSE,Delivered,10
ORD-01982,26/05/2022,2022,Q2,May,Thursday,CUST60037,Shreya Singh,45,Adult,Other,South,Chennai,Books,Cook Book,2,567.24,0.14,Medium,1366.97,40%,547.22,86.26,Net Banking,4,FALSE,Delivered,3
ORD-01249,17/07/2021,2021,Q3,July,Saturday,CUST24069,Vikram Chatterjee,58,Senior,Female,North,Ludhiana,Sports,Dumbbells,10,4548.04,0.13,Medium,54271.82,26%,14354.18,56.47,UPI,2,FALSE,Delivered,10
ORD-01494,11/02/2021,2021,Q1,February,Thursday,CUST49312,Shreya Das,34,Young Adult,Other,North,Amritsar,Sports,Cycle,6,4549.08,0.16,Medium,21213.25,13%,2811.21,61.26,Cash on Delivery,2,FALSE,Shipped,9
ORD-03255,11/06/2023,2023,Q2,June,Sunday,CUST68003,Pooja Nair,38,Adult,Other,North,Amritsar,Electronics,Smartphone,7,45852.67,0.17,Medium,273026.12,11%,30112.39,26.23,EMI,3,FALSE,Delivered,6
ORD-03287,19/11/2023,2023,Q4,November,Sunday,CUST45543,Arjun Gupta,5,Child & Teen,Male,North,Amritsar,Groceries,Dal (1kg),1,430.64,0.35,Very High,270.6,9%,25.24,54.23,Credit Card,2,FALSE,Delivered,4
ORD-01027,04/10/2021,2021,Q4,October,Monday,CUST39229,Rohan Iyer,39,Adult,Male,South,Hyderabad,Books,Fiction Novel,7,790.89,0.23,High,5121.1,46%,2369.15,74.08,Debit Card,,FALSE,Cancelled,2
ORD-02372,22/10/2022,2022,Q4,October,Saturday,CUST49286,Shreya Chatterjee,34,Young Adult,Female,Central,Bhopal,Sports,Yoga Mat,6,9589.48,0.15,Medium,48651.38,23%,11292.58,25.65,EMI,3,TRUE,Returned,2
ORD-01210,30/06/2021,2021,Q2,June,Wednesday,CUST18457,Rohan Das,35,Young Adult,Female,Central,Raipur,Furniture,Wardrobe,3,21424.67,0.06,Low,89031.36,30%,26411.55,50.15,Debit Card,4,FALSE,Delivered,100
ORD-03956,09/03/2024,2024,Q1,March,Saturday,CUST78830,Ritu Singh,36,Adult,Female,West,Ahmedabad,Furniture,Sofa,10,3353.32,0.24,High,34535.76,25%,8625.62,64.38,Credit Card,4,FALSE,Delivered,1
ORD-01136,27/05/2021,2021,Q2,May,Thursday,CUST75145,Nisha Das,29,Young Adult,Female,West,Mumbai,Beauty,Sunscreen,4,801.79,0.15,Medium,3581.26,42%,1505.99,60.89,Debit Card,5,FALSE,Delivered,5
ORD-03515,03/08/2024,2024,Q3,August,Saturday,CUST85880,Aditya Chatterjee,38,Adult,Female,Central,Nagpur,Beauty,Lipstick,9,1996.05,,,24431.83,50%,12158.15,78.33,Debit Card,4,FALSE,Delivered,9
ORD-00302,05/11/2020,2020,Q4,November,Thursday,CUST45098,Ritu Singh,,,Female,Central,Nagpur,Electronics,Smartphone,3,7852.34,0.26,High,16893.75,12%,1987.72,55.88,EMI,3,FALSE,Delivered,3
ORD-03127,09/11/2023,2023,Q4,November,Thursday,CUST95818,Meera Nair,37,Adult,Other,South,Hyderabad,Electronics,Tablet,2,73717.77,0.14,Medium,145540.46,12%,16844.1,84.06,Credit Card,4,FALSE,Delivered,7
ORD-03245,11/02/2023,2023,Q1,February,Saturday,CUST51623,Deepa Mehta,57,Senior,Male,West,Ahmedabad,Books,Textbook,8,784.92,0.2,Medium,4517.75,40%,1812.28,66.51,Net Banking,2,FALSE,Shipped,5
ORD-02263,09/11/2022,2022,Q4,November,Wednesday,CUST80227,Karan Joshi,37,Adult,Male,North,Amritsar,Groceries,Dal (1kg),3,466.4,0.19,Medium,1143.9,7%,83.86,52.43,EMI,5,FALSE,Delivered,10
ORD-00852,23/01/2021,2021,Q1,January,Saturday,CUST80007,Arjun Mishra,25,Young Adult,Other,West,Ahmedabad,Clothing,Dress,2,1329.5,0.28,High,1346.05,27%,364.15,72.34,Cash on Delivery,4,FALSE,Pending,9
ORD-02724,27/03/2023,2023,Q1,March,Monday,CUST36410,Deepa Rao,37,Adult,Male,South,Kochi,Electronics,Laptop,2,35502.95,0.33,Very High,63960.07,13%,8566.02,90.85,Credit Card,,FALSE,Delivered,9
ORD-04027,14/10/2024,2024,Q4,October,Monday,CUST22444,Meera Iyer,41,Adult,Female,North,Chandigarh,Clothing,Kurta,5,720.42,0.21,High,3357.38,29%,988.15,51.08,UPI,1,TRUE,Returned,8
ORD-00081,29/01/2020,2020,Q1,January,Wednesday,CUST60867,Deepa Sharma,,,Male,Central,Indore,Electronics,Laptop,9,61637.72,0.29,High,298694.87,10%,29985.13,20.79,EMI,4,FALSE,Cancelled,5
ORD-00884,02/03/2021,2021,Q1,March,Tuesday,CUST13555,Aarav Kapoor,54,Adult,Other,North,Delhi,Furniture,Bed Frame,6,32916.71,0.08,Low,176331.64,28%,48719.54,48.18,Debit Card,5,FALSE,Delivered,3
ORD-01962,16/05/2022,2022,Q2,May,Monday,CUST39536,Sunita Rao,53,Adult,Female,North,Ludhiana,Books,Cook Book,6,308.33,0.17,Medium,2120.28,41%,875.63,48.94,Credit Card,4,FALSE,delivered,5
ORD-03308,12/01/2023,2023,Q1,January,Thursday,CUST41593,Sanjay Bose,24,Young Adult,Other,Central,Raipur,Furniture,Chair,10,23621.89,0.03,Low,192313.69,29%,56375.97,73.91,UPI,2,FALSE,Delivered,2
ORD-03542,19/03/2024,2024,Q1,March,Tuesday,CUST99848,Nisha Chatterjee,15,Child & Teen,Other,North,Delhi,Books,Fiction Novel,1,886.23,0.09,Low,1242.55,39%,479.18,71.07,Credit Card,2,FALSE,Delivered,2
ORD-00980,22/03/2021,2021,Q1,March,Monday,CUST55402,Arjun Patel,43,Adult,Female,East,Guwahati,Sports,Yoga Mat,4,9423.81,0.4,Very High,23341.98,17%,3961.16,92.67,EMI,5,FALSE,Delivered,1
ORD-02627,14/02/2023,2023,Q1,February,Tuesday,CUST23490,Meera Reddy,29,Young Adult,Male,North,Delhi,Sports,Dumbbells,5,11924.73,0.29,High,39073.02,20%,7762.52,63.8,UPI,2,FALSE,delivered,9
ORD-02553,01/12/2023,2023,Q4,December,Friday,CUST10304,Pooja Reddy,53,Adult,Female,North,Amritsar,Groceries,Tea,1,114.17,0.1,Low,90.79,9%,8.1,44.85,EMI,4,FALSE,Delivered,9
ORD-00216,04/04/2020,2020,Q2,April,Saturday,CUST86362,Rahul Bose,44,Adult,Male,West,Surat,Clothing,Jacket,1,1784.28,0.07,Low,2034.49,27%,543.72,26.17,Debit Card,3,FALSE,Delivered,10
ORD-03247,11/04/2023,2023,Q2,April,Tuesday,CUST92610,Rahul Chatterjee,36,Adult,Other,North,Delhi,Beauty,Perfume,7,2068.81,0.28,High,7932.49,44%,3524.81,40.22,Credit Card,2,FALSE,Shipped,5
ORD-00839,19/01/2021,2021,Q1,January,Tuesday,CUST85913,Pooja Pillai,31,Young Adult,Male,South,Chennai,Furniture,Bookshelf,6,2676.31,0.08,Low,10381.04,31%,3229.7,70.15,Net Banking,1,FALSE,shipped,10
ORD-03063,17/08/2023,2023,Q3,August,Thursday,CUST46790,Nikhil Rao,14,Child & Teen,Female,East,Kolkata,Furniture,Bookshelf,2,12069,0.33,Very High,20925.93,29%,6044.5,67,Debit Card,5,FALSE,Pending,6
ORD-03985,14/09/2024,2024,Q3,September,Saturday,CUST56825,Nisha Das,41,Adult,Other,South,Hyderabad,Electronics,Camera,1,39155.85,0.34,Very High,30626,13%,4110.35,83.36,Credit Card,4,TRUE,Returned,9
ORD-01915,27/04/2022,2022,Q2,April,Wednesday,CUST50959,Rahul Kapoor,35,Young Adult,Male,North,Chandigarh,Sports,Dumbbells,8,13974.28,0.21,High,125535.27,21%,26988.18,63.87,UPI,4,FALSE,Pending,3
ORD-02706,17/03/2023,2023,Q1,March,Friday,CUST55586,Karan Singh,25,Young Adult,Other,East,Kolkata,Clothing,T-Shirt,3,3828.11,0.2,Medium,10968.02,34%,3716.33,90.35,Cash on Delivery,4,FALSE,Delivered,7
ORD-01687,22/01/2022,2022,Q1,January,Saturday,CUST88552,Vikram Singh,48,Adult,Male,West,Mumbai,Beauty,Face Cream,9,2217.86,0.24,High,11510.54,55%,6314.77,50.57,Net Banking,3,FALSE,Delivered,3
ORD-01530,18/11/2021,2021,Q4,November,Thursday,CUST71272,Shreya Verma,1,Child & Teen,Female,Central,Indore,Books,Biography,10,585.04,0.23,High,3609.86,49%,1772.37,44.39,Credit Card,2,FALSE,Delivered,10
ORD-00635,10/11/2020,2020,Q4,November,Tuesday,CUST99442,Priya Singh,15,Child & Teen,Male,Central,Raipur,Beauty,Lipstick,5,453.47,0.26,High,1615.85,44%,704.58,30.43,Net Banking,1,FALSE,Delivered,6
ORD-03013,28/07/2023,2023,Q3,July,Friday,CUST43350,Karan Bose,47,Adult,Male,North,Delhi,Books,Fiction Novel,1,657.4,,,1050.25,41%,432.13,66.82,UPI,5,FALSE,Delivered,8
ORD-03561,27/03/2024,2024,Q1,March,Wednesday,CUST09606,Karan Kapoor,26,Young Adult,Female,West,Pune,Sports,Tennis Racket,1,13730.08,0.33,Very High,11658.53,22%,2595.3,49.66,UPI,2,TRUE,Returned,5
ORD-03475,17/02/2024,2024,Q1,February,Saturday,CUST36492,Arjun Chatterjee,51,Adult,Other,Central,Nagpur,Electronics,Camera,3,18251.7,0.04,Low,57280.67,13%,7183.26,47.7,EMI,3,FALSE,delivered,10
ORD-03639,30/04/2024,2024,Q2,April,Tuesday,CUST46406,Ananya Das,44,Adult,Male,West,Mumbai,Beauty,Shampoo,1,1276.89,0.14,Medium,1679.21,45%,753.07,91.51,UPI,2,FALSE,Delivered,1
ORD-04067,29/10/2024,2024,Q4,October,Tuesday,CUST49069,Ritu Iyer,43,Adult,Female,North,Amritsar,Clothing,Jacket,2,899.53,0.23,High,1788.88,29%,523.65,68.44,Cash on Delivery,5,FALSE,Shipped,10
ORD-01539,20/11/2021,2021,Q4,November,Saturday,CUST68441,Aditya Shah,52,Adult,Male,South,Hyderabad,Books,Comic Book,2,1067.13,0.35,Very High,1180.61,41%,481.98,91.57,Debit Card,2,FALSE,Delivered,10
ORD-01254,19/07/2021,2021,Q3,July,Monday,CUST21375,Aditya Joshi,38,Adult,Female,East,Guwahati,Electronics,Camera,10,14508.42,0.2,Medium,157988.2,12%,19642.09,83.47,Cash on Delivery,1,FALSE,Delivered,8
ORD-00426,07/08/2020,2020,Q3,August,Friday,CUST45896,Shreya Chatterjee,29,Young Adult,Male,Central,Bhopal,Beauty,Sunscreen,9,267.99,0.08,Low,2666.59,44%,1181.37,39.67,Net Banking,1,FALSE,Cancelled,4
ORD-03000,23/07/2023,2023,Q3,July,Sunday,CUST14868,Shreya Joshi,32,Young Adult,Other,South,Chennai,Sports,Cycle,7,12914.01,0.22,High,122070.77,20%,24152.84,53.5,EMI,4,FALSE,Delivered,7
ORD-04007,27/09/2024,2024,Q3,September,Friday,CUST26263,Arjun Singh,15,Child & Teen,Male,South,Hyderabad,Books,Self-Help Book,4,1464.19,0.04,Low,7046.17,44%,3076.89,76.93,EMI,4,FALSE,Delivered,8
ORD-00230,04/10/2020,2020,Q4,October,Sunday,CUST62810,Meera Kumar,31,Young Adult,Female,North,Delhi,Sports,Football,6,13425.83,0.09,Low,83316.58,17%,14180.23,54.3,Net Banking,5,FALSE,Delivered,8
ORD-02318,10/04/2022,2022,Q2,April,Sunday,CUST67509,Vikram Pillai,32,Young Adult,Male,South,Hyderabad,Furniture,Bed Frame,3,18611.53,0.04,Low,52590.42,26%,13887.81,99.49,Debit Card,3,FALSE,Delivered,4
ORD-04055,25/10/2024,2024,Q4,October,Friday,CUST17101,Nikhil Bhat,3,Child & Teen,Female,South,Kochi,Electronics,Smartwatch,9,7482.02,0.01,Low,79475.61,12%,9278.45,68.05,Debit Card,,TRUE,Returned,10
ORD-03090,28/08/2023,2023,Q3,August,Monday,CUST80368,Sunita Das,63,Senior,Male,Central,Indore,Sports,Dumbbells,8,12368.25,0.22,High,109073.66,18%,19645.66,21.52,Cash on Delivery,,FALSE,Delivered,1
ORD-02152,08/02/2022,2022,Q1,February,Tuesday,CUST59332,Nikhil Chatterjee,33,Young Adult,Female,East,Patna,Beauty,Hair Oil,8,1706.51,,,20065.84,32%,6411.9,85.58,Cash on Delivery,,FALSE,Delivered,2
ORD-01327,18/08/2021,2021,Q3,August,Wednesday,CUST26929,Rohan Kapoor,25,Young Adult,Female,East,Guwahati,Books,Textbook,6,729.34,0.04,Low,5901.9,47%,2786.64,104.25,Net Banking,5,FALSE,Delivered,3
ORD-01206,29/06/2021,2021,Q2,June,Tuesday,CUST64199,Rahul Chatterjee,,,Female,North,Chandigarh,Sports,Dumbbells,7,10917.25,0.27,High,71889.86,21%,15066.86,40.78,Cash on Delivery,3,FALSE,Delivered,
ORD-03569,29/03/2024,2024,Q1,March,Friday,CUST54474,Nisha Das,38,Adult,Male,South,Kochi,Electronics,Camera,3,12872.17,0.07,Low,43511.94,13%,5535.12,64.47,Debit Card,2,TRUE,Returned,1
ORD-00877,02/01/2021,2021,Q1,January,Saturday,CUST26337,Aarav Bhat,32,Young Adult,Male,West,Mumbai,Groceries,Dal (1kg),1,50.26,0.13,Medium,39.45,4%,1.56,76.23,Debit Card,1,FALSE,Delivered,7
ORD-00475,28/07/2020,2020,Q3,July,Tuesday,CUST88974,Arjun Reddy,48,Adult,Other,East,Patna,Clothing,Saree,6,3799.36,0.28,High,19572.07,30%,5911.72,88.51,Net Banking,3,FALSE,Shipped,5
ORD-01480,26/10/2021,2021,Q4,October,Tuesday,CUST85847,Ananya Das,47,Adult,Male,North,Ludhiana,Clothing,Jacket,7,1774.08,0.21,High,8124.61,40%,3210.86,46.79,Net Banking,1,FALSE,Delivered,3
ORD-01053,21/04/2021,2021,Q2,April,Wednesday,CUST27057,Arjun Pillai,58,Senior,Other,West,Mumbai,Furniture,Wardrobe,3,10104.68,0.39,Very High,21793.75,31%,6667.44,61.07,Net Banking,5,TRUE,Returned,10
ORD-00570,09/10/2020,2020,Q4,October,Friday,CUST24704,Kavya Iyer,47,Adult,Other,South,Chennai,Sports,Cricket Bat,1,13770.41,0.07,Low,14059.26,19%,2621.88,56.12,UPI,1,FALSE,Cancelled,7
ORD-00106,02/10/2020,2020,Q4,October,Friday,CUST55820,Deepa Reddy,24,Young Adult,Other,West,Pune,Books,Comic Book,1,747.6,0.35,Very High,467.87,40%,188.11,49.6,Debit Card,1,FALSE,Delivered,9
ORD-02202,17/08/2022,2022,Q3,August,Wednesday,CUST31801,Karan Joshi,25,Young Adult,Male,East,Patna,Groceries,Dal (1kg),5,51.58,0.3,High,237.06,10%,24.71,82.67,Credit Card,2,TRUE,Returned,6
ORD-03436,29/01/2024,2024,Q1,January,Monday,CUST95683,Nikhil Kapoor,42,Adult,Other,North,Amritsar,Electronics,Laptop,1,74101.95,0.38,Very High,43145.98,13%,5536.43,47.69,EMI,,FALSE,Pending,7
ORD-00254,22/04/2020,2020,Q2,April,Wednesday,CUST17284,Nikhil Bhat,44,Adult,Other,West,Surat,Groceries,Rice (5kg),4,270.71,0.07,Low,1316.63,9%,117.56,77.76,Net Banking,2,FALSE,Shipped,3
ORD-01972,21/05/2022,2022,Q2,May,Saturday,CUST38989,Shreya Pillai,47,Adult,Female,West,Pune,Groceries,Rice (5kg),2,209.57,0.4,Very High,406.36,6%,24.52,47.01,EMI,3,FALSE,Delivered,8
ORD-01423,10/03/2021,2021,Q1,March,Wednesday,CUST36676,Aditya Kapoor,35,Young Adult,Male,North,Ludhiana,Groceries,Dal (1kg),6,204.17,0.32,Very High,703.05,9%,59.99,27.12,Debit Card,4,FALSE,Delivered,1
ORD-01287,08/03/2021,2021,Q1,March,Monday,CUST98013,Shreya Bose,52,Adult,Male,Central,Indore,Beauty,Lipstick,2,725.19,0.38,Very High,1066.16,57%,607.3,27.53,UPI,2,FALSE,shipped,10
ORD-02196,15/08/2022,2022,Q3,August,Monday,CUST89124,Ananya Sharma,18,Young Adult,Other,North,Amritsar,Beauty,Sunscreen,1,1639.28,0.06,Low,1994.57,57%,1129.16,33.72,Credit Card,5,FALSE,Delivered,7
ORD-03462,02/09/2024,2024,Q3,September,Monday,CUST54484,Sanjay Joshi,24,Young Adult,Other,Central,Bhopal,Furniture,Chair,8,6926.63,0.2,Medium,48142.68,19%,9087.93,44.2,Net Banking,5,FALSE,Delivered,6
ORD-03148,27/09/2023,2023,Q3,September,Wednesday,CUST35235,Meera Shah,39,Adult,Female,West,Surat,Sports,Cricket Bat,,5613.08,0.01,Low,6520.08,27%,1789.36,81.58,UPI,2,FALSE,Cancelled,3
ORD-01764,19/02/2022,2022,Q1,February,Saturday,CUST85243,Meera Mehta,34,Young Adult,Male,North,Delhi,Groceries,Tea,10,459.8,0.32,Very High,3495.22,9%,314,45.01,UPI,1,FALSE,Delivered,6
ORD-02436,22/11/2022,2022,Q4,November,Tuesday,CUST21059,Sanjay Gupta,31,Young Adult,Other,South,Bangalore,Groceries,Flour,9,51.92,0.31,Very High,278.98,9%,26.11,58.05,Debit Card,2,FALSE,Delivered,8
ORD-01313,13/08/2021,2021,Q3,August,Friday,CUST70748,Ananya Kumar,46,Adult,Male,Central,Bhopal,Electronics,Laptop,10,25085.8,0.25,High,207921.9,12%,24463.52,67.24,UPI,3,FALSE,Pending,4
ORD-03681,17/05/2024,2024,Q2,May,Friday,CUST54460,Karan Mishra,35,Young Adult,Other,South,Bangalore,Clothing,Jacket,2,2532.85,0.05,Low,6919.55,31%,2112.78,67.93,UPI,5,FALSE,Delivered,2
ORD-03671,14/05/2024,2024,Q2,May,Tuesday,CUST25446,Meera Joshi,4,Child & Teen,Other,North,Amritsar,Beauty,Perfume,9,1744.29,0.18,Medium,21619.82,38%,8141.08,64.2,Debit Card,5,FALSE,Cancelled,4
ORD-02673,03/02/2023,2023,Q1,February,Friday,CUST85212,Ananya Bhat,36,Adult,Female,South,Kochi,Furniture,Chair,7,4557.27,0.2,Medium,31187.49,29%,9092.43,65.62,UPI,,FALSE,Delivered,10
ORD-02564,16/01/2023,2023,Q1,January,Monday,CUST30884,Priya Singh,34,Young Adult,Other,East,Patna,Clothing,Dress,1,3320.34,0.13,Medium,2592.3,43%,1110.93,91.86,Credit Card,4,FALSE,Delivered,6
ORD-02405,11/05/2022,2022,Q2,May,Wednesday,CUST00698,Nikhil Joshi,46,Adult,Female,Central,Raipur,Beauty,Face Cream,10,1470.73,0.21,High,9648.06,55%,5328.61,34.42,UPI,5,FALSE,Delivered,8
ORD-00391,15/06/2020,2020,Q2,June,Monday,CUST29649,Rahul Kapoor,42,Adult,Female,Central,Bhopal,Sports,Yoga Mat,3,13341.26,0.15,Medium,48831.45,24%,11505.37,59.51,Net Banking,5,FALSE,Delivered,1
ORD-02449,28/11/2022,2022,Q4,November,Monday,CUST58842,Aarav Iyer,16,Child & Teen,Male,West,Ahmedabad,Electronics,Smartwatch,4,78431.71,0.06,Low,265701.03,11%,29588.2,70.58,UPI,1,FALSE,Shipped,10
ORD-03813,17/07/2024,2024,Q3,July,Wednesday,CUST58830,Rahul Reddy,18,Young Adult,Other,South,Hyderabad,Sports,Tennis Racket,,2795.92,0.32,Very High,2822.44,25%,697.8,71.72,Cash on Delivery,2,FALSE,Delivered,7
ORD-03835,25/07/2024,2024,Q3,July,Thursday,CUST19222,Nikhil Reddy,59,Senior,Other,Central,Indore,Beauty,Sunscreen,4,575.06,0.02,Low,3788.19,42%,1608.33,74.42,Debit Card,2,FALSE,cancelled,7
ORD-00007,01/02/2020,2020,Q1,February,Saturday,CUST36722,Pooja Nair,4,Child & Teen,Male,West,Mumbai,Clothing,Saree,8,3870.61,0.06,Low,21825.83,42%,9142,72.61,Net Banking,1,TRUE,Returned,2
ORD-02298,24/09/2022,2022,Q3,September,Saturday,CUST36266,Ritu Verma,31,Young Adult,Other,East,Guwahati,Sports,Yoga Mat,10,4545.91,0.01,Low,55303.33,24%,13195.84,71.77,EMI,3,FALSE,Delivered,9
ORD-03553,23/03/2024,2024,Q1,March,Saturday,CUST14583,Arjun Joshi,38,Adult,Female,West,Mumbai,Electronics,Tablet,2,50847.56,0.29,High,99290.01,12%,11766.04,62.35,Debit Card,5,FALSE,Delivered,3
ORD-00661,27/10/2020,2020,Q4,October,Tuesday,CUST14505,Vikram Chatterjee,15,Child & Teen,Male,West,Surat,Beauty,Shampoo,3,1818.6,0.34,Very High,2901.08,41%,1203.53,54.2,Net Banking,5,FALSE,Delivered,8
ORD-03950,31/08/2024,2024,Q3,August,Saturday,CUST58511,Ananya Pillai,59,Senior,Female,Central,Indore,Furniture,Wardrobe,10,4875.22,0.39,Very High,49256.25,32%,15655.19,54.49,UPI,1,FALSE,Delivered,10
ORD-02353,13/10/2022,2022,Q4,October,Thursday,CUST90384,Arjun Verma,36,Adult,Female,Central,Nagpur,Furniture,Wardrobe,2,24650.72,0.23,High,33579.52,26%,8642.75,35.1,Debit Card,5,FALSE,Delivered,2
ORD-00185,23/03/2020,2020,Q1,March,Monday,CUST40829,Nikhil Bhat,37,Adult,Female,Central,Nagpur,Sports,Football,8,7246.65,0.34,Very High,43301.82,17%,7525.66,68.12,Net Banking,2,TRUE,Returned,1
ORD-02549,01/12/2023,2023,Q4,December,Friday,CUST27551,Deepa Chatterjee,48,Adult,Female,South,Bangalore,Sports,Cycle,4,13669.75,0.17,Medium,43819.54,20%,8792.51,72.71,Net Banking,3,TRUE,Returned,10
ORD-02351,13/10/2022,2022,Q4,October,Thursday,CUST84589,Ritu Joshi,55,Adult,Other,Central,Bhopal,Electronics,Tablet,10,13324.53,0.06,Low,123315.72,11%,14023.48,55.67,UPI,5,FALSE,Delivered,4
ORD-01202,26/06/2021,2021,Q2,June,Saturday,CUST40333,Sunita Verma,39,Adult,Female,East,Patna,Electronics,Smartwatch,9,72194.4,0.15,Medium,787787.19,14%,113907.22,83.94,Credit Card,3,FALSE,Delivered,5
ORD-03380,01/02/2024,2024,Q1,February,Thursday,CUST31806,Sanjay Bose,35,Young Adult,Other,East,Kolkata,Electronics,Smartphone,2,12932.65,0.1,Low,23560.5,10%,2257.37,92.17,EMI,3,TRUE,Returned,2
ORD-00274,05/01/2020,2020,Q1,January,Sunday,CUST60735,Aditya Reddy,35,Young Adult,Male,West,Surat,Clothing,Kurta,4,729.42,0.07,Low,3601.48,32%,1162.92,76.61,EMI,4,FALSE,Delivered,3
ORD-01689,23/01/2022,2022,Q1,January,Sunday,CUST51141,Kavya Verma,28,Young Adult,Female,West,Mumbai,Furniture,Wardrobe,4,9575.92,0.13,Medium,30650.77,28%,8465.15,71.9,UPI,1,FALSE,Delivered,5
ORD-01424,10/03/2021,2021,Q1,March,Wednesday,CUST12417,Sanjay Kumar,54,Adult,Other,Central,Bhopal,Clothing,Dress,2,3491.48,0.16,Medium,4903.58,22%,1061.09,82.05,Debit Card,2,FALSE,Delivered,9
ORD-02753,04/06/2023,2023,Q2,June,Sunday,CUST30170,Vikram Iyer,47,Adult,Other,North,Chandigarh,Furniture,Bookshelf,7,10705.21,0.35,Very High,75316.07,19%,14354.3,39.52,UPI,,FALSE,Delivered,6
ORD-02165,08/06/2022,2022,Q2,June,Wednesday,CUST76665,Meera Kumar,41,Adult,Other,South,Kochi,Clothing,T-Shirt,3,3296.83,0.21,High,11607.78,28%,3249.52,63.52,Cash on Delivery,3,FALSE,Pending,8
ORD-01284,08/01/2021,2021,Q1,January,Friday,CUST80616,Nisha Gupta,5,Child & Teen,Other,South,Hyderabad,Sports,Cricket Bat,9,10928.77,0.26,High,93398.29,15%,13807.62,73.25,EMI,3,FALSE,delivered,2
ORD-02416,11/09/2022,2022,Q3,September,Sunday,CUST19301,Sanjay Shah,35,Young Adult,Male,East,Patna,Sports,Tennis Racket,1,11954.34,0.15,Medium,9288.4,26%,2396.12,82.67,Net Banking,5,FALSE,Delivered,
ORD-01768,22/02/2022,2022,Q1,February,Tuesday,CUST56693,Amit Bhat,5,Child & Teen,Male,Central,Indore,Clothing,T-Shirt,7,3304.59,0.12,Medium,18587.24,45%,8409.65,54.71,Debit Card,2,FALSE,Delivered,9
ORD-02936,28/06/2023,2023,Q2,June,Wednesday,CUST18941,Ananya Mishra,3,Child & Teen,Female,South,Chennai,Groceries,Cooking Oil,9,452.13,0.25,High,4808.83,5%,248.08,97.53,Debit Card,1,TRUE,Returned,9
ORD-03817,19/07/2024,2024,Q3,July,Friday,CUST73190,Ananya Rao,55,Adult,Male,West,Mumbai,Electronics,Tablet,3,56831.24,0.19,Medium,238477.33,15%,35537.62,65.07,Net Banking,1,FALSE,Delivered,6
ORD-00828,14/01/2021,2021,Q1,January,Thursday,CUST36600,Karan Iyer,16,Child & Teen,Male,South,Kochi,Groceries,Sugar,6,322.95,0.32,Very High,1085.35,9%,97.61,72.44,Credit Card,2,FALSE,Delivered,6
ORD-02169,08/09/2022,2022,Q3,September,Thursday,CUST26086,Aarav Verma,45,Adult,Male,West,Ahmedabad,Clothing,Jeans,3,3376.07,0.07,Low,13544.47,41%,5495.51,69.6,EMI,5,FALSE,Delivered,3
ORD-02309,30/09/2022,2022,Q3,September,Friday,CUST06929,Priya Verma,24,Young Adult,Other,Central,Raipur,Furniture,Desk,3,34037.07,0.1,Low,115980.74,23%,26885.75,49.16,UPI,2,FALSE,Delivered,8
ORD-01056,22/04/2021,2021,Q2,April,Thursday,CUST25647,Meera Pillai,3,Child & Teen,Other,North,Delhi,Books,Textbook,6,1073.03,0.26,High,5286.85,37%,1947.67,45.82,Credit Card,3,TRUE,Returned,3
ORD-00981,22/03/2021,2021,Q1,March,Monday,CUST13256,Pooja Kumar,3,Child & Teen,Male,Central,Indore,Sports,Cricket Bat,1,12561.13,0.13,Medium,10989.14,23%,2498.78,68.19,Debit Card,3,FALSE,Delivered,7
ORD-03778,07/02/2024,2024,Q1,February,Wednesday,CUST84717,Amit Reddy,25,Young Adult,Other,South,Hyderabad,Furniture,Sofa,4,28275.08,0.24,High,147352.35,36%,53042.72,97.32,Cash on Delivery,2,FALSE,Delivered,2
ORD-04186,25/12/2024,2024,Q4,December,Wednesday,CUST56795,Meera Das,26,Young Adult,Other,North,Amritsar,Sports,Tennis Racket,1,5533.14,0.17,Medium,4162.69,15%,628.33,62.44,EMI,4,FALSE,Cancelled,6
ORD-02967,07/08/2023,2023,Q3,August,Monday,CUST52334,Nisha Patel,33,Young Adult,Male,South,Hyderabad,Electronics,Camera,2,56614.17,0.28,High,144440.74,16%,23219.18,57.08,Credit Card,1,FALSE,Cancelled,10
ORD-02790,22/04/2023,2023,Q2,April,Saturday,CUST65266,Arjun Mishra,54,Adult,Female,West,Mumbai,Clothing,T-Shirt,8,567.17,0.08,Low,6261.36,22%,1397.16,86.75,UPI,4,FALSE,Shipped,9
ORD-00721,25/11/2020,2020,Q4,November,Wednesday,CUST21865,Deepa Patel,38,Adult,Female,Central,Indore,Clothing,T-Shirt,3,388.2,0.11,Medium,726,40%,291.01,45.27,UPI,4,FALSE,Delivered,10
ORD-00469,26/07/2020,2020,Q3,July,Sunday,CUST18174,Meera Reddy,36,Adult,Male,North,Amritsar,Groceries,Sugar,7,118.71,0.24,High,795.47,6%,48.6,62.14,UPI,5,FALSE,Delivered,1
ORD-01859,04/01/2022,2022,Q1,January,Tuesday,CUST93119,Nisha Joshi,46,Adult,Female,West,Ahmedabad,Groceries,Cooking Oil,4,330.31,0.23,High,1343.96,11%,143.62,54.53,UPI,2,FALSE,Delivered,9
ORD-02093,07/09/2022,2022,Q3,September,Wednesday,CUST94639,Arjun Singh,33,Young Adult,Male,Central,Raipur,Groceries,Sugar,8,369.94,0.26,High,3428.74,7%,224.86,71.66,EMI,2,FALSE,Delivered,5
ORD-01778,28/02/2022,2022,Q1,February,Monday,CUST75473,Nisha Kapoor,41,Adult,Other,East,Patna,Books,Textbook,8,1067.22,0.26,High,5458.98,39%,2138.94,104.44,Debit Card,4,FALSE,Cancelled,4
ORD-03046,08/10/2023,2023,Q4,October,Sunday,CUST98613,Sanjay Mehta,23,Young Adult,Male,East,Guwahati,Furniture,Desk,7,15156.04,0.15,Medium,114775.93,29%,33669.82,85.32,Debit Card,5,FALSE,Delivered,5
ORD-00127,18/02/2020,2020,Q1,February,Tuesday,CUST88548,Shreya Mishra,3,Child & Teen,Other,East,Guwahati,Beauty,Hair Oil,3,1886.27,0.33,Very High,3436.09,46%,1565.04,95.79,Net Banking,2,FALSE,Delivered,3
ORD-03705,28/05/2024,2024,Q2,May,Tuesday,CUST12809,Ritu Reddy,17,Child & Teen,Male,North,Delhi,Beauty,Perfume,6,1898.74,0.34,Very High,10406.29,50%,5251.12,29.46,Credit Card,3,FALSE,Delivered,10
ORD-01987,28/05/2022,2022,Q2,May,Saturday,CUST54169,Meera Pillai,23,Young Adult,Male,West,Mumbai,Electronics,Headphones,6,5871.14,0.18,Medium,43719.56,11%,4755.5,68.01,Debit Card,2,FALSE,Delivered,5
ORD-00652,19/10/2020,2020,Q4,October,Monday,CUST29202,Rohan Chatterjee,41,Adult,Male,North,Delhi,Clothing,Kurta,8,1138.09,0.36,Very High,5187.76,27%,1423.15,52.7,Net Banking,4,FALSE,Delivered,9
ORD-00235,04/12/2020,2020,Q4,December,Friday,CUST75902,Kavya Das,1,Child & Teen,Female,South,Hyderabad,Furniture,Sofa,9,5556.57,,,63448.11,27%,17305.03,66.44,Credit Card,4,FALSE,Delivered,10
ORD-01405,25/09/2021,2021,Q3,September,Saturday,CUST15111,Sunita Patel,43,Adult,Other,Central,Bhopal,Clothing,Dress,10,3186.14,0.28,High,22148.24,27%,6072.78,50.45,UPI,1,FALSE,Cancelled,9
ORD-03407,16/01/2024,2024,Q1,January,Tuesday,CUST97699,Nisha Shah,4,Child & Teen,Female,West,Ahmedabad,Groceries,Cooking Oil,7,173.44,0.05,Low,1132.82,5%,55.67,58.19,EMI,3,FALSE,Delivered,9
ORD-03850,29/07/2024,2024,Q3,July,Monday,CUST65624,Arjun Das,38,Adult,Female,East,Patna,Sports,Yoga Mat,3,6269.53,0.24,High,23681.14,20%,4768.11,85.33,Net Banking,4,FALSE,Delivered,9
ORD-00199,29/03/2020,2020,Q1,March,Sunday,CUST55694,Aarav Bhat,39,Adult,Female,North,Chandigarh,Sports,Dumbbells,2,2591.38,0.13,Medium,4195.59,18%,758.43,65.22,Debit Card,,FALSE,Delivered,
ORD-03865,08/05/2024,2024,Q2,May,Wednesday,CUST15771,Ananya Sharma,3,Child & Teen,Male,North,Amritsar,Clothing,Jacket,8,621.6,0.38,Very High,4928.83,40%,1949.33,65.22,Debit Card,5,FALSE,Delivered,3
ORD-02095,07/10/2022,2022,Q4,October,Friday,CUST53657,Meera Nair,,,Other,West,Surat,Electronics,Smartphone,1,48337.97,0.32,Very High,44955.59,12%,5471.73,70.75,Cash on Delivery,3,FALSE,Cancelled,2
ORD-01643,01/01/2022,2022,Q1,January,Saturday,CUST47779,Vikram Iyer,16,Child & Teen,Other,East,Guwahati,Clothing,Jacket,2,2623.07,0.38,Very High,3223.71,45%,1450.69,53.01,EMI,2,FALSE,delivered,5
ORD-03810,14/07/2024,2024,Q3,July,Sunday,CUST08609,Arjun Rao,23,Young Adult,Female,West,Mumbai,Electronics,Smartphone,10,57591.46,0.13,Medium,797146.87,11%,88464.11,76.68,EMI,2,TRUE,Returned,6
ORD-00775,18/12/2020,2020,Q4,December,Friday,CUST05760,Deepa Verma,,,Other,North,Chandigarh,Books,Textbook,3,446.15,0.33,Very High,591.1,41%,239.69,53.12,Debit Card,,FALSE,Shipped,3
ORD-01098,05/11/2021,2021,Q4,November,Friday,CUST73609,Nisha Das,38,Adult,Other,Central,Bhopal,Electronics,Tablet,3,54861.77,0.25,High,147965.94,13%,19461.73,30.94,Cash on Delivery,5,FALSE,Cancelled,2
ORD-02186,14/08/2022,2022,Q3,August,Sunday,CUST37457,Pooja Singh,35,Young Adult,Other,Central,Raipur,Beauty,Sunscreen,1,2306.84,0.07,Low,3142.24,45%,1403.38,57.67,Credit Card,5,FALSE,Delivered,10
ORD-02455,30/11/2022,2022,Q4,November,Wednesday,CUST78730,Ananya Shah,3,Child & Teen,Male,North,Delhi,Beauty,Perfume,9,489.2,0.11,Medium,3465.11,52%,1799.02,53.71,EMI,5,FALSE,Delivered,1
ORD-01364,09/05/2021,2021,Q2,May,Sunday,CUST64778,Nisha Bose,26,Young Adult,Female,North,Delhi,Groceries,Dal (1kg),1,110.62,0.3,High,75.53,9%,6.99,52.75,EMI,3,TRUE,Returned,9
ORD-00694,11/10/2020,2020,Q4,October,Sunday,CUST85469,Pooja Bose,4,Child & Teen,Other,Central,Bhopal,Sports,Dumbbells,3,1501.94,0.1,Low,3166.64,18%,579.92,43.07,Net Banking,4,FALSE,Delivered,5
ORD-03055,14/08/2023,2023,Q3,August,Monday,CUST44516,Ananya Iyer,3,Child & Teen,Male,East,Guwahati,Groceries,Rice (5kg),1,228.52,0.09,Low,307.76,8%,24.8,61.3,Cash on Delivery,1,FALSE,Delivered,6
ORD-00043,17/01/2020,2020,Q1,January,Friday,CUST34094,Ananya Pillai,34,Young Adult,Other,East,Guwahati,Furniture,Chair,9,20878.86,0,No Discount,146912.47,32%,46428.4,74.6,Credit Card,2,FALSE,Cancelled,4
ORD-03051,08/12/2023,2023,Q4,December,Friday,CUST77025,Pooja Chatterjee,18,Young Adult,Female,West,Mumbai,Sports,Football,9,10111.78,0.32,Very High,83964.06,25%,20724.63,28.35,Credit Card,4,TRUE,Returned,1
ORD-01095,05/08/2021,2021,Q3,August,Thursday,CUST71557,Nikhil Sharma,17,Child & Teen,Other,Central,Bhopal,Beauty,Hair Oil,1,860.28,0.25,High,905.35,45%,407.45,84.23,Debit Card,2,FALSE,Delivered,9
ORD-01448,17/10/2021,2021,Q4,October,Sunday,CUST01241,Ritu Singh,21,Young Adult,Male,South,Hyderabad,Electronics,Smartwatch,7,71550.38,0.26,High,327610.97,9%,28214.57,95.86,Debit Card,,FALSE,Shipped,8
ORD-03120,09/09/2023,2023,Q3,September,Saturday,CUST93065,Rohan Bhat,42,Adult,Female,Central,Bhopal,Books,Textbook,8,919.94,0.39,Very High,5037.13,47%,2359.89,74.61,Credit Card,,FALSE,Shipped,9
ORD-00249,20/04/2020,2020,Q2,April,Monday,CUST09291,Arjun Mehta,46,Adult,Female,West,Mumbai,Books,Biography,6,877.7,0.34,Very High,3376.89,33%,1107.53,53.93,Credit Card,4,FALSE,Cancelled,1
ORD-00709,19/11/2020,2020,Q4,November,Thursday,CUST65141,Pooja Patel,9,Child & Teen,Female,North,Amritsar,Clothing,Kurta,7,1944.27,0.09,Low,8367.72,37%,3099.18,41.07,EMI,4,TRUE,Returned,9
ORD-01180,14/06/2021,2021,Q2,June,Monday,CUST50029,Aditya Nair,47,Adult,Male,East,Kolkata,Sports,Yoga Mat,10,11322.84,0.32,Very High,101284.81,16%,16342.96,65.25,Net Banking,5,FALSE,Delivered,8
ORD-03451,02/05/2024,2024,Q2,May,Thursday,CUST41962,Meera Verma,25,Young Adult,Other,West,Ahmedabad,Electronics,Headphones,6,29123.87,0.27,High,151990.83,12%,18816.93,65.28,Credit Card,1,TRUE,Returned,3
ORD-02127,24/07/2022,2022,Q3,July,Sunday,CUST94881,Aditya Das,24,Young Adult,Female,South,Bangalore,Books,Self-Help Book,5,1265.36,0.03,Low,8924.63,38%,3374.31,72.97,Cash on Delivery,2,FALSE,Delivered,5
ORD-01450,18/10/2021,2021,Q4,October,Monday,CUST04445,Rahul Shah,55,Adult,Other,North,Amritsar,Beauty,Shampoo,8,2387.85,0.03,Low,16986.77,58%,9892.56,51.89,Cash on Delivery,4,FALSE,Cancelled,1
ORD-03628,26/04/2024,2024,Q2,April,Friday,CUST29710,Aarav Mehta,3,Child & Teen,Male,North,Chandigarh,Furniture,Desk,7,3546.07,0.36,Very High,24765.72,30%,7503.38,51.04,Debit Card,4,FALSE,delivered,9
ORD-02448,28/11/2022,2022,Q4,November,Monday,CUST48568,Priya Chatterjee,37,Adult,Other,South,Hyderabad,Books,Biography,1,1315.36,0.14,Medium,962.09,38%,365.81,67.33,Cash on Delivery,4,TRUE,Returned,2
ORD-00224,04/07/2020,2020,Q3,July,Saturday,CUST28783,Rahul Rao,25,Young Adult,Female,West,Ahmedabad,Groceries,Cooking Oil,2,62.44,0.3,High,90.55,9%,8.37,56.9,Credit Card,5,TRUE,Returned,7
ORD-03193,14/10/2023,2023,Q4,October,Saturday,CUST32406,Deepa Singh,,,Other,West,Pune,Beauty,Perfume,7,2256.81,0.2,Medium,13177.14,68%,8944.51,59.68,UPI,4,FALSE,Delivered,10
ORD-00690,11/08/2020,2020,Q3,August,Tuesday,CUST28753,Priya Verma,,,Other,West,Ahmedabad,Sports,Cycle,4,12892.31,0.01,Low,32649.55,23%,7568.86,62.34,UPI,,FALSE,Delivered,3
ORD-00665,28/10/2020,2020,Q4,October,Wednesday,CUST66018,Aditya Joshi,29,Young Adult,Female,North,Amritsar,Groceries,Cooking Oil,8,421.35,0.33,Very High,1863.59,8%,143.5,62.73,UPI,1,TRUE,Returned,7
ORD-03860,08/04/2024,2024,Q2,April,Monday,CUST32006,Priya Bose,16,Child & Teen,Male,North,Chandigarh,Groceries,Dal (1kg),5,390.62,0.13,Medium,2661.75,6%,149.41,72.2,UPI,5,FALSE,Delivered,5
ORD-01877,04/07/2022,2022,Q3,July,Monday,CUST48958,Ritu Sharma,39,Adult,Male,South,Bangalore,Books,Fiction Novel,1,801.96,0.04,Low,1115.18,41%,461.7,65.93,Cash on Delivery,5,FALSE,Delivered,2
ORD-03189,10/11/2023,2023,Q4,November,Friday,CUST05334,Shreya Joshi,31,Young Adult,Male,North,Ludhiana,Books,Biography,9,991.57,0.36,Very High,6481.41,36%,2354.05,85.05,Debit Card,1,FALSE,Delivered,4
ORD-01437,10/09/2021,2021,Q3,September,Friday,CUST07360,Meera Kapoor,,,Other,West,Pune,Books,Biography,10,1010.53,0.01,Low,9699.87,46%,4504.03,38.09,Credit Card,3,FALSE,Pending,1
ORD-03003,24/07/2023,2023,Q3,July,Monday,CUST08739,Meera Kapoor,,,Other,South,Chennai,Electronics,Headphones,10,76450.07,0.02,Low,1182709.24,17%,198109.98,72.05,Net Banking,2,FALSE,Delivered,3
ORD-03345,18/12/2023,2023,Q4,December,Monday,CUST37057,Kavya Kapoor,53,Adult,Female,North,Amritsar,Electronics,Headphones,1,23254.63,0.01,Low,20122.42,11%,2165.17,35.38,Debit Card,5,FALSE,Delivered,7
ORD-04129,30/11/2024,2024,Q4,November,Saturday,CUST74208,Kavya Bose,12,Child & Teen,Male,North,Delhi,Electronics,Laptop,2,20309.39,0.15,Medium,30407.42,11%,3438.98,38.43,Debit Card,2,FALSE,Delivered,4
ORD-03173,10/04/2023,2023,Q2,April,Monday,CUST89046,Shreya Mishra,44,Adult,Female,West,Pune,Sports,Football,4,12573.57,0.38,Very High,32140.85,26%,8492.72,47,Credit Card,3,FALSE,Delivered,4
ORD-00429,07/08/2020,2020,Q3,August,Friday,CUST64265,Ritu Iyer,43,Adult,Other,North,Chandigarh,Beauty,Hair Oil,10,353.1,,,3859.71,52%,2002.38,60.45,Debit Card,2,FALSE,Delivered,8
ORD-03332,12/12/2023,2023,Q4,December,Tuesday,CUST93234,Aditya Patel,2,Child & Teen,Female,Central,Bhopal,Electronics,Laptop,9,19431.42,,,144718.36,12%,17340.49,58.66,UPI,2,FALSE,Shipped,9
ORD-02074,07/04/2022,2022,Q2,April,Thursday,CUST45847,Ananya Bose,53,Adult,Other,East,Guwahati,Groceries,Cooking Oil,1,365.27,0.16,Medium,496.1,5%,27.14,70.65,Net Banking,4,FALSE,Cancelled,2
ORD-02787,21/04/2023,2023,Q2,April,Friday,CUST78026,Amit Nair,31,Young Adult,Female,Central,Raipur,Electronics,Tablet,3,57936.22,0.01,Low,270335.19,15%,40002.8,70.99,Net Banking,1,TRUE,Returned,
ORD-02623,02/12/2023,2023,Q4,December,Saturday,CUST26102,Vikram Rao,24,Young Adult,Female,West,Surat,Groceries,Rice (5kg),9,278.27,0.36,Very High,1742.13,8%,147.02,66.79,UPI,4,TRUE,Returned,3
ORD-01963,16/05/2022,2022,Q2,May,Monday,CUST48981,Rahul Bhat,34,Young Adult,Female,West,Ahmedabad,Clothing,Saree,6,3595.66,0.08,Low,28857.83,49%,14157.85,33.61,Net Banking,3,FALSE,Delivered,5
ORD-02140,28/07/2022,2022,Q3,July,Thursday,CUST21643,Shreya Mehta,26,Young Adult,Female,North,Amritsar,Books,Fiction Novel,6,868.63,0.18,Medium,5798,53%,3070,44.25,Net Banking,4,FALSE,Shipped,7
ORD-01017,04/04/2021,2021,Q2,April,Sunday,CUST14507,Meera Mishra,39,Adult,Female,East,Patna,Books,Self-Help Book,2,742.65,0.39,Very High,1191.31,46%,548.78,71.69,UPI,4,FALSE,Delivered,7
ORD-01728,02/08/2022,2022,Q3,August,Tuesday,CUST08152,Arjun Pillai,14,Child & Teen,Female,East,Kolkata,Beauty,Sunscreen,5,2361.07,0.36,Very High,6532.57,41%,2671.52,102.42,Credit Card,4,FALSE,Delivered,1
ORD-02277,16/09/2022,2022,Q3,September,Friday,CUST41635,Priya Pillai,22,Young Adult,Female,North,Amritsar,Electronics,Laptop,4,63972.59,0.28,High,208355.63,8%,16914.36,37.35,UPI,1,FALSE,Cancelled,7
ORD-03550,22/03/2024,2024,Q1,March,Friday,CUST71158,Ananya Bose,1,Child & Teen,Other,North,Amritsar,Books,Textbook,4,306.02,0.39,Very High,1006.23,42%,419.1,74.93,Debit Card,3,FALSE,Delivered,9
ORD-02675,03/02/2023,2023,Q1,February,Friday,CUST02795,Karan Mehta,36,Adult,Other,South,Bangalore,Groceries,Cooking Oil,9,57.61,0.29,High,449.35,8%,35.51,88.76,EMI,1,FALSE,Delivered,4
ORD-01124,23/05/2021,2021,Q2,May,Sunday,CUST87218,Vikram Patel,,,Other,Central,Indore,Furniture,Desk,1,21498.18,0.38,Very High,20079.84,22%,4432.74,52.5,Debit Card,1,FALSE,cancelled,1
ORD-02920,16/06/2023,2023,Q2,June,Friday,CUST13418,Aarav Pillai,26,Young Adult,Other,South,Kochi,Books,Self-Help Book,6,254.61,0.35,Very High,1558.67,36%,563.7,74.55,UPI,4,FALSE,Cancelled,7
ORD-03057,16/08/2023,2023,Q3,August,Wednesday,CUST99865,Nikhil Reddy,23,Young Adult,Other,East,Patna,Electronics,Laptop,10,67990.05,0.1,Low,962865.37,11%,103582.22,91.72,UPI,,FALSE,Delivered,8
ORD-00598,24/09/2020,2020,Q3,September,Thursday,CUST89742,Vikram Sharma,29,Young Adult,Female,East,Guwahati,Books,Biography,4,1449.53,0.39,Very High,3044.42,36%,1101.47,58.44,UPI,,FALSE,Delivered,7
ORD-01726,02/07/2022,2022,Q3,July,Saturday,CUST66954,Kavya Singh,28,Young Adult,Female,East,Kolkata,Furniture,Bed Frame,3,22715.24,0.26,High,47070.16,32%,14935.41,83.56,UPI,4,FALSE,Delivered,8
ORD-03498,29/02/2024,2024,Q1,February,Thursday,CUST03536,Karan Das,55,Adult,Male,West,Pune,Beauty,Face Cream,1,356.08,0.16,Medium,293.48,39%,113.23,49.34,UPI,3,FALSE,Delivered,8
ORD-00588,19/09/2020,2020,Q3,September,Saturday,CUST24071,Pooja Joshi,4,Child & Teen,Male,West,Ahmedabad,Beauty,Shampoo,3,2164.72,0.31,Very High,3914.75,52%,2019.53,42.56,Cash on Delivery,1,FALSE,Shipped,7
ORD-00667,29/10/2020,2020,Q4,October,Thursday,CUST93755,Amit Nair,47,Adult,Female,South,Kochi,Beauty,Shampoo,8,155.44,0.23,High,882.09,48%,419.32,56.84,Debit Card,4,FALSE,Delivered,7
ORD-00018,01/07/2020,2020,Q3,July,Wednesday,CUST36404,Pooja Iyer,13,Child & Teen,Other,West,Pune,Electronics,Laptop,9,77654.78,0.22,High,381614.84,13%,51058.62,52.7,Credit Card,2,FALSE,Cancelled,10
ORD-02708,20/03/2023,2023,Q1,March,Monday,CUST34073,Amit Sharma,27,Young Adult,Male,South,Chennai,Books,Textbook,3,435.38,0.27,High,1015.42,37%,374.01,46.53,Net Banking,1,FALSE,Delivered,10
ORD-01956,15/05/2022,2022,Q2,May,Sunday,CUST35857,Nisha Patel,48,Adult,Other,East,Kolkata,Beauty,Face Cream,2,722.06,0.2,Medium,2091.67,23%,471.88,87.98,Net Banking,5,FALSE,Shipped,3
ORD-02113,19/07/2022,2022,Q3,July,Tuesday,CUST19165,Aditya Kapoor,28,Young Adult,Female,South,Hyderabad,Groceries,Cooking Oil,3,187.48,0.13,Medium,717.47,10%,70.37,77.82,EMI,1,FALSE,Delivered,10
ORD-01255,19/07/2021,2021,Q3,July,Monday,CUST86441,Kavya Patel,36,Adult,Male,North,Amritsar,Electronics,Smartphone,1,60275.27,0.06,Low,74194.61,11%,8194.66,64.8,Net Banking,4,FALSE,Pending,1
ORD-03575,04/02/2024,2024,Q1,February,Sunday,CUST61605,Kavya Reddy,46,Adult,Female,East,Guwahati,Sports,Yoga Mat,7,13076.37,0.06,Low,136693.89,25%,34072.35,89.88,Credit Card,5,FALSE,Delivered,8
ORD-03837,26/07/2024,2024,Q3,July,Friday,CUST54910,Rahul Bhat,29,Young Adult,Female,East,Patna,Sports,Tennis Racket,1,14799.57,0.31,Very High,18615.04,14%,2577.83,93.94,Net Banking,1,FALSE,Cancelled,4
ORD-02205,19/08/2022,2022,Q3,August,Friday,CUST91054,Shreya Chatterjee,14,Child & Teen,Other,North,Ludhiana,Beauty,Face Cream,4,894.71,0.06,Low,4573.8,46%,2107.23,40.06,Debit Card,1,TRUE,Returned,3
ORD-01498,11/03/2021,2021,Q1,March,Thursday,CUST49593,Arjun Kapoor,29,Young Adult,Male,North,Delhi,Beauty,Hair Oil,1,1351.86,0.02,Low,984.4,31%,308.39,59.52,Credit Card,4,FALSE,Delivered,8
ORD-01344,27/08/2021,2021,Q3,August,Friday,CUST50875,Aditya Sharma,24,Young Adult,Male,West,Surat,Sports,Tennis Racket,3,13785.98,0.06,Low,45600.79,22%,9994.78,77.7,Cash on Delivery,5,FALSE,Delivered,8
ORD-01770,23/02/2022,2022,Q1,February,Wednesday,CUST16064,Ananya Pillai,53,Adult,Other,West,Surat,Furniture,Bookshelf,2,26063.7,0.01,Low,55430.07,28%,15320.6,52.28,Cash on Delivery,,FALSE,Delivered,2
ORD-02414,11/09/2022,2022,Q3,September,Sunday,CUST28757,Meera Kapoor,43,Adult,Other,Central,Bhopal,Books,Textbook,6,1444.95,0.19,Medium,6041.34,39%,2352.2,58.8,UPI,3,FALSE,Delivered,4
ORD-00646,15/10/2020,2020,Q4,October,Thursday,CUST29116,Shreya Gupta,3,Child & Teen,Male,East,Guwahati,Sports,Football,7,14669.86,0.03,Low,88163.95,22%,19639.12,61,EMI,5,FALSE,Delivered,2
ORD-00457,20/07/2020,2020,Q3,July,Monday,CUST62741,Meera Pillai,39,Adult,Male,West,Pune,Books,Comic Book,6,214.61,0.1,Low,1705.11,47%,803.75,59.79,Net Banking,1,TRUE,Returned,5
ORD-02034,15/06/2022,2022,Q2,June,Wednesday,CUST52824,Sanjay Rao,45,Adult,Male,East,Bhubaneswar,Clothing,Kurta,3,3907.45,0.07,Low,16325.84,47%,7720.27,94.28,EMI,4,FALSE,Delivered,5
ORD-01319,15/08/2021,2021,Q3,August,Sunday,CUST97277,Pooja Pillai,31,Young Adult,Other,East,Guwahati,Groceries,Sugar,1,446.2,0.12,Medium,424.33,9%,36.33,85.34,Cash on Delivery,4,FALSE,Delivered,7
ORD-03381,01/02/2024,2024,Q1,February,Thursday,CUST00337,Aditya Mishra,44,Adult,Other,South,Kochi,Sports,Cycle,2,2101.38,0.37,Very High,2358.43,23%,543.2,90.14,Credit Card,1,TRUE,Returned,6
ORD-00813,01/08/2021,2021,Q3,August,Sunday,CUST99023,Nikhil Nair,29,Young Adult,Female,North,Amritsar,Furniture,Bookshelf,3,6110.59,0.37,Very High,8446.52,26%,2197.3,23.22,Net Banking,3,FALSE,Delivered,9
ORD-00309,14/05/2020,2020,Q2,May,Thursday,CUST17538,Amit Verma,27,Young Adult,Female,North,Delhi,Books,Textbook,1,255.93,0.37,Very High,191.35,39%,73.83,46.7,Cash on Delivery,5,FALSE,Cancelled,10
ORD-01007,04/01/2021,2021,Q1,January,Monday,CUST38810,Pooja Patel,9,Child & Teen,Male,North,Amritsar,Beauty,Perfume,5,1211.87,0.13,Medium,6847.04,44%,3005.89,58.29,Cash on Delivery,4,FALSE,Delivered,2
ORD-03273,15/11/2023,2023,Q4,November,Wednesday,CUST10941,Karan Shah,38,Adult,Female,North,Delhi,Furniture,Wardrobe,5,10929.41,0.11,Medium,46559.15,29%,13560.07,34.1,UPI,4,FALSE,Cancelled,10
ORD-04066,28/10/2024,2024,Q4,October,Monday,CUST43387,Rahul Das,19,Young Adult,Female,East,Guwahati,Beauty,Hair Oil,4,2333,0.37,Very High,6101.49,31%,1874.65,119.62,Credit Card,3,FALSE,Delivered,3
ORD-04013,30/09/2024,2024,Q3,September,Monday,CUST80488,Ananya Chatterjee,18,Young Adult,Male,South,Hyderabad,Groceries,Rice (5kg),4,497.25,0.32,Very High,1775.14,10%,168.64,81.5,Credit Card,1,FALSE,Pending,3
ORD-01218,07/04/2021,2021,Q2,April,Wednesday,CUST69231,Pooja Bose,4,Child & Teen,Male,North,Amritsar,Beauty,Perfume,2,2060.77,0.24,High,3603.29,35%,1268.67,69.45,EMI,2,FALSE,Delivered,2
ORD-03199,16/10/2023,2023,Q4,October,Monday,CUST93632,Rohan Bose,61,Senior,Female,West,Pune,Beauty,Shampoo,8,1354.9,0.31,Very High,8717.93,56%,4918.95,41.01,UPI,3,FALSE,Delivered,1
ORD-03446,02/03/2024,2024,Q1,March,Saturday,CUST54039,Vikram Shah,48,Adult,Male,North,Ludhiana,Furniture,Desk,7,34101.69,0.16,Medium,221777.76,23%,50413.18,63.76,Credit Card,1,FALSE,Delivered,5
ORD-04162,12/11/2024,2024,Q4,November,Tuesday,CUST14967,Kavya Kumar,15,Child & Teen,Other,North,Delhi,Groceries,Sugar,10,273.14,0.28,High,1532.4,7%,100.08,54.94,EMI,4,FALSE,Delivered,5
ORD-01886,04/12/2022,2022,Q4,December,Sunday,CUST07676,Pooja Sharma,39,Adult,Other,West,Pune,Sports,Dumbbells,3,3135.03,0.09,Low,11451.49,24%,2694.43,82.19,Debit Card,1,TRUE,Returned,3
ORD-03026,08/04/2023,2023,Q2,April,Saturday,CUST65223,Karan Bose,52,Adult,Male,West,Mumbai,Clothing,Jacket,5,1505.76,0.17,Medium,9211.72,41%,3763.52,52.62,Cash on Delivery,3,FALSE,Pending,6
ORD-02957,07/04/2023,2023,Q2,April,Friday,CUST77083,Priya Chatterjee,6,Child & Teen,Female,East,Patna,Groceries,Tea,9,462.67,0.04,Low,6520.25,9%,574.64,60.51,Debit Card,2,FALSE,Delivered,8
ORD-03687,20/05/2024,2024,Q2,May,Monday,CUST45246,Priya Verma,3,Child & Teen,Other,South,Chennai,Clothing,Jeans,2,511.88,0.33,Very High,1034.06,30%,311.79,75.89,Net Banking,1,FALSE,Delivered,7
ORD-01238,07/12/2021,2021,Q4,December,Tuesday,CUST00512,Karan Pillai,31,Young Adult,Other,Central,Raipur,Sports,Football,4,10424.37,0.04,Low,54861.75,25%,13787.38,52.02,UPI,,FALSE,Delivered,1
ORD-01226,07/07/2021,2021,Q3,July,Wednesday,CUST93943,Aditya Kumar,51,Adult,Female,West,Mumbai,Furniture,Desk,3,7678.25,0.06,Low,32400.33,28%,9162.54,49.32,Credit Card,3,FALSE,Pending,4
ORD-02385,28/10/2022,2022,Q4,October,Friday,CUST01228,Nikhil Bose,27,Young Adult,Other,West,Mumbai,Groceries,Cooking Oil,5,69.84,0.3,High,256.11,9%,21.93,48.03,Debit Card,1,FALSE,Delivered,5
ORD-00920,21/02/2021,2021,Q1,February,Sunday,CUST85930,Pooja Shah,33,Young Adult,Other,East,Guwahati,Clothing,Dress,1,1520.56,0.38,Very High,857.74,43%,372.68,82.69,Cash on Delivery,,TRUE,Returned,8
ORD-01929,05/02/2022,2022,Q1,February,Saturday,CUST34607,Amit Das,15,Child & Teen,Other,East,Guwahati,Furniture,Bed Frame,3,20759.26,0.28,High,64376.44,21%,13716.94,81.77,Net Banking,3,FALSE,Delivered,10
ORD-01619,25/12/2021,2021,Q4,December,Saturday,CUST88221,Sunita Verma,36,Adult,Other,North,Chandigarh,Groceries,Dal (1kg),3,113.16,,,223.33,9%,19.47,50.52,Cash on Delivery,3,FALSE,Delivered,3
ORD-00085,02/03/2020,2020,Q1,March,Monday,CUST18248,Ananya Mehta,48,Adult,Other,East,Patna,Sports,Football,2,4104.31,0.08,Low,5892.6,24%,1384.77,72.46,EMI,1,FALSE,Delivered,6
ORD-02824,05/12/2023,2023,Q4,December,Tuesday,CUST94776,Ananya Mishra,41,Adult,Other,North,Delhi,Clothing,Jacket,6,1809.68,0.31,Very High,12448.65,38%,4684.85,37.16,Cash on Delivery,1,FALSE,Delivered,4
ORD-00674,31/10/2020,2020,Q4,October,Saturday,CUST87680,Meera Kapoor,9,Child & Teen,Other,North,Amritsar,Furniture,Bookshelf,3,22435.51,0.11,Medium,45857.22,32%,14691.15,19.24,Debit Card,5,FALSE,Delivered,5
ORD-03338,14/12/2023,2023,Q4,December,Thursday,CUST84437,Karan Chatterjee,34,Young Adult,Male,South,Bangalore,Clothing,T-Shirt,5,416.65,0.01,Low,1999.94,41%,825.09,59.89,EMI,5,FALSE,Delivered,5
ORD-04084,11/07/2024,2024,Q3,July,Thursday,CUST03465,Deepa Mehta,39,Adult,Female,West,Mumbai,Clothing,Dress,9,3359.16,0.06,Low,30905.25,26%,7947.77,64.84,UPI,5,FALSE,Delivered,6
ORD-02733,30/03/2023,2023,Q1,March,Thursday,CUST12771,Meera Singh,4,Child & Teen,Female,West,Surat,Books,Textbook,5,971.23,0.35,Very High,3832.92,38%,1442.59,59.73,Cash on Delivery,1,FALSE,Delivered,4
ORD-04080,11/03/2024,2024,Q1,March,Monday,CUST09163,Sunita Pillai,34,Young Adult,Other,East,Patna,Groceries,Cooking Oil,2,275.55,0.02,Low,545.95,7%,40.63,75.84,Debit Card,4,FALSE,Delivered,3
ORD-01089,05/07/2021,2021,Q3,July,Monday,CUST29692,Priya Mehta,36,Adult,Female,East,Guwahati,Furniture,Bookshelf,5,4812.43,0.27,High,22526.71,30%,6783.1,109.38,Cash on Delivery,4,FALSE,Delivered,4
ORD-00620,10/04/2020,2020,Q2,April,Friday,CUST68733,Amit Patel,55,Adult,Male,South,Hyderabad,Groceries,Dal (1kg),9,410.87,0.09,Low,3133.82,11%,346.09,74.58,Debit Card,5,TRUE,Returned,6
ORD-03140,19/09/2023,2023,Q3,September,Tuesday,CUST76392,Rohan Kapoor,14,Child & Teen,Other,South,Bangalore,Furniture,Desk,9,18114.9,0.35,Very High,131109.37,34%,44210.57,60.14,Debit Card,3,FALSE,Cancelled,10
ORD-02960,07/06/2023,2023,Q2,June,Wednesday,CUST73492,Ritu Patel,35,Young Adult,Female,South,Chennai,Groceries,Dal (1kg),8,421.42,0.14,Medium,4774.27,10%,467.76,84.51,Cash on Delivery,3,FALSE,Shipped,8
ORD-01215,07/03/2021,2021,Q1,March,Sunday,CUST92946,Aarav Mehta,38,Adult,Male,East,Bhubaneswar,Beauty,Shampoo,5,205.05,0.37,Very High,875.73,38%,336.22,58.05,Debit Card,1,TRUE,Returned,10
ORD-01703,30/01/2022,2022,Q1,January,Sunday,CUST78614,Arjun Iyer,47,Adult,Female,West,Pune,Clothing,Dress,4,1960.32,0.03,Low,7027.87,39%,2732.62,65.85,Debit Card,2,FALSE,Delivered,1
ORD-02066,30/06/2022,2022,Q2,June,Thursday,CUST80371,Pooja Pillai,22,Young Adult,Male,West,Pune,Groceries,Cooking Oil,4,291.88,0.37,Very High,1107.62,7%,79.28,60.21,EMI,2,TRUE,Returned,1
ORD-00784,22/12/2020,2020,Q4,December,Tuesday,CUST57890,Ritu Das,21,Young Adult,Other,Central,Bhopal,Books,Textbook,3,1412.16,,,3187.62,45%,1429.35,53.18,Debit Card,2,TRUE,Returned,1
ORD-03278,17/11/2023,2023,Q4,November,Friday,CUST28845,Rohan Singh,36,Adult,Other,Central,Indore,Groceries,Cooking Oil,3,362.83,0.33,Very High,704.3,7%,51.58,40.17,Credit Card,2,FALSE,Delivered,3
ORD-02693,14/03/2023,2023,Q1,March,Tuesday,CUST31367,Sunita Pillai,57,Senior,Female,East,Kolkata,Groceries,Sugar,3,451.94,0.07,Low,1470.9,9%,132.82,72.18,Debit Card,2,FALSE,Shipped,8
ORD-02996,21/07/2023,2023,Q3,July,Friday,CUST44301,Kavya Iyer,44,Adult,Other,Central,Raipur,Clothing,Kurta,6,2551.46,0.28,High,16184.75,36%,5763.29,52.45,Credit Card,1,FALSE,delivered,8
ORD-01580,12/07/2021,2021,Q3,July,Monday,CUST43143,Sanjay Bose,46,Adult,Female,South,Kochi,Sports,Cycle,3,11079.73,0.28,High,19386.16,20%,3946.3,44.65,Debit Card,1,FALSE,Delivered,5
ORD-03204,18/10/2023,2023,Q4,October,Wednesday,CUST20726,Pooja Rao,3,Child & Teen,Male,West,Mumbai,Electronics,Laptop,1,48359.17,0.06,Low,51500.8,13%,6586.38,81.7,Net Banking,3,FALSE,Delivered,9
ORD-04102,16/11/2024,2024,Q4,November,Saturday,CUST19687,Shreya Reddy,25,Young Adult,Other,East,Guwahati,Electronics,Headphones,6,76147.08,0.3,High,275656.14,12%,33935.62,79.39,Net Banking,4,FALSE,Pending,5
ORD-02530,01/03/2023,2023,Q1,March,Wednesday,CUST03671,Rohan Mehta,21,Young Adult,Female,North,Chandigarh,Clothing,Jacket,8,3811.17,,,25749.39,45%,11463.62,63.21,Cash on Delivery,2,FALSE,Delivered,5
ORD-02995,20/07/2023,2023,Q3,July,Thursday,CUST01120,Nikhil Sharma,19,Young Adult,Female,South,Hyderabad,Beauty,Shampoo,1,581.9,0.39,Very High,573.91,56%,321.44,61.08,Cash on Delivery,5,FALSE,Delivered,2
ORD-02396,11/02/2022,2022,Q1,February,Friday,CUST15736,Deepa Kapoor,33,Young Adult,Other,East,Bhubaneswar,Furniture,Chair,3,4404.99,0.04,Low,10146.47,29%,2903.13,93.9,Debit Card,3,FALSE,Shipped,5
ORD-00625,10/07/2020,2020,Q3,July,Friday,CUST00251,Aditya Nair,14,Child & Teen,Male,Central,Raipur,Groceries,Tea,7,478.47,0.19,Medium,2419.7,6%,144.22,78.9,UPI,,FALSE,Delivered,8
ORD-01366,09/07/2021,2021,Q3,July,Friday,CUST19666,Amit Sharma,21,Young Adult,Other,West,Ahmedabad,Electronics,Headphones,10,69111.01,0.18,Medium,610027.66,13%,80887.73,59.74,UPI,1,FALSE,Delivered,2
ORD-02221,27/08/2022,2022,Q3,August,Saturday,CUST03778,Sanjay Gupta,39,Adult,Male,South,Chennai,Clothing,Dress,2,2544.65,0.09,Low,5282.35,31%,1652.06,68.22,Debit Card,3,FALSE,Delivered,3
ORD-02182,13/08/2022,2022,Q3,August,Saturday,CUST10127,Sunita Pillai,39,Adult,Other,East,Guwahati,Electronics,Laptop,9,56874.87,0.3,High,478142.34,12%,58158.93,63.71,Net Banking,4,TRUE,Returned,2
ORD-02494,18/12/2022,2022,Q4,December,Sunday,CUST57358,Sanjay Pillai,11,Child & Teen,Male,Central,Bhopal,Electronics,Smartphone,5,75416.45,0.26,High,239407.24,14%,34252.66,50.75,Credit Card,3,FALSE,Delivered,5
ORD-03684,18/05/2024,2024,Q2,May,Saturday,CUST27580,Ananya Shah,37,Adult,Female,West,Mumbai,Groceries,Flour,9,362.34,0.16,Medium,4473.38,7%,319.47,62.52,Debit Card,,FALSE,Delivered,5
ORD-02893,06/06/2023,2023,Q2,June,Tuesday,CUST15263,Arjun Mehta,36,Adult,Female,South,Hyderabad,Electronics,Tablet,9,39846.87,0.24,High,452014.92,10%,43093.98,51.7,UPI,4,FALSE,Delivered,3
ORD-03643,05/03/2024,2024,Q1,March,Tuesday,CUST93078,Rohan Nair,47,Adult,Female,West,Surat,Books,Fiction Novel,7,377,0.23,High,3325.2,49%,1638.79,55.63,EMI,5,FALSE,Delivered,7
ORD-00355,06/02/2020,2020,Q1,February,Thursday,CUST29275,Sunita Nair,28,Young Adult,Other,South,Chennai,Groceries,Cooking Oil,6,457.1,0.17,Medium,3525.53,11%,394.03,69.69,UPI,2,FALSE,Delivered,8
ORD-02634,15/02/2023,2023,Q1,February,Wednesday,CUST87463,Aditya Kapoor,18,Young Adult,Female,South,Kochi,Clothing,Kurta,9,630.67,0.34,Very High,4097.13,39%,1593.87,69.77,EMI,3,FALSE,Delivered,6
ORD-01268,26/07/2021,2021,Q3,July,Monday,CUST13250,Ritu Mehta,33,Young Adult,Female,East,Kolkata,Beauty,Shampoo,10,1776.76,0.09,Low,24043.07,30%,7186.83,76.78,EMI,5,FALSE,Cancelled,8
ORD-03154,29/09/2023,2023,Q3,September,Friday,CUST59117,Nisha Joshi,42,Adult,Female,West,Surat,Groceries,Cooking Oil,8,424.28,0.38,Very High,2407.56,7%,178.57,64.6,UPI,3,FALSE,Delivered,4
ORD-00459,20/07/2020,2020,Q3,July,Monday,CUST05833,Pooja Mehta,28,Young Adult,Male,East,Bhubaneswar,Sports,Yoga Mat,7,10622.1,0.23,High,72296.8,21%,14967.8,76.84,Cash on Delivery,3,FALSE,Delivered,10
ORD-00009,01/02/2020,2020,Q1,February,Saturday,CUST92855,Rahul Chatterjee,57,Senior,Female,Central,Indore,Electronics,Smartphone,7,7248.51,0.04,Low,35721.05,7%,2520.31,54.45,Cash on Delivery,1,FALSE,Cancelled,3
ORD-02167,08/08/2022,2022,Q3,August,Monday,CUST40588,Nisha Reddy,12,Child & Teen,Other,East,Guwahati,Sports,Cycle,1,14470.85,0.3,High,15068.8,19%,2928.52,80.56,Cash on Delivery,1,FALSE,Delivered,10
ORD-03848,29/07/2024,2024,Q3,July,Monday,CUST92309,Aditya Shah,35,Young Adult,Male,South,Bangalore,Beauty,Perfume,2,423.08,0.25,High,1086.7,47%,513.6,65.64,Cash on Delivery,5,FALSE,Delivered,6
ORD-02898,06/06/2023,2023,Q2,June,Tuesday,CUST27445,Rohan Joshi,26,Young Adult,Male,South,Kochi,Furniture,Desk,3,28004.75,0.31,Very High,94421.01,31%,29532.44,43.07,Net Banking,2,FALSE,Delivered,6
ORD-03727,13/06/2024,2024,Q2,June,Thursday,CUST15010,Ananya Rao,18,Young Adult,Other,Central,Raipur,Beauty,Face Cream,,2311.74,0.4,Very High,2656.59,26%,685.77,57.12,Debit Card,2,FALSE,Delivered,8
ORD-01542,21/11/2021,2021,Q4,November,Sunday,CUST20530,Kavya Sharma,2,Child & Teen,Other,West,Pune,Groceries,Tea,9,291.31,0.13,Medium,2013.93,8%,153.84,74.73,EMI,3,TRUE,Returned,2
ORD-02431,17/11/2022,2022,Q4,November,Thursday,CUST33602,Ananya Chatterjee,31,Young Adult,Male,West,Mumbai,Clothing,Dress,9,2890.57,0.09,Low,22605.25,44%,10028.13,70.61,EMI,1,FALSE,Shipped,9
ORD-00716,23/11/2020,2020,Q4,November,Monday,CUST94113,Priya Pillai,19,Young Adult,Other,Central,Raipur,Electronics,Headphones,1,40524.35,0.12,Medium,24819.03,14%,3365.1,36.23,UPI,3,TRUE,Returned,3
ORD-00444,14/07/2020,2020,Q3,July,Tuesday,CUST81670,Sunita Joshi,31,Young Adult,Male,Central,Bhopal,Books,Fiction Novel,4,1113.43,0.15,Medium,4962.42,43%,2141.31,34.15,EMI,1,FALSE,Delivered,7
ORD-02815,05/08/2023,2023,Q3,August,Saturday,CUST75268,Karan Rao,3,Child & Teen,Other,West,Pune,Sports,Yoga Mat,3,6620.8,0.27,High,22527.03,17%,3790.08,89.03,EMI,4,FALSE,delivered,8
ORD-04069,29/10/2024,2024,Q4,October,Tuesday,CUST61722,Karan Joshi,54,Adult,Other,Central,Nagpur,Electronics,Smartwatch,2,11751.86,0.26,High,19687.8,10%,2001.28,73.23,Net Banking,4,FALSE,Delivered,5
ORD-03630,28/04/2024,2024,Q2,April,Sunday,CUST62637,Aditya Gupta,27,Young Adult,Male,East,Kolkata,Groceries,Sugar,1,373.86,0.25,High,400.65,9%,34.77,90.23,Net Banking,4,FALSE,Shipped,1
ORD-02063,29/06/2022,2022,Q2,June,Wednesday,CUST13406,Rahul Kumar,18,Young Adult,Male,South,Hyderabad,Groceries,Cooking Oil,4,122.82,0.04,Low,681.47,7%,47.66,66.72,Net Banking,5,FALSE,Delivered,10
ORD-00192,27/03/2020,2020,Q1,March,Friday,CUST62597,Ritu Mishra,51,Adult,Male,South,Chennai,Electronics,Camera,5,25706.78,,,121013.9,10%,12672.89,90.75,EMI,2,TRUE,Returned,8
ORD-02097,07/11/2022,2022,Q4,November,Monday,CUST68451,Priya Nair,31,Young Adult,Female,West,Mumbai,Electronics,Tablet,8,38458.65,0.01,Low,393796.17,16%,61743.21,78.22,UPI,,TRUE,Returned,6
ORD-00425,07/06/2020,2020,Q2,June,Sunday,CUST69172,Pooja Sharma,3,Child & Teen,Female,West,Mumbai,Electronics,Camera,6,65523.97,0.22,High,395580.05,10%,39810.19,79,Cash on Delivery,1,FALSE,Delivered,7
ORD-01073,29/04/2021,2021,Q2,April,Thursday,CUST74821,Deepa Nair,24,Young Adult,Other,West,Mumbai,Clothing,Jeans,5,1564.77,0.08,Low,9104.38,26%,2408.11,46.89,UPI,2,FALSE,Delivered,4
ORD-01644,01/02/2022,2022,Q1,February,Tuesday,CUST20877,Vikram Gupta,36,Adult,Male,North,Delhi,Electronics,Camera,6,72040.03,0.01,Low,368787.75,11%,39292.14,53.76,Cash on Delivery,5,FALSE,Shipped,9
ORD-01390,20/09/2021,2021,Q3,September,Monday,CUST50244,Shreya Bose,45,Adult,Other,North,Ludhiana,Electronics,Smartwatch,6,15447.02,0.04,Low,95920.86,6%,5842.37,80.21,Cash on Delivery,,FALSE,Pending,5
ORD-00182,21/03/2020,2020,Q1,March,Saturday,CUST63049,Arjun Reddy,61,Senior,Male,East,Kolkata,Sports,Yoga Mat,9,2019.71,0.21,High,14642.06,25%,3698.35,55.65,UPI,2,FALSE,Delivered,3
ORD-01681,20/01/2022,2022,Q1,January,Thursday,CUST96522,Karan Gupta,56,Senior,Other,West,Ahmedabad,Furniture,Sofa,2,27991.06,0.24,High,34746.07,36%,12370.47,77.48,EMI,2,TRUE,Returned,6
ORD-02568,20/01/2023,2023,Q1,January,Friday,CUST63565,Vikram Mehta,24,Young Adult,Other,Central,Nagpur,Books,Comic Book,9,493.03,0.21,High,3326.77,56%,1860.71,83.24,Debit Card,,FALSE,Delivered,8
ORD-03369,29/12/2023,2023,Q4,December,Friday,CUST12624,Sunita Chatterjee,25,Young Adult,Male,North,Delhi,Furniture,Sofa,10,26482.96,0.39,Very High,159573.04,25%,39420.71,31.73,Cash on Delivery,1,FALSE,Delivered,9
ORD-00788,25/12/2020,2020,Q4,December,Friday,CUST62453,Pooja Joshi,26,Young Adult,Female,West,Mumbai,Groceries,Rice (5kg),7,79.95,0.03,Low,404.31,8%,30.99,45.31,EMI,2,FALSE,Shipped,2
ORD-01351,31/08/2021,2021,Q3,August,Tuesday,CUST05251,Kavya Singh,31,Young Adult,Female,North,Chandigarh,Furniture,Chair,2,11559.97,0.37,Very High,19813.12,33%,6537.8,64.47,Credit Card,5,FALSE,Delivered,6
ORD-01491,31/10/2021,2021,Q4,October,Sunday,CUST70333,Sunita Bose,43,Adult,Male,North,Chandigarh,Beauty,Sunscreen,8,902.95,0.02,Low,6609.67,50%,3273.83,49.46,Debit Card,5,FALSE,Delivered,4
ORD-03649,05/04/2024,2024,Q2,April,Friday,CUST00250,Arjun Kapoor,33,Young Adult,Other,East,Patna,Clothing,Dress,,3459.1,0.09,Low,5625.2,37%,2101.1,59.55,Debit Card,4,FALSE,Delivered,7
ORD-04153,12/08/2024,2024,Q3,August,Monday,CUST73466,Aditya Pillai,24,Young Adult,Male,West,Pune,Groceries,Dal (1kg),10,390.96,0.37,Very High,2025.46,10%,195.36,83.81,Credit Card,2,FALSE,Delivered,1
ORD-01601,15/12/2021,2021,Q4,December,Wednesday,CUST25228,Meera Kumar,45,Adult,Female,Central,Raipur,Beauty,Sunscreen,8,1478.6,0.07,Low,8581.43,42%,3617.51,72.32,UPI,2,FALSE,delivered,8
ORD-04168,15/12/2024,2024,Q4,December,Sunday,CUST39751,Meera Iyer,,,Female,West,Ahmedabad,Sports,Tennis Racket,2,10972.39,0.3,High,11894.53,25%,2981.58,43.93,EMI,2,FALSE,Delivered,10
ORD-02540,01/08/2023,2023,Q3,August,Tuesday,CUST48928,Aditya Shah,14,Child & Teen,Female,North,Amritsar,Books,Textbook,5,1137.99,0.18,Medium,3823.42,29%,1103.46,47.49,Credit Card,3,FALSE,Delivered,6
ORD-04193,28/12/2024,2024,Q4,December,Saturday,CUST18192,Nikhil Bose,25,Young Adult,Female,East,Patna,Beauty,Perfume,5,724.63,0.1,Low,3163.89,61%,1918.69,48.49,Credit Card,5,FALSE,Delivered,6
ORD-02432,18/11/2022,2022,Q4,November,Friday,CUST26395,Amit Kumar,33,Young Adult,Other,Central,Nagpur,Clothing,T-Shirt,4,2693.03,0.24,High,8454.01,33%,2808.17,71.64,Debit Card,3,FALSE,Delivered,
ORD-00059,22/01/2020,2020,Q1,January,Wednesday,CUST44752,Rahul Chatterjee,17,Child & Teen,Male,East,Kolkata,Furniture,Sofa,8,16934.64,0.35,Very High,65194.48,25%,16163.86,73.23,Debit Card,5,TRUE,Returned,4
ORD-00523,19/08/2020,2020,Q3,August,Wednesday,CUST62159,Priya Verma,24,Young Adult,Female,North,Delhi,Groceries,Flour,9,418.36,0.05,Low,3968.83,7%,273.7,69.24,Net Banking,,FALSE,Delivered,7
ORD-01901,20/04/2022,2022,Q2,April,Wednesday,CUST72800,Vikram Rao,46,Adult,Other,East,Kolkata,Books,Biography,2,231.44,0.36,Very High,417.99,37%,155.21,103.55,EMI,3,FALSE,Cancelled,8
ORD-04180,22/12/2024,2024,Q4,December,Sunday,CUST01003,Priya Pillai,28,Young Adult,Female,Central,Bhopal,Groceries,Sugar,10,194.61,0.27,High,1329.87,11%,143.25,23.86,EMI,2,FALSE,Delivered,5
ORD-02827,14/05/2023,2023,Q2,May,Sunday,CUST71925,Deepa Shah,32,Young Adult,Female,West,Ahmedabad,Beauty,Perfume,3,975.85,0.14,Medium,3386.22,64%,2179.66,87.45,Credit Card,2,FALSE,Shipped,10
ORD-03493,27/02/2024,2024,Q1,February,Tuesday,CUST44061,Kavya Rao,29,Young Adult,Female,West,Ahmedabad,Beauty,Lipstick,1,848.25,0.04,Low,894.07,47%,422.93,74.23,Cash on Delivery,5,FALSE,Delivered,9
ORD-03484,23/02/2024,2024,Q1,February,Friday,CUST42985,Rohan Chatterjee,35,Young Adult,Female,Central,Nagpur,Electronics,Camera,9,70923.4,0.34,Very High,506257.71,10%,52952.38,42.34,UPI,2,FALSE,Delivered,3
ORD-00123,16/02/2020,2020,Q1,February,Sunday,CUST54173,Meera Chatterjee,58,Senior,Other,West,Ahmedabad,Groceries,Sugar,1,373.23,0.32,Very High,203.4,10%,19.53,44.95,EMI,,FALSE,Delivered,6
ORD-01002,30/03/2021,2021,Q1,March,Tuesday,CUST22154,Ananya Patel,19,Young Adult,Female,West,Mumbai,Books,Self-Help Book,6,1364.16,0.39,Very High,5115.87,36%,1835.6,62.5,UPI,4,FALSE,Pending,2
ORD-01374,09/11/2021,2021,Q4,November,Tuesday,CUST68198,Rahul Chatterjee,13,Child & Teen,Male,Central,Raipur,Electronics,Laptop,7,48956.77,0.24,High,279788.19,14%,38368.45,86.46,Net Banking,4,FALSE,Delivered,9
ORD-00917,17/02/2021,2021,Q1,February,Wednesday,CUST45413,Aditya Singh,14,Child & Teen,Female,North,Chandigarh,Sports,Cricket Bat,10,10161.64,0.01,Low,88906.61,16%,14067.58,19.18,EMI,5,FALSE,Delivered,9
ORD-00827,14/01/2021,2021,Q1,January,Thursday,CUST71416,Aditya Kapoor,43,Adult,Female,South,Kochi,Electronics,Headphones,2,43066.95,0.25,High,50066.36,14%,6929.76,69.88,Net Banking,2,FALSE,delivered,7
ORD-00527,20/08/2020,2020,Q3,August,Thursday,CUST81582,Karan Pillai,46,Adult,Male,East,Bhubaneswar,Electronics,Tablet,1,39870.46,0.14,Medium,42279.37,11%,4768.46,76.58,Debit Card,4,FALSE,Delivered,1
ORD-02423,14/11/2022,2022,Q4,November,Monday,CUST98860,Nikhil Nair,16,Child & Teen,Female,South,Kochi,Clothing,T-Shirt,6,3572.55,,,17702.51,28%,4881.96,72.4,Net Banking,2,FALSE,Delivered,7
ORD-02002,06/02/2022,2022,Q1,February,Sunday,CUST93495,Karan Mehta,24,Young Adult,Other,Central,Nagpur,Electronics,Smartphone,4,79903.31,0.19,Medium,381040.75,12%,46291.37,49.66,Credit Card,2,FALSE,Delivered,9
ORD-01547,25/11/2021,2021,Q4,November,Thursday,CUST82417,Deepa Reddy,32,Young Adult,Female,South,Chennai,Beauty,Hair Oil,8,1747.96,0.04,Low,10534.51,53%,5549.08,70.95,UPI,5,FALSE,Delivered,9
ORD-02671,03/01/2023,2023,Q1,January,Tuesday,CUST19942,Deepa Joshi,29,Young Adult,Other,West,Mumbai,Books,Cook Book,7,286.55,0.19,Medium,1865.14,51%,943.5,60.27,Cash on Delivery,1,FALSE,Shipped,1
ORD-01137,28/05/2021,2021,Q2,May,Friday,CUST09710,Nikhil Reddy,24,Young Adult,Other,Central,Raipur,Clothing,Dress,10,3901.77,0.23,High,39791.15,30%,11924.12,26.2,Credit Card,,FALSE,Delivered,3
ORD-02688,03/12/2023,2023,Q4,December,Sunday,CUST01507,Ritu Kapoor,3,Child & Teen,Female,West,Mumbai,Books,Comic Book,1,1377.62,0.12,Medium,1266.17,45%,565.49,53.93,Credit Card,4,FALSE,Shipped,3
ORD-03878,08/08/2024,2024,Q3,August,Thursday,CUST09035,Priya Mehta,35,Young Adult,Male,North,Chandigarh,Furniture,Desk,3,19778.53,0.22,High,67218.58,22%,15015.41,30.24,UPI,3,FALSE,Delivered,5
ORD-00279,05/03/2020,2020,Q1,March,Thursday,CUST43418,Priya Gupta,47,Adult,Male,East,Kolkata,Clothing,Saree,5,1209.84,0.26,High,5409.13,34%,1839.27,70.07,Credit Card,1,FALSE,Delivered,7
ORD-02890,06/05/2023,2023,Q2,May,Saturday,CUST22330,Aarav Sharma,61,Senior,Female,East,Guwahati,Beauty,Face Cream,1,830.66,0.15,Medium,1004.6,46%,465.76,56.2,Cash on Delivery,5,FALSE,Shipped,10
ORD-00883,02/03/2021,2021,Q1,March,Tuesday,CUST25736,Rohan Bose,43,Adult,Other,North,Amritsar,Beauty,Hair Oil,9,1071.88,0.21,High,6143.09,58%,3577.85,64.18,Debit Card,5,FALSE,Delivered,9
ORD-00738,12/03/2020,2020,Q1,March,Thursday,CUST90925,Amit Iyer,45,Adult,Male,Central,Indore,Sports,Cricket Bat,2,2618.63,0.37,Very High,2183.04,17%,381.86,63.43,EMI,1,FALSE,Delivered,10
ORD-03295,25/11/2023,2023,Q4,November,Saturday,CUST19218,Aditya Verma,41,Adult,Female,North,Amritsar,Sports,Cricket Bat,5,7855.23,0.26,High,24768.64,23%,5747.72,37.97,Credit Card,1,TRUE,Returned,2
ORD-02609,02/06/2023,2023,Q2,June,Friday,CUST96498,Meera Kapoor,,,Female,South,Chennai,Clothing,Kurta,1,398.12,0.2,Medium,370.05,43%,160.84,61.44,Debit Card,5,FALSE,Delivered,
ORD-00295,05/09/2020,2020,Q3,September,Saturday,CUST86265,Nikhil Verma,3,Child & Teen,Male,East,Kolkata,Books,Cook Book,6,717.06,0.14,Medium,4062.73,24%,993.44,65.95,EMI,,FALSE,Delivered,4
ORD-00505,08/12/2020,2020,Q4,December,Tuesday,CUST37735,Kavya Mehta,51,Adult,Other,East,Bhubaneswar,Electronics,Tablet,8,43322.03,0.27,High,257970.06,8%,20962.59,81.23,Credit Card,5,FALSE,Cancelled,3
ORD-01660,01/10/2022,2022,Q4,October,Saturday,CUST07883,Aditya Joshi,35,Young Adult,Female,Central,Nagpur,Sports,Yoga Mat,3,14314.59,0.28,High,24565.05,27%,6700.1,49.08,Debit Card,2,TRUE,Returned,7
ORD-02120,22/07/2022,2022,Q3,July,Friday,CUST74638,Rohan Verma,4,Child & Teen,Male,East,Guwahati,Groceries,Flour,8,473.04,0.33,Very High,4049.28,7%,301.36,76.1,Cash on Delivery,5,FALSE,delivered,9
ORD-01718,02/02/2022,2022,Q1,February,Wednesday,CUST91928,Vikram Kapoor,39,Adult,Male,West,Surat,Sports,Football,7,6522.84,0.09,Low,37840.55,19%,7201.91,45.29,EMI,3,TRUE,Returned,3
ORD-02730,29/03/2023,2023,Q1,March,Wednesday,CUST20266,Sanjay Bose,11,Child & Teen,Female,Central,Bhopal,Books,Biography,4,1044.75,0.05,Low,6061.68,43%,2610.28,55.23,Cash on Delivery,3,FALSE,Delivered,6
ORD-01183,15/06/2021,2021,Q2,June,Tuesday,CUST36587,Amit Rao,9,Child & Teen,Male,East,Kolkata,Furniture,Desk,2,27005.32,0.13,Medium,70592.55,30%,21121.9,60.02,Credit Card,3,FALSE,Delivered,6
ORD-00548,30/08/2020,2020,Q3,August,Sunday,CUST25946,Aarav Gupta,27,Young Adult,Female,Central,Indore,Groceries,Cooking Oil,1,387.88,0.39,Very High,293.72,5%,15.64,65.68,Credit Card,4,FALSE,Delivered,7
ORD-00004,01/01/2020,2020,Q1,January,Wednesday,CUST59539,Aarav Rao,43,Adult,Male,Central,Raipur,Beauty,Shampoo,1,2179.09,0.26,High,1240,44%,548.45,71,Debit Card,5,FALSE,Pending,9
ORD-00979,22/03/2021,2021,Q1,March,Monday,CUST08503,Sanjay Iyer,48,Adult,Other,South,Bangalore,Beauty,Perfume,5,357.2,0.25,High,1350.29,35%,473.38,95.58,UPI,3,FALSE,Delivered,8
ORD-01144,30/05/2021,2021,Q2,May,Sunday,CUST45935,Aarav Kumar,15,Child & Teen,Other,East,Patna,Sports,Football,9,12309.47,0.39,Very High,88216.48,27%,23774.29,64.35,EMI,5,FALSE,Delivered,4
ORD-04114,25/11/2024,2024,Q4,November,Monday,CUST90879,Aarav Pillai,38,Adult,Other,West,Pune,Clothing,Jacket,8,2242.21,0.08,Low,15849.85,36%,5745.26,58.08,UPI,3,FALSE,cancelled,5
ORD-03044,08/09/2023,2023,Q3,September,Friday,CUST65535,Vikram Joshi,31,Young Adult,Other,South,Kochi,Groceries,Dal (1kg),6,180.04,0.37,Very High,955.97,9%,84.65,65.57,EMI,2,FALSE,Cancelled,7
ORD-01574,12/04/2021,2021,Q2,April,Monday,CUST51745,Sanjay Mishra,,,Other,West,Surat,Sports,Tennis Racket,10,8246.76,0.29,High,47232.4,21%,10000.85,76.69,Net Banking,,FALSE,Delivered,3
ORD-02571,25/01/2023,2023,Q1,January,Wednesday,CUST27786,Nikhil Shah,27,Young Adult,Male,Central,Nagpur,Groceries,Tea,2,419.88,0.03,Low,701.1,8%,57.86,49.02,Cash on Delivery,2,FALSE,Shipped,7
ORD-03212,20/10/2023,2023,Q4,October,Friday,CUST59899,Shreya Kapoor,37,Adult,Male,West,Surat,Groceries,Sugar,3,309.69,0.18,Medium,839.42,8%,69.64,50.8,UPI,1,FALSE,Delivered,1
ORD-00836,17/01/2021,2021,Q1,January,Sunday,CUST64754,Pooja Reddy,52,Adult,Other,West,Pune,Sports,Football,4,9859.42,0.1,Low,30461.87,27%,8214.61,75.89,Net Banking,5,FALSE,Delivered,7
ORD-00198,29/03/2020,2020,Q1,March,Sunday,CUST42117,Pooja Gupta,34,Young Adult,Other,South,Chennai,Furniture,Desk,9,20805.29,0.24,High,146348.3,25%,36051.94,59.05,UPI,5,FALSE,Delivered,7
ORD-00612,30/09/2020,2020,Q3,September,Wednesday,CUST14600,Sanjay Kumar,46,Adult,Other,West,Surat,Sports,Dumbbells,2,1417.62,0.33,Very High,1983.4,20%,404.4,38.22,UPI,1,FALSE,Delivered,4
ORD-02525,01/01/2023,2023,Q1,January,Sunday,CUST46864,Aditya Patel,26,Young Adult,Female,Central,Raipur,Clothing,Jeans,8,2369.91,0.35,Very High,12912.46,35%,4497.08,59.82,Debit Card,1,FALSE,Delivered,10
ORD-02913,06/12/2023,2023,Q4,December,Wednesday,CUST21693,Deepa Kumar,43,Adult,Other,North,Ludhiana,Beauty,Perfume,4,623.3,0.32,Very High,3062.97,57%,1736.95,52.12,UPI,2,FALSE,Delivered,3
ORD-01803,08/03/2022,2022,Q1,March,Tuesday,CUST75917,Nikhil Iyer,48,Adult,Female,North,Amritsar,Groceries,Sugar,1,259.95,0.3,High,210.74,8%,16.68,40.85,Net Banking,3,FALSE,Delivered,9
ORD-01141,29/05/2021,2021,Q2,May,Saturday,CUST04487,Meera Verma,34,Young Adult,Female,West,Ahmedabad,Books,Biography,7,846.48,0.2,Medium,6420.7,46%,2975.81,30.99,Credit Card,3,FALSE,Delivered,1
ORD-01022,04/07/2021,2021,Q3,July,Sunday,CUST91541,Aarav Sharma,23,Young Adult,Other,Central,Indore,Clothing,Jacket,9,2816.32,0.13,Medium,29155.08,19%,5473.17,58.3,Debit Card,3,FALSE,Cancelled,3
ORD-03638,30/04/2024,2024,Q2,April,Tuesday,CUST06952,Deepa Pillai,42,Adult,Other,South,Bangalore,Furniture,Bookshelf,4,15880.17,0.08,Low,96311.3,36%,34839.09,69.26,Debit Card,4,FALSE,Delivered,4
ORD-03505,03/03/2024,2024,Q1,March,Sunday,CUST59852,Nikhil Das,25,Young Adult,Male,Central,Indore,Groceries,Tea,7,126.08,0.08,Low,1012.38,8%,81.39,55.37,Credit Card,2,FALSE,Delivered,9
ORD-02440,24/11/2022,2022,Q4,November,Thursday,CUST91846,Karan Nair,48,Adult,Other,North,Amritsar,Sports,Tennis Racket,2,1682.52,0.04,Low,3162.9,21%,650.21,69.29,Debit Card,2,FALSE,Delivered,2
ORD-01819,15/03/2022,2022,Q1,March,Tuesday,CUST63222,Priya Reddy,39,Adult,Female,East,Bhubaneswar,Furniture,Desk,3,5315.14,0.2,Medium,17403.33,34%,5876.17,97.08,Credit Card,5,FALSE,Delivered,6
ORD-02785,20/04/2023,2023,Q2,April,Thursday,CUST80688,Rahul Gupta,17,Child & Teen,Female,North,Delhi,Sports,Dumbbells,4,14577.36,0.33,Very High,50624.06,15%,7342.63,51.26,Credit Card,4,FALSE,Delivered,6
ORD-03793,07/06/2024,2024,Q2,June,Friday,CUST34536,Priya Nair,27,Young Adult,Female,South,Hyderabad,Beauty,Sunscreen,7,1042.17,0.38,Very High,7279.6,46%,3363.37,71.04,EMI,5,FALSE,Pending,5
ORD-02711,22/03/2023,2023,Q1,March,Wednesday,CUST25704,Kavya Iyer,,,Female,South,Kochi,Beauty,Face Cream,10,1958.8,0.39,Very High,14393.92,51%,7311.62,56.07,UPI,5,FALSE,Delivered,7
ORD-03507,03/04/2024,2024,Q2,April,Wednesday,CUST15344,Deepa Singh,53,Adult,Male,West,Surat,Clothing,Dress,7,2771.26,0.15,Medium,21782.06,39%,8460.21,35.65,Credit Card,5,FALSE,Delivered,7
ORD-02636,15/02/2023,2023,Q1,February,Wednesday,CUST87391,Meera Das,26,Young Adult,Other,North,Ludhiana,Beauty,Hair Oil,3,1142.82,0.23,High,2958.07,44%,1291.21,53.34,Cash on Delivery,5,TRUE,Returned,9
ORD-03103,09/03/2023,2023,Q1,March,Thursday,CUST01278,Aarav Verma,18,Young Adult,Other,East,Patna,Beauty,Lipstick,6,993.05,0.01,Low,7148.92,32%,2268.41,82.4,UPI,5,FALSE,Delivered,1
ORD-03650,05/04/2024,2024,Q2,April,Friday,CUST58829,Sanjay Kapoor,57,Senior,Female,Central,Bhopal,Books,Fiction Novel,8,1190.92,0.22,High,14021.08,41%,5817.67,76.18,UPI,3,TRUE,Returned,1
ORD-01571,12/03/2021,2021,Q1,March,Friday,CUST56653,Nisha Sharma,3,Child & Teen,Male,Central,Raipur,Clothing,T-Shirt,8,3931.3,0.21,High,17747.79,31%,5566.53,73.66,UPI,3,TRUE,Returned,
ORD-00063,23/01/2020,2020,Q1,January,Thursday,CUST82089,Ritu Gupta,2,Child & Teen,Female,West,Mumbai,Books,Self-Help Book,4,1208.46,0.01,Low,3212.12,37%,1192.21,60.86,Credit Card,,FALSE,Delivered,10
ORD-02696,14/03/2023,2023,Q1,March,Tuesday,CUST64855,Sunita Shah,46,Adult,Other,West,Ahmedabad,Books,Comic Book,2,1077.11,0.3,High,1827.02,40%,727.8,61.35,UPI,5,FALSE,Delivered,6
ORD-00714,23/11/2020,2020,Q4,November,Monday,CUST61590,Amit Reddy,47,Adult,Other,South,Kochi,Groceries,Rice (5kg),7,368.78,0.12,Medium,1528.79,8%,127.54,66.03,UPI,4,FALSE,Delivered,9
ORD-00753,12/07/2020,2020,Q3,July,Sunday,CUST57450,Kavya Sharma,31,Young Adult,Male,North,Delhi,Beauty,Face Cream,8,1138.01,0.11,Medium,5468.92,24%,1289.66,49.38,Net Banking,2,FALSE,Delivered,2
ORD-01223,07/06/2021,2021,Q2,June,Monday,CUST92686,Sanjay Bose,39,Adult,Female,South,Chennai,Furniture,Bookshelf,7,20357.47,0.03,Low,174471.77,26%,45868.32,75.4,Credit Card,4,FALSE,Delivered,9
ORD-03378,31/12/2023,2023,Q4,December,Sunday,CUST54270,Arjun Sharma,4,Child & Teen,Male,South,Hyderabad,Furniture,Wardrobe,9,13849.98,0.25,High,72465.97,32%,23060.68,47.19,UPI,2,FALSE,Delivered,5
ORD-00809,01/05/2021,2021,Q2,May,Saturday,CUST99388,Ritu Kapoor,33,Young Adult,Male,South,Chennai,Clothing,Jeans,999,3280.13,0.03,Low,2586345.13,36%,921794.6,83.69,EMI,1,TRUE,Returned,7
ORD-02106,16/07/2022,2022,Q3,July,Saturday,CUST15065,Amit Verma,36,Adult,Female,Central,Nagpur,Sports,Cricket Bat,6,7187.46,0.27,High,45280.94,17%,7760.51,48.71,EMI,3,FALSE,Delivered,5
ORD-01928,05/02/2022,2022,Q1,February,Saturday,CUST06307,Ananya Reddy,56,Senior,Male,South,Bangalore,Sports,Cycle,1,9069.14,0.29,High,8752.76,21%,1861.72,32.62,Debit Card,4,FALSE,pending,5
ORD-01189,19/06/2021,2021,Q2,June,Saturday,CUST03077,Amit Pillai,34,Young Adult,Female,Central,Nagpur,Groceries,Tea,10,203.58,0.01,Low,2770.83,9%,255.25,18.95,Debit Card,3,FALSE,Delivered,6
ORD-01971,21/05/2022,2022,Q2,May,Saturday,CUST35736,Pooja Verma,28,Young Adult,Other,Central,Nagpur,Furniture,Chair,10,28073.85,0.05,Low,383279,28%,108417.14,54.05,EMI,1,FALSE,Delivered,8
ORD-03270,14/11/2023,2023,Q4,November,Tuesday,CUST56619,Rohan Sharma,32,Young Adult,Male,East,Bhubaneswar,Clothing,Dress,5,1851.88,0.29,High,6571.19,41%,2703.37,85.66,Credit Card,,TRUE,Returned,2
ORD-01447,16/10/2021,2021,Q4,October,Saturday,CUST92723,Priya Patel,42,Adult,Other,West,Pune,Furniture,Bed Frame,5,5397.15,0.35,Very High,15752.78,29%,4521.5,33.64,EMI,5,FALSE,Delivered,3
ORD-00717,24/11/2020,2020,Q4,November,Tuesday,CUST23500,Rahul Chatterjee,47,Adult,Other,South,Chennai,Furniture,Bookshelf,5,20390.29,0.07,Low,66216.67,36%,23720.97,102.38,UPI,3,FALSE,Delivered,3
ORD-01883,04/10/2022,2022,Q4,October,Tuesday,CUST03672,Amit Shah,24,Young Adult,Male,West,Pune,Furniture,Bookshelf,9,11907.81,0.18,Medium,119048.66,36%,42582.04,73.86,Cash on Delivery,5,FALSE,Delivered,10
ORD-01300,08/10/2021,2021,Q4,October,Friday,CUST98101,Deepa Bose,3,Child & Teen,Female,West,Pune,Groceries,Sugar,6,303.35,0.13,Medium,2102.56,7%,144.04,55.2,Credit Card,1,TRUE,Returned,3
ORD-01676,18/01/2022,2022,Q1,January,Tuesday,CUST65261,Shreya Chatterjee,3,Child & Teen,Other,Central,Indore,Furniture,Sofa,3,30465.56,0.24,High,48391.98,35%,16835.51,57.1,Cash on Delivery,5,FALSE,Delivered,3
ORD-00987,25/03/2021,2021,Q1,March,Thursday,CUST04483,Priya Joshi,29,Young Adult,Male,Central,Nagpur,Furniture,Wardrobe,4,7372.62,0.11,Medium,32182.82,34%,11067.17,75.03,EMI,2,FALSE,Delivered,9
ORD-00141,25/02/2020,2020,Q1,February,Tuesday,CUST83686,Ananya Iyer,42,Adult,Other,East,Guwahati,Beauty,Face Cream,9,900.37,0.12,Medium,6635.38,43%,2823.39,81.17,Cash on Delivery,5,FALSE,Delivered,2
ORD-01924,30/04/2022,2022,Q2,April,Saturday,CUST39294,Amit Reddy,3,Child & Teen,Female,South,Chennai,Groceries,Sugar,1,306.96,0.37,Very High,278.33,9%,24.24,44.4,UPI,1,FALSE,Delivered,3
ORD-03134,16/09/2023,2023,Q3,September,Saturday,CUST94057,Kavya Bose,29,Young Adult,Male,South,Bangalore,Sports,Cycle,5,11278.57,0.2,Medium,57170.08,23%,13004.09,76.71,Debit Card,2,FALSE,Cancelled,4
ORD-01112,16/05/2021,2021,Q2,May,Sunday,CUST48929,Kavya Reddy,21,Young Adult,Other,West,Pune,Furniture,Sofa,10,29768.42,,,404913.22,26%,105876.32,66.42,Cash on Delivery,5,FALSE,Delivered,8
ORD-00378,06/10/2020,2020,Q4,October,Tuesday,CUST11134,Arjun Singh,,,Other,East,Guwahati,Electronics,Smartwatch,9,16985.93,,,184331.59,9%,16161.85,75.65,Cash on Delivery,5,FALSE,Shipped,9
ORD-01800,03/08/2022,2022,Q3,August,Wednesday,CUST93477,Sunita Joshi,29,Young Adult,Female,South,Kochi,Books,Self-Help Book,1,1151.01,0.17,Medium,1165.98,45%,528.79,79.86,Net Banking,5,FALSE,Delivered,1
ORD-01637,30/12/2021,2021,Q4,December,Thursday,CUST05372,Ritu Shah,18,Young Adult,Other,Central,Indore,Books,Comic Book,5,679.37,0.17,Medium,1782.03,51%,915.89,55.83,EMI,2,FALSE,Delivered,8
ORD-04113,22/11/2024,2024,Q4,November,Friday,CUST10274,Arjun Gupta,13,Child & Teen,Other,Central,Bhopal,Groceries,Rice (5kg),8,185.5,0.29,High,1001.02,8%,79.89,48.43,Debit Card,5,FALSE,Pending,6
ORD-00500,08/07/2020,2020,Q3,July,Wednesday,CUST80941,Ananya Sharma,56,Senior,Male,South,Chennai,Sports,Yoga Mat,10,10625.78,0.17,Medium,105870.48,25%,26797.52,51.49,Cash on Delivery,5,FALSE,Delivered,8
ORD-02067,07/01/2022,2022,Q1,January,Friday,CUST70593,Shreya Nair,34,Young Adult,Male,West,Surat,Electronics,Smartwatch,5,38796.6,0.21,High,209644.29,12%,25458.48,62.35,UPI,4,FALSE,Cancelled,8
ORD-01280,31/07/2021,2021,Q3,July,Saturday,CUST18652,Rahul Iyer,21,Young Adult,Other,Central,Nagpur,Clothing,Dress,2,3825.43,0.38,Very High,5477.43,27%,1454.06,57.72,Cash on Delivery,3,FALSE,Delivered,2
ORD-00145,28/02/2020,2020,Q1,February,Friday,CUST49284,Meera Bhat,25,Young Adult,Male,South,Kochi,Electronics,Camera,6,35454.89,0.15,Medium,175411.87,11%,19968.6,54.28,Credit Card,5,FALSE,Delivered,1
ORD-03921,20/08/2024,2024,Q3,August,Tuesday,CUST65997,Rahul Chatterjee,41,Adult,Other,East,Guwahati,Groceries,Tea,3,392.38,0.12,Medium,1567.64,7%,108.65,81.44,Cash on Delivery,4,FALSE,Pending,5
ORD-02335,10/09/2022,2022,Q3,September,Saturday,CUST67913,Priya Shah,27,Young Adult,Female,West,Pune,Electronics,Laptop,3,79758.61,0.33,Very High,167128.86,11%,19212.28,56.24,Debit Card,1,FALSE,Cancelled,2
ORD-00367,06/06/2020,2020,Q2,June,Saturday,CUST80217,Meera Mishra,53,Adult,Female,South,Chennai,Groceries,Cooking Oil,9,324.66,0.14,Medium,3440.59,7%,225.96,74.78,Debit Card,1,TRUE,Returned,5
ORD-03343,17/12/2023,2023,Q4,December,Sunday,CUST67045,Amit Kapoor,54,Adult,Male,Central,Indore,Electronics,Tablet,5,39863.48,0.33,Very High,99121.04,12%,11921.37,75.46,Cash on Delivery,4,FALSE,Cancelled,10
ORD-01675,18/01/2022,2022,Q1,January,Tuesday,CUST33813,Nikhil Reddy,36,Adult,Other,West,Pune,Beauty,Perfume,5,1392.93,0.4,Very High,3575.81,41%,1461.67,71.76,Net Banking,3,FALSE,Delivered,10
ORD-02430,17/11/2022,2022,Q4,November,Thursday,CUST93527,Deepa Verma,28,Young Adult,Other,South,Bangalore,Beauty,Sunscreen,9,113.69,0.22,High,699.53,48%,335.72,40.1,UPI,5,TRUE,Returned,7
ORD-02619,10/02/2023,2023,Q1,February,Friday,CUST88761,Meera Kumar,5,Child & Teen,Female,Central,Raipur,Clothing,T-Shirt,6,1362.12,0.04,Low,7638.08,47%,3612.77,61.28,Credit Card,4,FALSE,Delivered,8
ORD-00967,17/03/2021,2021,Q1,March,Wednesday,CUST90596,Ananya Sharma,21,Young Adult,Male,East,Guwahati,Beauty,Hair Oil,2,119.38,0.13,Medium,236.95,58%,137.69,86.43,EMI,3,FALSE,Pending,10
ORD-02226,29/08/2022,2022,Q3,August,Monday,CUST46124,Rahul Mehta,26,Young Adult,Male,North,Amritsar,Books,Cook Book,9,830.37,0.25,High,6671.85,48%,3182.54,37.06,Cash on Delivery,2,FALSE,Delivered,2
ORD-02599,02/03/2023,2023,Q1,March,Thursday,CUST92468,Sunita Nair,39,Adult,Female,East,Kolkata,Furniture,Desk,7,12553.02,0.22,High,71332.69,28%,19645.47,85.94,EMI,3,FALSE,Delivered,1
ORD-04127,30/11/2024,2024,Q4,November,Saturday,CUST07792,Priya Joshi,34,Young Adult,Male,West,Surat,Beauty,Lipstick,4,1854.35,0.04,Low,6462.23,55%,3552.01,32.77,Net Banking,5,FALSE,Delivered,2
ORD-00238,14/04/2020,2020,Q2,April,Tuesday,CUST04066,Nisha Reddy,32,Young Adult,Other,North,Delhi,Sports,Football,10,14961.46,0.01,Low,161945.63,16%,26205.1,35.42,Net Banking,2,FALSE,Delivered,
ORD-02334,10/09/2022,2022,Q3,September,Saturday,CUST20367,Karan Gupta,21,Young Adult,Other,South,Kochi,Sports,Cricket Bat,5,13397.51,0.34,Very High,43451.18,18%,7788.1,73.66,Net Banking,4,FALSE,Delivered,5
ORD-01019,04/04/2021,2021,Q2,April,Sunday,CUST72581,Sunita Kapoor,35,Young Adult,Other,Central,Nagpur,Books,Textbook,2,1240.07,0.27,High,2086.49,46%,966.59,50.83,Cash on Delivery,4,FALSE,Delivered,9
ORD-02346,10/11/2022,2022,Q4,November,Thursday,CUST57309,Meera Bose,14,Child & Teen,Female,North,Amritsar,Electronics,Camera,4,15142.49,0.12,Medium,54212.43,11%,5733.17,98.24,EMI,2,FALSE,Pending,6
ORD-03762,26/06/2024,2024,Q2,June,Wednesday,CUST95973,Nikhil Singh,36,Adult,Male,East,Bhubaneswar,Beauty,Face Cream,5,506.32,0.23,High,3615.35,52%,1883.1,101.92,Cash on Delivery,3,FALSE,Pending,8
ORD-02935,28/06/2023,2023,Q2,June,Wednesday,CUST75718,Aarav Das,27,Young Adult,Female,North,Delhi,Sports,Dumbbells,1,8268.89,,,14813.92,27%,3926.85,52.82,EMI,3,FALSE,Delivered,7
ORD-01146,30/05/2021,2021,Q2,May,Sunday,CUST14306,Pooja Verma,32,Young Adult,Female,Central,Bhopal,Clothing,Jeans,3,2929.95,0.06,Low,12682.78,35%,4420.51,33.4,Cash on Delivery,2,FALSE,Cancelled,10
ORD-03466,02/10/2024,2024,Q4,October,Wednesday,CUST49074,Rohan Kumar,27,Young Adult,Male,South,Chennai,Clothing,Dress,5,1140.39,0.08,Low,5942.91,50%,2945.59,66.62,Debit Card,1,TRUE,Returned,2
ORD-00306,05/12/2020,2020,Q4,December,Saturday,CUST49089,Meera Pillai,32,Young Adult,Male,North,Amritsar,Clothing,Dress,1,2507.91,0.29,High,2231.21,26%,589.57,42.69,EMI,2,FALSE,Delivered,3
ORD-04001,23/09/2024,2024,Q3,September,Monday,CUST65012,Sanjay Bose,39,Adult,Male,South,Kochi,Clothing,Dress,6,633.62,0.11,Medium,4634.74,38%,1771.15,66.09,Debit Card,2,FALSE,Delivered,3
ORD-03305,30/11/2023,2023,Q4,November,Thursday,CUST44322,Rahul Joshi,59,Senior,Male,North,Amritsar,Electronics,Smartphone,9,45871.33,,,349237.43,12%,41287.55,42.69,EMI,1,FALSE,Shipped,9
ORD-01454,20/10/2021,2021,Q4,October,Wednesday,CUST23242,Meera Singh,43,Adult,Female,North,Ludhiana,Sports,Cricket Bat,3,6413.38,0.13,Medium,14627.15,25%,3690.83,28.34,Cash on Delivery,5,FALSE,Shipped,2
ORD-02968,07/08/2023,2023,Q3,August,Monday,CUST30076,Priya Singh,21,Young Adult,Male,East,Guwahati,Clothing,Kurta,8,306.88,0.19,Medium,2993.13,34%,1019.95,53.78,Credit Card,3,TRUE,Returned,8
ORD-04121,27/11/2024,2024,Q4,November,Wednesday,CUST46430,Arjun Iyer,42,Adult,Male,East,Guwahati,Electronics,Laptop,7,26719.46,0.32,Very High,125839.81,13%,16743.79,87.4,Credit Card,1,FALSE,Delivered,9
ORD-01496,11/02/2021,2021,Q1,February,Thursday,CUST57725,Kavya Nair,43,Adult,Other,North,Ludhiana,Beauty,Hair Oil,2,870.66,0.04,Low,1465.34,48%,696.19,29.61,Credit Card,1,TRUE,Returned,10
ORD-00890,02/04/2021,2021,Q2,April,Friday,CUST21364,Arjun Shah,33,Young Adult,Other,South,Hyderabad,Electronics,Tablet,1,41541.62,0.18,Medium,29525.13,13%,3792.31,88.25,Net Banking,2,FALSE,Cancelled,6
ORD-03736,17/06/2024,2024,Q2,June,Monday,CUST82654,Deepa Verma,28,Young Adult,Other,Central,Nagpur,Groceries,Dal (1kg),5,303.44,0.06,Low,2686.06,8%,221.12,32.81,UPI,4,FALSE,Delivered,9
ORD-02939,28/06/2023,2023,Q2,June,Wednesday,CUST99269,Ananya Mishra,42,Adult,Other,North,Chandigarh,Electronics,Headphones,3,28197.79,0.16,Medium,103938.59,17%,17181.51,73.99,Credit Card,4,FALSE,Shipped,1
ORD-01481,27/10/2021,2021,Q4,October,Wednesday,CUST71792,Nikhil Kumar,,,Other,West,Ahmedabad,Clothing,Jeans,,2473.16,0.34,Very High,1735.97,31%,545.85,67.96,Cash on Delivery,5,TRUE,Returned,10
ORD-01427,10/06/2021,2021,Q2,June,Thursday,CUST62447,Aditya Mehta,25,Young Adult,Other,South,Kochi,Clothing,Kurta,3,1683.92,0.01,Low,5129.49,33%,1700.69,84.8,Cash on Delivery,3,FALSE,Pending,8
ORD-01514,11/12/2021,2021,Q4,December,Saturday,CUST41703,Ritu Nair,,,Female,East,Guwahati,Furniture,Chair,8,15110.2,0.07,Low,77607.19,24%,18792.98,87.16,UPI,4,FALSE,Delivered,6
ORD-00654,21/10/2020,2020,Q4,October,Wednesday,CUST92572,Rohan Kapoor,36,Adult,Female,Central,Nagpur,Furniture,Wardrobe,6,29603.47,0.09,Low,131775.14,24%,31425.24,72.71,Cash on Delivery,4,FALSE,Delivered,2
ORD-01501,11/04/2021,2021,Q2,April,Sunday,CUST09268,Meera Iyer,47,Adult,Other,South,Chennai,Electronics,Camera,4,32627.08,0.15,Medium,92706.13,14%,13307.57,72.28,Debit Card,3,TRUE,Returned,8
ORD-00631,10/10/2020,2020,Q4,October,Saturday,CUST25609,Ananya Sharma,6,Child & Teen,Male,North,Amritsar,Books,Biography,4,902.54,0.33,Very High,1938.35,39%,751.4,75.5,EMI,1,FALSE,Delivered,2
ORD-01235,07/12/2021,2021,Q4,December,Tuesday,CUST68009,Karan Patel,3,Child & Teen,Female,East,Kolkata,Groceries,Dal (1kg),10,359.56,0.08,Low,4470.56,9%,416.18,62.31,Debit Card,1,TRUE,Returned,9
ORD-03504,03/03/2024,2024,Q1,March,Sunday,CUST34451,Nikhil Iyer,31,Young Adult,Other,West,Mumbai,Sports,Dumbbells,7,1704.58,0.39,Very High,10255.26,31%,3143.81,60.24,Cash on Delivery,1,FALSE,Delivered,4
ORD-04190,26/12/2024,2024,Q4,December,Thursday,CUST01943,Amit Reddy,21,Young Adult,Other,North,Ludhiana,Sports,Cricket Bat,6,5492.54,0.09,Low,25243.43,24%,6104.49,71.5,EMI,5,FALSE,Delivered,1
ORD-01579,12/05/2021,2021,Q2,May,Wednesday,CUST34002,Shreya Das,12,Child & Teen,Male,South,Chennai,Electronics,Tablet,5,64878.88,0.37,Very High,154831,13%,19600.91,55.95,Net Banking,1,FALSE,Delivered,8
ORD-01804,03/10/2022,2022,Q4,October,Monday,CUST98137,Amit Mishra,21,Young Adult,Female,North,Delhi,Books,Self-Help Book,1,268.61,0.02,Low,281.46,29%,81.29,49.64,EMI,5,FALSE,Delivered,1
ORD-03541,19/03/2024,2024,Q1,March,Tuesday,CUST20196,Nikhil Patel,39,Adult,Female,Central,Raipur,Beauty,Sunscreen,5,2034.91,0.36,Very High,7446.29,30%,2266.42,51.38,Cash on Delivery,3,FALSE,delivered,7
ORD-03750,21/06/2024,2024,Q2,June,Friday,CUST58867,Meera Das,47,Adult,Other,Central,Raipur,Beauty,Sunscreen,9,2060.87,0.1,Low,28144,36%,10192.2,37.8,Cash on Delivery,4,FALSE,Pending,4
ORD-01104,13/05/2021,2021,Q2,May,Thursday,CUST46318,Vikram Shah,21,Young Adult,Other,West,Surat,Electronics,Laptop,2,78594.04,0.05,Low,193777.03,13%,25135.71,35.32,Credit Card,3,FALSE,Delivered,8
ORD-00567,09/09/2020,2020,Q3,September,Wednesday,CUST22945,Meera Kumar,52,Adult,Female,South,Kochi,Books,Fiction Novel,9,955.64,0.15,Medium,8375.59,34%,2836.26,75.79,Credit Card,4,FALSE,Pending,9
ORD-01662,01/12/2022,2022,Q4,December,Thursday,CUST29153,Deepa Iyer,26,Young Adult,Other,Central,Raipur,Beauty,Face Cream,6,779.63,0.18,Medium,3057.53,51%,1544.23,28.85,EMI,2,TRUE,Returned,9
ORD-03139,18/09/2023,2023,Q3,September,Monday,CUST16592,Sunita Iyer,22,Young Adult,Other,West,Surat,Furniture,Bed Frame,6,8704.76,0.23,High,52701.51,31%,16266.5,67.26,Credit Card,1,FALSE,Pending,9
ORD-03409,17/01/2024,2024,Q1,January,Wednesday,CUST78204,Meera Patel,52,Adult,Female,Central,Nagpur,Electronics,Smartphone,10,9943.85,0.05,Low,93726.28,12%,11320.82,33.45,UPI,4,TRUE,Returned,6
ORD-02418,11/10/2022,2022,Q4,October,Tuesday,CUST18934,Sunita Kumar,14,Child & Teen,Male,West,Pune,Sports,Football,2,1772.04,0.27,High,2303.4,15%,352.8,47.87,Cash on Delivery,2,FALSE,Delivered,8
ORD-01612,21/12/2021,2021,Q4,December,Tuesday,CUST27676,Meera Bose,33,Young Adult,Female,North,Chandigarh,Groceries,Sugar,6,377.46,0.31,Very High,1187.16,5%,62.24,64.09,Net Banking,2,FALSE,Shipped,5
ORD-03761,25/06/2024,2024,Q2,June,Tuesday,CUST71732,Ritu Gupta,27,Young Adult,Female,South,Bangalore,Groceries,Cooking Oil,1,389.09,0.33,Very High,384.54,9%,33.54,93.62,Credit Card,5,FALSE,Delivered,3
ORD-00569,09/10/2020,2020,Q4,October,Friday,CUST30901,Ananya Kumar,49,Adult,Male,Central,Nagpur,Clothing,Dress,9,1086.28,0.01,Low,10096.41,30%,2991.15,60.79,UPI,5,FALSE,Shipped,5
ORD-02038,17/06/2022,2022,Q2,June,Friday,CUST04354,Meera Verma,5,Child & Teen,Other,East,Bhubaneswar,Beauty,Face Cream,2,884.91,0.29,High,2004.25,56%,1116.42,82.19,Credit Card,2,FALSE,Shipped,3
ORD-01570,12/03/2021,2021,Q1,March,Friday,CUST84183,Amit Shah,21,Young Adult,Male,North,Amritsar,Electronics,Smartwatch,9,53847.63,0.31,Very High,246850.13,15%,37649.52,59.17,UPI,4,FALSE,delivered,2
ORD-03115,09/08/2023,2023,Q3,August,Wednesday,CUST63946,Amit Sharma,45,Adult,Other,North,Ludhiana,Clothing,Kurta,6,828.79,0.19,Medium,4849.25,39%,1887.14,32.64,EMI,5,FALSE,Cancelled,6
ORD-00826,13/01/2021,2021,Q1,January,Wednesday,CUST30306,Amit Joshi,22,Young Adult,Other,South,Chennai,Beauty,Sunscreen,8,920.84,0.23,High,4710.2,54%,2543.38,46.86,Credit Card,5,FALSE,Delivered,8
ORD-01160,06/04/2021,2021,Q2,April,Tuesday,CUST00213,Shreya Chatterjee,24,Young Adult,Female,North,Ludhiana,Books,Cook Book,4,514.84,0.08,Low,2778.42,38%,1048.18,49.45,Debit Card,5,FALSE,Delivered,7
ORD-04043,20/10/2024,2024,Q4,October,Sunday,CUST23084,Vikram Patel,28,Young Adult,Other,North,Ludhiana,Books,Textbook,2,1282.63,0.29,High,1929.76,41%,782.47,19.68,Debit Card,4,FALSE,Delivered,6
ORD-01352,09/01/2021,2021,Q1,January,Saturday,CUST17309,Sunita Singh,31,Young Adult,Female,East,Bhubaneswar,Books,Fiction Novel,1,1491.06,0.04,Low,1674.24,30%,498.53,77.85,Debit Card,3,FALSE,Delivered,10
ORD-00223,04/07/2020,2020,Q3,July,Saturday,CUST38820,Rahul Verma,,,Male,East,Guwahati,Sports,Cricket Bat,3,567.58,0.18,Medium,1455.2,29%,417.04,71.54,UPI,5,FALSE,Pending,7
ORD-01797,03/07/2022,2022,Q3,July,Sunday,CUST91049,Arjun Bhat,3,Child & Teen,Female,Central,Nagpur,Electronics,Smartphone,7,56508.01,0.17,Medium,346370.5,15%,51195.31,55.94,EMI,1,FALSE,Cancelled,5
ORD-01143,30/05/2021,2021,Q2,May,Sunday,CUST25482,Karan Reddy,44,Adult,Other,Central,Indore,Books,Textbook,9,1098.38,0.3,High,8954.36,45%,4025.08,53.61,EMI,4,FALSE,Delivered,2
ORD-03370,30/12/2023,2023,Q4,December,Saturday,CUST29187,Vikram Bhat,38,Adult,Female,South,Kochi,Groceries,Sugar,4,447.49,0.26,High,1195.23,11%,126.56,87.92,Credit Card,5,FALSE,Shipped,3
ORD-02090,07/09/2022,2022,Q3,September,Wednesday,CUST03478,Sunita Mishra,33,Young Adult,Female,Central,Nagpur,Books,Comic Book,,1491.38,0.11,Medium,2043.42,41%,838.22,72.14,UPI,5,FALSE,Delivered,3
ORD-03176,10/05/2023,2023,Q2,May,Wednesday,CUST24094,Amit Bose,42,Adult,Other,Central,Indore,Sports,Dumbbells,5,10121.78,0.14,Medium,46514.29,31%,14209.66,67.27,Net Banking,1,FALSE,Delivered,6
ORD-00965,17/03/2021,2021,Q1,March,Wednesday,CUST01123,Sunita Das,37,Adult,Male,South,Kochi,Furniture,Bed Frame,4,14435.97,0.01,Low,62179.84,28%,17618.77,57.05,Net Banking,3,FALSE,Delivered,7
ORD-00900,02/08/2021,2021,Q3,August,Monday,CUST52346,Shreya Gupta,39,Adult,Other,West,Ahmedabad,Electronics,Smartphone,3,76079.41,0.07,Low,168287.61,9%,15094,31.95,UPI,2,TRUE,Returned,8
ORD-00250,20/04/2020,2020,Q2,April,Monday,CUST60360,Aditya Pillai,54,Adult,Female,Central,Indore,Beauty,Sunscreen,5,1643.32,0.11,Medium,9008.47,44%,4000.95,84.55,Cash on Delivery,4,FALSE,Delivered,4
ORD-01805,03/10/2022,2022,Q4,October,Monday,CUST13304,Sanjay Nair,44,Adult,Other,South,Hyderabad,Sports,Cycle,3,10264.85,0.09,Low,30609.29,28%,8490.63,39.51,Net Banking,5,FALSE,Delivered,8
ORD-00462,21/07/2020,2020,Q3,July,Tuesday,CUST21355,Rohan Singh,15,Child & Teen,Male,North,Chandigarh,Furniture,Bookshelf,6,13817.71,0.04,Low,89542.82,22%,19508.64,43.47,Net Banking,5,FALSE,Delivered,3
ORD-03206,19/10/2023,2023,Q4,October,Thursday,CUST74267,Deepa Bhat,29,Young Adult,Male,Central,Raipur,Electronics,Tablet,1,75894.5,0.12,Medium,69743.96,12%,8164.31,36.14,UPI,1,FALSE,Delivered,5
ORD-03680,16/05/2024,2024,Q2,May,Thursday,CUST34978,Arjun Mishra,19,Young Adult,Female,North,Chandigarh,Groceries,Sugar,4,237.91,0.2,Medium,1123.61,9%,104.78,61.7,Credit Card,5,TRUE,Returned,4
ORD-03072,19/08/2023,2023,Q3,August,Saturday,CUST71775,Aditya Joshi,25,Young Adult,Male,South,Hyderabad,Beauty,Hair Oil,6,1067.32,0.1,Low,9986.14,36%,3581.4,84.82,EMI,4,TRUE,Returned,9
ORD-01964,17/05/2022,2022,Q2,May,Tuesday,CUST41576,Vikram Das,38,Adult,Female,West,Pune,Books,Biography,10,550.81,0.07,Low,6670.17,49%,3295.18,67.61,Cash on Delivery,4,FALSE,Delivered,4
ORD-00889,02/04/2021,2021,Q2,April,Friday,CUST13240,Arjun Das,41,Adult,Other,Central,Nagpur,Groceries,Sugar,2,184.78,0.02,Low,289.36,8%,22.18,44.84,Debit Card,1,FALSE,delivered,9
ORD-00712,22/11/2020,2020,Q4,November,Sunday,CUST65830,Rohan Shah,7,Child & Teen,Other,West,Pune,Sports,Tennis Racket,3,843.33,0.23,High,1489.34,25%,371.2,44.35,Net Banking,5,FALSE,Delivered,1
ORD-03528,11/03/2024,2024,Q1,March,Monday,CUST06064,Meera Mishra,26,Young Adult,Other,South,Bangalore,Books,Comic Book,7,1296.36,0.33,Very High,7811.5,34%,2621.95,93.81,Debit Card,,FALSE,Delivered,10
ORD-02845,24/05/2023,2023,Q2,May,Wednesday,CUST08284,Rohan Mishra,19,Young Adult,Male,West,Mumbai,Books,Comic Book,9,1391.1,0.09,Low,19579.44,42%,8225.45,57.35,Debit Card,5,FALSE,Shipped,5
ORD-04009,27/09/2024,2024,Q3,September,Friday,CUST19149,Meera Reddy,41,Adult,Other,South,Hyderabad,Furniture,Sofa,10,24673.9,0.26,High,227656.87,38%,85641.84,82.09,Debit Card,,FALSE,Delivered,8
ORD-00492,08/04/2020,2020,Q2,April,Wednesday,CUST93700,Deepa Chatterjee,26,Young Adult,Other,North,Amritsar,Sports,Football,7,8179.73,0.1,Low,61790.38,21%,13078.48,40.31,Credit Card,1,FALSE,Delivered,1
ORD-00124,16/02/2020,2020,Q1,February,Sunday,CUST06506,Vikram Mishra,32,Young Adult,Female,West,Mumbai,Electronics,Tablet,10,53531.64,0.13,Medium,400722.8,13%,51938.51,58.35,Cash on Delivery,4,TRUE,Returned,10
ORD-02333,10/09/2022,2022,Q3,September,Saturday,CUST56340,Pooja Mehta,26,Young Adult,Male,North,Amritsar,Books,Fiction Novel,2,1065.57,,,2076.05,53%,1101.49,25.68,EMI,4,FALSE,Delivered,6
ORD-00618,10/03/2020,2020,Q1,March,Tuesday,CUST23090,Kavya Iyer,43,Adult,Other,West,Mumbai,Books,Fiction Novel,5,1447.22,0.08,Low,4844.51,58%,2794.08,69.42,UPI,5,FALSE,Delivered,2
ORD-01562,30/11/2021,2021,Q4,November,Tuesday,CUST52989,Meera Bose,37,Adult,Female,Central,Nagpur,Groceries,Tea,10,114.63,0.27,High,544.49,8%,42.94,49.31,EMI,4,FALSE,Delivered,8
ORD-02524,01/01/2023,2023,Q1,January,Sunday,CUST02441,Sunita Bhat,54,Adult,Male,South,Bangalore,Sports,Cycle,3,6013.86,0.01,Low,16119.22,22%,3536.03,79.16,EMI,3,FALSE,Shipped,
ORD-03445,02/03/2024,2024,Q1,March,Saturday,CUST68712,Sunita Kapoor,1,Child & Teen,Other,Central,Nagpur,Beauty,Sunscreen,4,2410.81,0.23,High,8079.65,52%,4194.49,53.44,Cash on Delivery,4,FALSE,Delivered,5
ORD-01977,23/05/2022,2022,Q2,May,Monday,CUST02433,Arjun Gupta,27,Young Adult,Other,North,Ludhiana,Furniture,Wardrobe,2,14453.77,0.22,High,32603.05,25%,8034.59,53.68,UPI,5,FALSE,Delivered,9
ORD-00562,09/06/2020,2020,Q2,June,Tuesday,CUST35414,Rohan Joshi,39,Adult,Female,West,Surat,Beauty,Lipstick,6,1280.84,0.23,High,5974.92,45%,2678.22,72.99,Net Banking,3,FALSE,Delivered,1
ORD-01698,28/01/2022,2022,Q1,January,Friday,CUST81725,Nikhil Singh,29,Young Adult,Other,East,Bhubaneswar,Furniture,Sofa,4,30087.03,0.2,Medium,73826.31,28%,20501.91,80.38,Debit Card,1,FALSE,Delivered,7
ORD-00765,13/12/2020,2020,Q4,December,Sunday,CUST44683,Rohan Patel,26,Young Adult,Other,North,Chandigarh,Furniture,Bed Frame,1,19060.92,0.31,Very High,9008.82,27%,2392.71,30.32,Net Banking,2,FALSE,Delivered,4
ORD-02155,08/04/2022,2022,Q2,April,Friday,CUST14965,Rohan Pillai,36,Adult,Female,South,Chennai,Sports,Tennis Racket,5,10085.52,0.04,Low,65977.61,22%,14440.37,73.11,UPI,2,TRUE,Returned,5
ORD-00696,11/12/2020,2020,Q4,December,Friday,CUST46839,Aditya Sharma,31,Young Adult,Other,Central,Bhopal,Sports,Dumbbells,8,12118.96,0.09,Low,73900.27,19%,14318.27,77.48,Cash on Delivery,,FALSE,Delivered,10
ORD-01267,26/07/2021,2021,Q3,July,Monday,CUST48930,Nikhil Nair,32,Young Adult,Other,South,Hyderabad,Beauty,Shampoo,2,434.45,0.32,Very High,753.9,35%,264.34,66.45,Net Banking,4,TRUE,Returned,3
ORD-01951,05/11/2022,2022,Q4,November,Saturday,CUST38752,Pooja Sharma,52,Adult,Female,South,Bangalore,Clothing,Jeans,5,3102.98,0.11,Medium,20951.58,43%,8948.88,34.13,UPI,5,FALSE,Delivered,8
ORD-02802,30/04/2023,2023,Q2,April,Sunday,CUST45496,Shreya Pillai,38,Adult,Other,South,Chennai,Beauty,Sunscreen,1,2094.7,0.36,Very High,1650.79,42%,699.91,51.65,Credit Card,2,TRUE,Returned,10
ORD-03202,16/10/2023,2023,Q4,October,Monday,CUST22113,Sunita Chatterjee,44,Adult,Other,North,Chandigarh,Electronics,Smartphone,6,44612.23,0.05,Low,267791.02,11%,30140.48,34,Cash on Delivery,3,FALSE,Delivered,8
ORD-02299,24/09/2022,2022,Q3,September,Saturday,CUST52655,Ritu Verma,3,Child & Teen,Female,South,Bangalore,Groceries,Rice (5kg),3,236.04,0.01,Low,832.73,6%,49.56,57.97,Credit Card,3,TRUE,Returned,8
ORD-02203,18/08/2022,2022,Q3,August,Thursday,CUST79474,Ananya Rao,58,Senior,Female,South,Bangalore,Beauty,Lipstick,5,2364.24,0.37,Very High,9797.68,51%,5022.54,82.56,Net Banking,,FALSE,Delivered,4
ORD-02020,06/10/2022,2022,Q4,October,Thursday,CUST31285,Ananya Patel,33,Young Adult,Other,West,Pune,Groceries,Flour,8,267.91,0.03,Low,2920.99,10%,292.84,61.35,Cash on Delivery,2,FALSE,Delivered,1
ORD-02729,29/03/2023,2023,Q1,March,Wednesday,CUST02485,Ananya Bhat,45,Adult,Female,South,Hyderabad,Groceries,Sugar,8,85.59,0.25,High,545.76,8%,41.46,75.34,Net Banking,4,FALSE,Delivered,9
ORD-03881,08/09/2024,2024,Q3,September,Sunday,CUST11708,Arjun Sharma,37,Adult,Other,North,Amritsar,Sports,Football,9,6043.66,0.35,Very High,50068.82,25%,12593.51,35.57,Debit Card,2,FALSE,Cancelled,1
ORD-00358,06/02/2020,2020,Q1,February,Thursday,CUST25786,Nikhil Verma,33,Young Adult,Male,Central,Nagpur,Clothing,Kurta,9,1720.87,0.07,Low,18041.55,30%,5490.24,62.42,Credit Card,1,FALSE,Cancelled,8
ORD-02955,07/04/2023,2023,Q2,April,Friday,CUST34816,Arjun Bhat,41,Adult,Other,East,Guwahati,Clothing,Saree,6,1234.86,0.13,Medium,10211.19,42%,4328.1,63.86,EMI,2,FALSE,Delivered,
ORD-03032,08/05/2023,2023,Q2,May,Monday,CUST90825,Rahul Gupta,3,Child & Teen,Other,South,Chennai,Groceries,Dal (1kg),3,394.17,0.1,Low,1466.75,6%,91.2,58.94,Net Banking,5,FALSE,Delivered,1
ORD-03487,24/02/2024,2024,Q1,February,Saturday,CUST26096,Shreya Shah,39,Adult,Other,West,Surat,Books,Comic Book,4,288.31,0.08,Low,1146.19,37%,424.38,65.73,Net Banking,,FALSE,Delivered,7
ORD-03074,20/08/2023,2023,Q3,August,Sunday,CUST55244,Ananya Bose,24,Young Adult,Male,North,Ludhiana,Clothing,T-Shirt,7,3670.29,0.27,High,26206.04,36%,9315.22,40.44,UPI,1,FALSE,Cancelled,9
ORD-00311,16/05/2020,2020,Q2,May,Saturday,CUST95800,Priya Das,23,Young Adult,Female,East,Kolkata,Furniture,Desk,10,13553.87,0.13,Medium,143129.65,23%,32317.75,87.72,Cash on Delivery,,FALSE,delivered,9
ORD-03580,04/04/2024,2024,Q2,April,Thursday,CUST38004,Aarav Nair,27,Young Adult,Other,South,Kochi,Clothing,Saree,9,2254.39,0.32,Very High,17631.01,33%,5765.83,101.76,Debit Card,4,TRUE,Returned,8
ORD-01308,08/11/2021,2021,Q4,November,Monday,CUST81370,Amit Sharma,39,Adult,Other,West,Pune,Clothing,Jeans,10,1816.68,0.15,Medium,18053.22,40%,7198.9,61.69,Credit Card,5,FALSE,Cancelled,2
ORD-00128,19/02/2020,2020,Q1,February,Wednesday,CUST31223,Vikram Chatterjee,26,Young Adult,Female,North,Ludhiana,Groceries,Flour,,458.64,0.35,Very High,273.05,9%,23.39,42.91,Cash on Delivery,5,FALSE,Delivered,4
ORD-03477,18/02/2024,2024,Q1,February,Sunday,CUST49962,Priya Chatterjee,35,Young Adult,Other,North,Ludhiana,Electronics,Tablet,5,54916.9,0.4,Very High,177362.61,14%,24965.38,46.27,Credit Card,5,FALSE,Shipped,8
ORD-01831,24/03/2022,2022,Q1,March,Thursday,CUST23447,Arjun Sharma,17,Child & Teen,Male,Central,Nagpur,Clothing,Kurta,4,2766.72,0.34,Very High,8239.18,39%,3180.32,51.11,Net Banking,5,FALSE,Delivered,7
ORD-03785,07/04/2024,2024,Q2,April,Sunday,CUST16284,Ananya Iyer,4,Child & Teen,Female,East,Bhubaneswar,Groceries,Dal (1kg),3,316.44,0.33,Very High,1181.33,6%,72.84,95.3,Debit Card,3,FALSE,Delivered,1
ORD-00660,24/10/2020,2020,Q4,October,Saturday,CUST65041,Priya Rao,36,Adult,Female,South,Bangalore,Groceries,Dal (1kg),5,425.46,0.08,Low,1535.18,6%,99.18,73.11,UPI,5,FALSE,Delivered,9
ORD-02979,14/07/2023,2023,Q3,July,Friday,CUST09411,Arjun Singh,39,Adult,Female,South,Chennai,Sports,Tennis Racket,4,1405.49,0.31,Very High,5675.34,25%,1445.6,69.73,EMI,3,FALSE,Delivered,6
ORD-01674,17/01/2022,2022,Q1,January,Monday,CUST09628,Sunita Mehta,38,Adult,Female,South,Hyderabad,Furniture,Bed Frame,9,18712.5,0.28,High,98718.08,32%,31705.16,69.33,Cash on Delivery,4,FALSE,Delivered,7
ORD-03129,09/12/2023,2023,Q4,December,Saturday,CUST31428,Karan Chatterjee,29,Young Adult,Other,West,Pune,Furniture,Bed Frame,6,5060.62,0.26,High,28677.01,36%,10234.55,79.73,Cash on Delivery,3,TRUE,Returned,8
ORD-01531,18/11/2021,2021,Q4,November,Thursday,CUST67021,Kavya Pillai,44,Adult,Female,West,Surat,Furniture,Bed Frame,1,3623.08,0.17,Medium,2627.42,33%,856.29,74.4,Debit Card,2,FALSE,Pending,3
ORD-02713,22/03/2023,2023,Q1,March,Wednesday,CUST44605,Rohan Gupta,3,Child & Teen,Female,West,Surat,Furniture,Bed Frame,4,23122.77,0.34,Very High,75992.62,34%,25870.08,83.74,EMI,4,FALSE,Delivered,1
ORD-03661,05/10/2024,2024,Q4,October,Saturday,CUST49064,Deepa Shah,3,Child & Teen,Female,Central,Nagpur,Beauty,Hair Oil,8,1253.12,0.3,High,11982.36,60%,7180.54,32.68,Net Banking,,FALSE,Delivered,10
ORD-00044,17/01/2020,2020,Q1,January,Friday,CUST88344,Arjun Nair,21,Young Adult,Other,West,Mumbai,Groceries,Cooking Oil,7,134.49,0.17,Medium,553.96,10%,54.43,58.18,EMI,1,TRUE,Returned,9
ORD-02505,23/12/2022,2022,Q4,December,Friday,CUST69354,Kavya Nair,38,Adult,Female,Central,Indore,Groceries,Dal (1kg),10,358.19,0.01,Low,2982.6,9%,268.81,72.77,EMI,2,FALSE,Cancelled,1
ORD-03756,24/06/2024,2024,Q2,June,Monday,CUST46771,Karan Verma,46,Adult,Other,East,Kolkata,Sports,Dumbbells,2,4339.24,0.04,Low,15428.64,14%,2162.54,103.91,Credit Card,5,FALSE,Delivered,2
ORD-02262,09/11/2022,2022,Q4,November,Wednesday,CUST07130,Shreya Iyer,2,Child & Teen,Other,Central,Nagpur,Books,Fiction Novel,2,281.44,0.05,Low,537.73,27%,145.84,75.48,Cash on Delivery,2,FALSE,Delivered,
ORD-03459,02/08/2024,2024,Q3,August,Friday,CUST64884,Meera Bose,5,Child & Teen,Male,East,Bhubaneswar,Electronics,Camera,9,43024.67,0.36,Very High,271258.64,10%,27942.75,62.42,Debit Card,2,FALSE,Delivered,8
ORD-04093,11/10/2024,2024,Q4,October,Friday,CUST78809,Priya Reddy,38,Adult,Female,West,Ahmedabad,Sports,Dumbbells,10,4613.71,0.17,Medium,37689.7,21%,8096.33,57.21,Credit Card,1,FALSE,Delivered,8
ORD-01793,03/05/2022,2022,Q2,May,Tuesday,CUST72099,Aarav Das,44,Adult,Female,West,Mumbai,Furniture,Wardrobe,10,30639.28,0.33,Very High,251539.23,27%,67740.72,51.84,UPI,1,FALSE,Delivered,4
ORD-01741,02/12/2022,2022,Q4,December,Friday,CUST77934,Rahul Singh,42,Adult,Other,North,Amritsar,Sports,Tennis Racket,8,3604.43,0.14,Medium,22742.31,22%,5019.11,45.29,Cash on Delivery,3,FALSE,Delivered,1
ORD-04012,29/09/2024,2024,Q3,September,Sunday,CUST14684,Aditya Gupta,6,Child & Teen,Other,Central,Nagpur,Sports,Tennis Racket,2,14686.72,0.25,High,30972.88,25%,7672.73,59.7,Net Banking,2,FALSE,Delivered,8
ORD-02250,09/08/2022,2022,Q3,August,Tuesday,CUST89025,Priya Kumar,46,Adult,Female,West,Mumbai,Clothing,Saree,2,3788.19,,,8490.21,26%,2213.1,65.7,Net Banking,,FALSE,Pending,8
ORD-01419,10/01/2021,2021,Q1,January,Sunday,CUST19497,Vikram Mehta,8,Child & Teen,Male,West,Ahmedabad,Sports,Football,9,14766.84,0.35,Very High,79036.67,21%,16949.03,34.32,UPI,5,FALSE,Delivered,10
ORD-01546,23/11/2021,2021,Q4,November,Tuesday,CUST16135,Nikhil Singh,39,Adult,Female,Central,Indore,Furniture,Wardrobe,8,29381.66,0.22,High,157614.58,21%,32492.98,48.89,UPI,1,FALSE,Delivered,3
ORD-02539,01/07/2023,2023,Q3,July,Saturday,CUST20162,Deepa Nair,32,Young Adult,Female,South,Bangalore,Groceries,Sugar,9,314.07,0.33,Very High,1512.76,8%,125.71,61.79,UPI,1,FALSE,Delivered,2
ORD-02364,18/10/2022,2022,Q4,October,Tuesday,CUST13899,Rohan Mishra,4,Child & Teen,Male,South,Hyderabad,Groceries,Cooking Oil,1,480.83,0.03,Low,413.43,7%,28.39,66.81,EMI,2,TRUE,Returned,10
ORD-04188,26/12/2024,2024,Q4,December,Thursday,CUST03222,Pooja Bhat,,,Other,Central,Bhopal,Furniture,Chair,10,21965.61,0.25,High,142471.68,36%,51299.09,54.26,Net Banking,1,TRUE,Returned,10
ORD-01004,31/03/2021,2021,Q1,March,Wednesday,CUST99373,Kavya Nair,67,Senior,Male,Central,Raipur,Groceries,Dal (1kg),3,205.29,0,No Discount,664.78,7%,44.95,36.41,Net Banking,1,FALSE,Delivered,6
ORD-04020,10/07/2024,2024,Q3,July,Wednesday,CUST94098,Deepa Iyer,43,Adult,Other,South,Hyderabad,Books,Self-Help Book,7,1255.05,0.06,Low,10208.81,43%,4389.61,46.86,Debit Card,5,FALSE,Cancelled,10
ORD-02496,19/12/2022,2022,Q4,December,Monday,CUST46384,Pooja Pillai,27,Young Adult,Male,North,Chandigarh,Electronics,Tablet,9,35439.71,0.1,Low,264067.45,11%,27911.46,45.64,Net Banking,5,FALSE,Shipped,6
ORD-01843,26/03/2022,2022,Q1,March,Saturday,CUST28515,Nikhil Singh,29,Young Adult,Male,East,Guwahati,Furniture,Bed Frame,2,7344.48,0.18,Medium,14733.39,30%,4347.31,74.59,Cash on Delivery,5,FALSE,Delivered,4
ORD-03784,07/04/2024,2024,Q2,April,Sunday,CUST30184,Meera Bhat,36,Adult,Other,West,Pune,Clothing,Jacket,6,3443.27,0.34,Very High,23314.01,26%,6106.27,43.69,EMI,3,FALSE,Delivered,4
ORD-03869,08/05/2024,2024,Q2,May,Wednesday,CUST15668,Nisha Bhat,17,Child & Teen,Male,East,Kolkata,Beauty,Hair Oil,3,1163.57,0.3,High,3576.96,36%,1296.23,79.7,Credit Card,1,FALSE,Delivered,7
ORD-03225,26/10/2023,2023,Q4,October,Thursday,CUST29656,Amit Bhat,3,Child & Teen,Female,West,Mumbai,Clothing,Saree,8,763.91,0.37,Very High,4285.91,39%,1673.43,53.43,UPI,,FALSE,Delivered,6
ORD-02042,18/06/2022,2022,Q2,June,Saturday,CUST37864,Sanjay Kapoor,49,Adult,Other,South,Hyderabad,Sports,Cycle,1,3118.43,0.23,High,3847.49,30%,1157.76,70.54,Credit Card,4,FALSE,Delivered,3
ORD-01184,16/06/2021,2021,Q2,June,Wednesday,CUST45729,Ananya Mishra,31,Young Adult,Female,East,Patna,Books,Biography,8,1312.46,0.07,Low,15181.53,41%,6179.92,55.66,EMI,,FALSE,delivered,7
ORD-00366,06/05/2020,2020,Q2,May,Wednesday,CUST37493,Aditya Iyer,34,Young Adult,Male,South,Bangalore,Books,Self-Help Book,8,1191.17,0.39,Very High,7944.27,43%,3452.54,91.97,Net Banking,5,FALSE,Shipped,2
ORD-01921,29/04/2022,2022,Q2,April,Friday,CUST32688,Ananya Mehta,16,Child & Teen,Male,East,Kolkata,Books,Textbook,7,331.77,0.38,Very High,1662.51,35%,587.87,93.29,Credit Card,3,FALSE,Delivered,2
ORD-04105,17/11/2024,2024,Q4,November,Sunday,CUST23063,Rohan Rao,33,Young Adult,Other,East,Patna,Sports,Tennis Racket,8,10030.91,0.02,Low,67222.6,23%,15466.13,100.02,EMI,3,FALSE,Delivered,3
ORD-02946,30/06/2023,2023,Q2,June,Friday,CUST34949,Sunita Sharma,29,Young Adult,Other,East,Bhubaneswar,Books,Comic Book,,1028.79,0.32,Very High,1058.82,42%,441.92,77.01,Credit Card,3,TRUE,Returned,3
ORD-03807,13/07/2024,2024,Q3,July,Saturday,CUST40435,Aditya Singh,34,Young Adult,Male,East,Guwahati,Groceries,Cooking Oil,10,263.05,0.28,High,3446.63,7%,252.71,60.29,Net Banking,4,FALSE,Delivered,9
ORD-02692,13/03/2023,2023,Q1,March,Monday,CUST16083,Aditya Singh,4,Child & Teen,Female,East,Patna,Groceries,Dal (1kg),5,83.39,0.13,Medium,507.85,10%,48.88,72.28,Cash on Delivery,5,FALSE,Delivered,8
ORD-02324,06/10/2022,2022,Q4,October,Thursday,CUST50408,Priya Nair,44,Adult,Female,North,Chandigarh,Electronics,Headphones,10,66222.83,0.39,Very High,364937.13,10%,37488.21,35.08,Credit Card,3,FALSE,Delivered,9
ORD-01839,26/03/2022,2022,Q1,March,Saturday,CUST27694,Arjun Shah,21,Young Adult,Male,South,Kochi,Clothing,Jeans,3,3430.47,,,11607.03,38%,4466.86,69.55,EMI,2,FALSE,Delivered,1
ORD-01917,28/04/2022,2022,Q2,April,Thursday,CUST61040,Aditya Sharma,21,Young Adult,Male,West,Ahmedabad,Groceries,Flour,9,150.66,0.3,High,1376.18,6%,82.84,30.25,EMI,5,FALSE,Delivered,4
ORD-01495,11/02/2021,2021,Q1,February,Thursday,CUST79339,Karan Nair,48,Adult,Other,South,Chennai,Furniture,Wardrobe,3,22015.61,0.33,Very High,34539.97,16%,5647.61,67.29,Credit Card,5,FALSE,Delivered,9
ORD-01756,17/02/2022,2022,Q1,February,Thursday,CUST12665,Pooja Sharma,35,Young Adult,Other,Central,Raipur,Furniture,Bed Frame,1,28755.19,0.03,Low,24177.47,24%,5824.34,35.93,EMI,4,FALSE,Delivered,4
ORD-01151,31/05/2021,2021,Q2,May,Monday,CUST42604,Arjun Joshi,45,Adult,Female,East,Patna,Clothing,Kurta,1,708.87,0.04,Low,897.13,41%,364.6,69.26,EMI,1,FALSE,Delivered,6
ORD-02820,05/09/2023,2023,Q3,September,Tuesday,CUST01567,Priya Verma,34,Young Adult,Male,East,Bhubaneswar,Sports,Football,5,635.13,0.28,High,3458.05,22%,756.53,93.5,Debit Card,,FALSE,Delivered,8
ORD-01285,08/02/2021,2021,Q1,February,Monday,CUST48631,Deepa Singh,31,Young Adult,Male,South,Chennai,Furniture,Sofa,10,14508.49,,,169261.45,30%,50893.66,54.2,EMI,5,FALSE,Delivered,9
ORD-04185,25/12/2024,2024,Q4,December,Wednesday,CUST09877,Nisha Mehta,11,Child & Teen,Male,South,Bangalore,Clothing,Kurta,6,914.9,0.29,High,3583.35,42%,1511.38,91.61,Credit Card,5,FALSE,Shipped,6
ORD-01599,14/12/2021,2021,Q4,December,Tuesday,CUST93504,Rahul Kumar,4,Child & Teen,Male,West,Surat,Groceries,Sugar,1,324.69,0.21,High,195.27,8%,15.34,67.29,UPI,4,TRUE,Returned,6
ORD-03535,15/03/2024,2024,Q1,March,Friday,CUST89629,Ananya Joshi,3,Child & Teen,Other,South,Bangalore,Books,Biography,4,840.47,0.24,High,3329.19,46%,1532.51,78.49,Credit Card,,FALSE,Delivered,8
ORD-01314,14/08/2021,2021,Q3,August,Saturday,CUST47839,Rahul Patel,32,Young Adult,Other,North,Amritsar,Electronics,Laptop,5,69893.85,0.26,High,364875.53,8%,30513.58,59.78,Cash on Delivery,1,FALSE,Shipped,7
ORD-03944,28/08/2024,2024,Q3,August,Wednesday,CUST94187,Shreya Iyer,43,Adult,Other,North,Delhi,Groceries,Rice (5kg),6,294,0.01,Low,2476.75,8%,189.51,46.01,Credit Card,3,FALSE,Delivered,10
ORD-01959,16/05/2022,2022,Q2,May,Monday,CUST38124,Amit Sharma,48,Adult,Female,South,Hyderabad,Beauty,Shampoo,1,2120.93,0.22,High,2475.08,36%,882.31,64.27,Debit Card,5,FALSE,Delivered,5
ORD-00483,08/01/2020,2020,Q1,January,Wednesday,CUST65437,Deepa Verma,2,Child & Teen,Female,Central,Bhopal,Beauty,Shampoo,7,1269.11,0.2,Medium,8655.36,35%,3040.64,22.45,Net Banking,3,FALSE,Delivered,5
ORD-02595,02/01/2023,2023,Q1,January,Monday,CUST96722,Pooja Iyer,47,Adult,Other,West,Mumbai,Furniture,Sofa,4,23419.55,0.31,Very High,74390.92,33%,24893.16,60.16,Cash on Delivery,3,FALSE,Shipped,10
ORD-02128,24/07/2022,2022,Q3,July,Sunday,CUST18334,Sanjay Kumar,3,Child & Teen,Male,North,Chandigarh,Groceries,Cooking Oil,7,371.4,0.26,High,2827.1,11%,304.02,51.93,Net Banking,1,TRUE,Returned,6
ORD-03386,01/04/2024,2024,Q2,April,Monday,CUST80775,Ritu Kumar,63,Senior,Female,Central,Nagpur,Beauty,Sunscreen,4,2223.64,0.15,Medium,6525.42,54%,3524.54,33.24,EMI,2,FALSE,Delivered,9
ORD-02283,19/09/2022,2022,Q3,September,Monday,CUST06888,Ananya Chatterjee,44,Adult,Male,South,Kochi,Clothing,Dress,8,598.22,0.37,Very High,3507.68,37%,1290.64,67.18,UPI,5,FALSE,Delivered,7
ORD-03743,19/06/2024,2024,Q2,June,Wednesday,CUST19488,Arjun Singh,39,Adult,Male,South,Kochi,Books,Biography,10,483.9,0.06,Low,6763.93,52%,3499.59,70.77,EMI,3,FALSE,Shipped,
ORD-01955,14/05/2022,2022,Q2,May,Saturday,CUST76793,Arjun Iyer,28,Young Adult,Male,Central,Bhopal,Electronics,Smartwatch,4,17943.13,0.05,Low,95732.21,11%,10497.7,76.28,Debit Card,5,FALSE,Delivered,
ORD-00903,02/09/2021,2021,Q3,September,Thursday,CUST30562,Shreya Bose,46,Adult,Female,West,Mumbai,Groceries,Flour,6,442.45,0.28,High,1791.03,8%,144.22,60.22,EMI,2,FALSE,cancelled,1
ORD-03047,08/11/2023,2023,Q4,November,Wednesday,CUST16193,Kavya Kapoor,34,Young Adult,Other,North,Chandigarh,Sports,Tennis Racket,10,12222.2,0.28,High,131369.75,22%,28537.32,26.86,Debit Card,5,FALSE,Delivered,8
ORD-02998,21/07/2023,2023,Q3,July,Friday,CUST44251,Amit Bose,38,Adult,Female,North,Delhi,Sports,Cycle,7,14576.84,0.04,Low,162740.76,21%,34015.33,54.66,Credit Card,3,FALSE,Shipped,4
ORD-01779,28/02/2022,2022,Q1,February,Monday,CUST52985,Karan Mehta,12,Child & Teen,Female,East,Patna,Furniture,Desk,6,9814.26,0.23,High,39342.72,23%,8877.95,54.67,UPI,1,TRUE,Returned,8
ORD-00832,15/01/2021,2021,Q1,January,Friday,CUST36178,Shreya Reddy,43,Adult,Male,South,Bangalore,Furniture,Sofa,10,15368.38,0.3,High,93128.19,27%,25001.12,71.29,UPI,2,FALSE,Delivered,6
ORD-02180,13/08/2022,2022,Q3,August,Saturday,CUST97256,Sanjay Sharma,5,Child & Teen,Male,North,Ludhiana,Electronics,Laptop,6,6117.71,0.16,Medium,40557.08,11%,4428.08,28.16,Debit Card,3,FALSE,Shipped,4
ORD-03884,08/09/2024,2024,Q3,September,Sunday,CUST63006,Karan Bose,36,Adult,Other,Central,Indore,Groceries,Flour,2,66.77,0.01,Low,216.47,5%,11.57,50.95,Cash on Delivery,3,FALSE,Delivered,8
ORD-00650,17/10/2020,2020,Q4,October,Saturday,CUST76163,Karan Reddy,,,Other,South,Hyderabad,Sports,Cricket Bat,6,8844.24,,,44980.54,28%,12774.01,53.01,Credit Card,4,FALSE,Delivered,1
ORD-00328,22/05/2020,2020,Q2,May,Friday,CUST60147,Pooja Nair,33,Young Adult,Other,North,Amritsar,Electronics,Smartwatch,9,45918.69,0.29,High,357689.69,8%,29447.82,48.88,Net Banking,4,FALSE,delivered,6
ORD-02273,15/09/2022,2022,Q3,September,Thursday,CUST71816,Nisha Verma,36,Adult,Female,Central,Nagpur,Books,Textbook,9,1131.92,0.12,Medium,10966.62,34%,3680.22,39.84,EMI,3,FALSE,Delivered,7
ORD-01865,04/02/2022,2022,Q1,February,Friday,CUST36542,Sanjay Bhat,44,Adult,Female,North,Chandigarh,Electronics,Laptop,6,8309.27,0.28,High,51030.14,13%,6755.64,53.74,Debit Card,5,FALSE,Delivered,8
ORD-03447,02/04/2024,2024,Q2,April,Tuesday,CUST05925,Aditya Kapoor,53,Adult,Female,North,Amritsar,Clothing,Kurta,9,1260.16,0.29,High,9260.74,20%,1885.34,43.16,Debit Card,3,FALSE,Delivered,3
ORD-01126,24/05/2021,2021,Q2,May,Monday,CUST35386,Meera Sharma,43,Adult,Female,North,Ludhiana,Clothing,Jeans,7,2698.4,0.21,High,23690.17,39%,9129.7,40.03,UPI,4,FALSE,Delivered,4
ORD-01509,11/09/2021,2021,Q3,September,Saturday,CUST01750,Nikhil Pillai,49,Adult,Male,West,Mumbai,Beauty,Face Cream,2,1889.82,0.31,Very High,2196.85,27%,602,54.82,EMI,5,FALSE,Delivered,6
ORD-00301,05/11/2020,2020,Q4,November,Thursday,CUST15889,Sunita Chatterjee,26,Young Adult,Female,Central,Raipur,Electronics,Headphones,8,40911.48,0.09,Low,361315.62,11%,40799.74,67.15,Debit Card,1,FALSE,Delivered,4
ORD-01048,20/04/2021,2021,Q2,April,Tuesday,CUST60742,Aarav Nair,45,Adult,Other,North,Delhi,Sports,Yoga Mat,9,11805.28,0.27,High,86430.39,35%,29866.83,49.92,Cash on Delivery,1,FALSE,Delivered,8
ORD-00261,24/04/2020,2020,Q2,April,Friday,CUST73139,Ananya Iyer,,,Female,South,Chennai,Sports,Tennis Racket,2,3013.7,0.11,Medium,5709.63,35%,1988.95,55.35,UPI,1,FALSE,Delivered,10
ORD-02272,14/09/2022,2022,Q3,September,Wednesday,CUST73221,Deepa Patel,28,Young Adult,Male,North,Chandigarh,Beauty,Sunscreen,10,537.83,0.23,High,4825.68,48%,2340.29,51.8,Net Banking,5,FALSE,Delivered,10
ORD-03533,15/03/2024,2024,Q1,March,Friday,CUST80821,Nisha Pillai,27,Young Adult,Other,South,Hyderabad,Beauty,Lipstick,3,1642.41,0.08,Low,5813.31,36%,2075.45,71.2,UPI,3,TRUE,Returned,5
ORD-01909,24/04/2022,2022,Q2,April,Sunday,CUST04537,Meera Sharma,37,Adult,Other,North,Amritsar,Books,Cook Book,10,549.69,0.15,Medium,6379.06,44%,2818.11,41.87,EMI,2,TRUE,Returned,5
ORD-01080,05/03/2021,2021,Q1,March,Friday,CUST75006,Aditya Mehta,38,Adult,Female,Central,Nagpur,Beauty,Sunscreen,9,1894.31,0.16,Medium,22532.03,45%,10031.98,58.22,EMI,4,FALSE,Pending,4
ORD-00480,31/07/2020,2020,Q3,July,Friday,CUST64893,Nikhil Kumar,41,Adult,Female,West,Surat,Beauty,Sunscreen,1,765.68,0.21,High,780.12,43%,338.31,66.83,Cash on Delivery,4,FALSE,Delivered,1
ORD-03883,08/09/2024,2024,Q3,September,Sunday,CUST62193,Aarav Kumar,45,Adult,Female,Central,Raipur,Electronics,Smartwatch,9,15767.46,0.02,Low,198910.86,12%,22958.1,44.62,Credit Card,3,TRUE,Returned,6
ORD-01340,24/08/2021,2021,Q3,August,Tuesday,CUST16922,Deepa Gupta,32,Young Adult,Female,South,Chennai,Beauty,Hair Oil,4,154.86,0.33,Very High,476.99,49%,235.99,64.4,Debit Card,3,FALSE,Delivered,100
ORD-02424,14/11/2022,2022,Q4,November,Monday,CUST76878,Deepa Chatterjee,25,Young Adult,Other,South,Kochi,Clothing,Dress,7,1668.16,0.14,Medium,9181.91,24%,2178.68,85.58,UPI,,FALSE,Delivered,7
ORD-00513,14/08/2020,2020,Q3,August,Friday,CUST92623,Deepa Kapoor,44,Adult,Male,North,Delhi,Clothing,Kurta,8,310.3,0.25,High,2033.35,36%,737.69,67.74,Credit Card,2,FALSE,Delivered,1
ORD-00871,31/01/2021,2021,Q1,January,Sunday,CUST03293,Nikhil Singh,56,Senior,Other,West,Ahmedabad,Clothing,Jeans,9,3487.25,0.28,High,17823.41,26%,4665.95,82.7,Cash on Delivery,3,FALSE,Pending,1
ORD-03951,31/08/2024,2024,Q3,August,Saturday,CUST33825,Shreya Pillai,5,Child & Teen,Other,South,Bangalore,Furniture,Bed Frame,10,26635.98,0.06,Low,367560.6,21%,78146.62,68.75,UPI,,FALSE,Pending,1
ORD-02460,12/03/2022,2022,Q1,March,Saturday,CUST99353,Kavya Patel,53,Adult,Other,South,Kochi,Furniture,Sofa,8,18080.06,0.05,Low,115257.52,31%,35354.74,73.79,Credit Card,4,FALSE,Pending,8
ORD-03672,14/05/2024,2024,Q2,May,Tuesday,CUST50417,Ananya Pillai,31,Young Adult,Female,West,Surat,Groceries,Dal (1kg),9,452.08,0.37,Very High,4593.7,8%,347.56,25.04,EMI,3,TRUE,Returned,8
ORD-01900,19/04/2022,2022,Q2,April,Tuesday,CUST41577,Aditya Pillai,44,Adult,Other,West,Ahmedabad,Electronics,Tablet,4,77381.07,0.18,Medium,364698.74,10%,37606.07,56.99,Net Banking,4,FALSE,Delivered,
ORD-01401,24/09/2021,2021,Q3,September,Friday,CUST40146,Sanjay Mehta,22,Young Adult,Female,South,Bangalore,Beauty,Lipstick,6,669.59,0.13,Medium,3355.53,55%,1841.16,75.65,Net Banking,3,FALSE,Delivered,9
ORD-02311,10/01/2022,2022,Q1,January,Monday,CUST01001,Karan Sharma,44,Adult,Male,North,Amritsar,Furniture,Bed Frame,3,27210.05,0.19,Medium,62722.39,28%,17708.26,59.37,Net Banking,2,FALSE,Delivered,3
ORD-02582,27/01/2023,2023,Q1,January,Friday,CUST82185,Ananya Shah,5,Child & Teen,Male,North,Ludhiana,Groceries,Dal (1kg),7,339.27,0.26,High,1329.9,6%,86.12,73.68,Credit Card,1,FALSE,Delivered,4
ORD-01062,26/04/2021,2021,Q2,April,Monday,CUST17327,Deepa Patel,35,Young Adult,Female,Central,Indore,Beauty,Face Cream,7,2147.13,0.14,Medium,15222.32,49%,7449.79,44.3,EMI,1,TRUE,Returned,6
ORD-03522,03/10/2024,2024,Q4,October,Thursday,CUST10582,Vikram Joshi,28,Young Adult,Other,North,Chandigarh,Clothing,Jeans,3,1169.59,0.08,Low,4785.04,35%,1679.66,39.22,Credit Card,,FALSE,Cancelled,9
ORD-03523,03/10/2024,2024,Q4,October,Thursday,CUST64913,Deepa Shah,25,Young Adult,Male,East,Bhubaneswar,Beauty,Lipstick,8,2047.88,0.33,Very High,14345.76,50%,7218,91.61,UPI,4,FALSE,Delivered,7
ORD-02775,16/04/2023,2023,Q2,April,Sunday,CUST34245,Kavya Singh,24,Young Adult,Other,Central,Raipur,Groceries,Rice (5kg),9,116.77,0.32,Very High,1063.93,7%,79.45,52.95,Debit Card,,FALSE,delivered,1
ORD-01134,27/05/2021,2021,Q2,May,Thursday,CUST08345,Deepa Bhat,46,Adult,Female,West,Pune,Clothing,T-Shirt,1,1888.98,0.35,Very High,2013.48,33%,657.59,53.7,Credit Card,2,FALSE,Delivered,7
ORD-00802,30/12/2020,2020,Q4,December,Wednesday,CUST38432,Rahul Joshi,23,Young Adult,Female,Central,Nagpur,Sports,Cricket Bat,3,642.91,0.33,Very High,879.77,20%,176.34,61.52,Debit Card,2,TRUE,Returned,6
ORD-02178,08/12/2022,2022,Q4,December,Thursday,CUST85408,Nisha Chatterjee,64,Senior,Female,South,Bangalore,Books,Biography,5,923.72,0.19,Medium,4931.75,56%,2749.25,63.68,Net Banking,2,TRUE,Returned,1
ORD-01815,15/03/2022,2022,Q1,March,Tuesday,CUST92618,Amit Pillai,44,Adult,Other,North,Chandigarh,Clothing,Saree,2,348.61,0.37,Very High,468.08,33%,156.44,76.85,EMI,3,FALSE,Delivered,6
ORD-00510,14/08/2020,2020,Q3,August,Friday,CUST90008,Deepa Nair,39,Adult,Other,North,Amritsar,Groceries,Dal (1kg),7,406.08,0.37,Very High,2000.38,5%,109.82,1.6,Credit Card,5,FALSE,Delivered,7
ORD-02457,12/01/2022,2022,Q1,January,Wednesday,CUST32217,Rohan Reddy,24,Young Adult,Female,East,Patna,Sports,Yoga Mat,3,8281.49,0.28,High,14650.55,32%,4700.02,73.15,UPI,3,FALSE,Delivered,2
ORD-03632,28/04/2024,2024,Q2,April,Sunday,CUST07289,Priya Gupta,26,Young Adult,Female,East,Patna,Groceries,Flour,2,180.86,0.04,Low,487.22,8%,40.04,88.04,Credit Card,4,FALSE,Delivered,5
ORD-00725,29/11/2020,2020,Q4,November,Sunday,CUST53613,Sanjay Mishra,4,Child & Teen,Male,West,Ahmedabad,Groceries,Rice (5kg),7,486.89,0.23,High,1947.86,6%,122.41,56.74,Debit Card,5,FALSE,Delivered,4
ORD-03726,13/06/2024,2024,Q2,June,Thursday,CUST30497,Aarav Rao,47,Adult,Other,South,Chennai,Beauty,Face Cream,4,1180.84,0.39,Very High,5917.92,52%,3098.15,55.9,EMI,3,FALSE,Delivered,6
ORD-01856,31/03/2022,2022,Q1,March,Thursday,CUST17816,Nisha Das,22,Young Adult,Other,East,Guwahati,Electronics,Laptop,9,51210.29,0.26,High,431521.81,11%,47793.41,80.02,EMI,3,FALSE,Delivered,7
ORD-03831,23/07/2024,2024,Q3,July,Tuesday,CUST20981,Pooja Gupta,37,Adult,Male,West,Ahmedabad,Sports,Cricket Bat,1,9065.16,0.15,Medium,13700.29,20%,2690,73.71,Net Banking,4,FALSE,Delivered,4
ORD-01745,14/02/2022,2022,Q1,February,Monday,CUST00928,Arjun Shah,64,Senior,Other,Central,Bhopal,Furniture,Desk,9,20253.5,0.07,Low,175221.15,33%,57254.45,53.7,UPI,,FALSE,Delivered,2
ORD-00067,25/01/2020,2020,Q1,January,Saturday,CUST86021,Vikram Rao,49,Adult,Female,Central,Nagpur,Beauty,Sunscreen,4,969.74,,,2975.27,37%,1113.65,41.6,UPI,2,FALSE,Delivered,6
ORD-00761,12/11/2020,2020,Q4,November,Thursday,CUST55772,Priya Reddy,27,Young Adult,Other,South,Kochi,Groceries,Flour,10,315.3,0.29,High,1585.06,7%,111.69,63.67,Debit Card,2,FALSE,Cancelled,3
ORD-01397,22/09/2021,2021,Q3,September,Wednesday,CUST70416,Pooja Reddy,46,Adult,Other,Central,Bhopal,Books,Cook Book,3,1314.32,0.37,Very High,2667.9,42%,1110.89,44.79,Cash on Delivery,,FALSE,Pending,5
ORD-01622,26/12/2021,2021,Q4,December,Sunday,CUST32470,Deepa Rao,44,Adult,Male,Central,Raipur,Clothing,Kurta,7,2270,0.09,Low,11066.01,29%,3221.05,55.24,Cash on Delivery,5,FALSE,Delivered,8
ORD-00611,29/09/2020,2020,Q3,September,Tuesday,CUST98921,Pooja Joshi,54,Adult,Male,South,Kochi,Furniture,Sofa,10,2744.45,0.38,Very High,17674.13,40%,7107.97,63.51,Cash on Delivery,4,FALSE,Delivered,1
ORD-00679,11/03/2020,2020,Q1,March,Wednesday,CUST52083,Sunita Reddy,37,Adult,Other,East,Patna,Beauty,Perfume,9,1906.76,0.36,Very High,8390.58,47%,3960.36,91.4,Net Banking,4,FALSE,Shipped,
ORD-02788,21/04/2023,2023,Q2,April,Friday,CUST95526,Karan Sharma,43,Adult,Male,North,Ludhiana,Sports,Yoga Mat,1,3242.71,0.34,Very High,3023,20%,605.12,37.04,Cash on Delivery,3,FALSE,Delivered,2
ORD-00373,06/08/2020,2020,Q3,August,Thursday,CUST27217,Nisha Gupta,,,Male,Central,Raipur,Furniture,Desk,4,26538.28,0.28,High,110728.91,32%,35173.48,70.37,UPI,3,FALSE,Delivered,5
ORD-02159,08/04/2022,2022,Q2,April,Friday,CUST82127,Vikram Joshi,2,Child & Teen,Female,West,Surat,Beauty,Shampoo,6,2223.4,0.39,Very High,10336.77,47%,4822.67,54.1,UPI,1,FALSE,Delivered,1
ORD-02125,24/07/2022,2022,Q3,July,Sunday,CUST56134,Pooja Nair,33,Young Adult,Other,Central,Bhopal,Groceries,Dal (1kg),4,63.82,0.37,Very High,257.56,9%,22.21,49.45,UPI,4,TRUE,Returned,10
ORD-03360,25/12/2023,2023,Q4,December,Monday,CUST69375,Pooja Verma,37,Adult,Male,East,Kolkata,Electronics,Headphones,3,24262.65,0.02,Low,65587.56,15%,9960.87,61.25,Net Banking,2,FALSE,Delivered,10
ORD-02119,22/07/2022,2022,Q3,July,Friday,CUST07014,Rohan Iyer,21,Young Adult,Other,Central,Raipur,Sports,Cycle,5,11099.1,0.05,Low,82679.97,26%,21389.61,42.92,EMI,2,FALSE,Delivered,7
ORD-02350,13/10/2022,2022,Q4,October,Thursday,CUST49485,Sanjay Verma,47,Adult,Other,West,Surat,Groceries,Flour,2,463.54,0.14,Medium,751.49,8%,62.99,75.64,Net Banking,5,FALSE,Delivered,2
ORD-01153,06/01/2021,2021,Q1,January,Wednesday,CUST24181,Vikram Chatterjee,57,Senior,Other,North,Chandigarh,Furniture,Desk,7,16753.46,0.32,Very High,120954.22,30%,36178.46,49.72,UPI,1,FALSE,Delivered,4
ORD-01716,02/02/2022,2022,Q1,February,Wednesday,CUST37025,Nikhil Joshi,36,Adult,Other,North,Ludhiana,Sports,Cricket Bat,3,1355.28,0.1,Low,3611.47,17%,631.16,55.05,Debit Card,3,FALSE,Delivered,3
ORD-03983,09/12/2024,2024,Q4,December,Monday,CUST90035,Kavya Nair,34,Young Adult,Other,East,Patna,Electronics,Camera,1,52760.05,0.27,High,53395.11,12%,6374.3,69.78,Cash on Delivery,,FALSE,Delivered,5
ORD-00243,16/04/2020,2020,Q2,April,Thursday,CUST09436,Deepa Nair,3,Child & Teen,Male,South,Hyderabad,Clothing,Dress,3,995.86,0.13,Medium,2883.96,32%,919.54,83.09,Debit Card,2,TRUE,Returned,3
ORD-03502,02/03/2024,2024,Q1,March,Saturday,CUST00188,Arjun Kumar,39,Adult,Other,East,Patna,Books,Textbook,4,838.86,,,4823.62,35%,1699.36,91.38,UPI,5,FALSE,Delivered,1
ORD-00215,04/04/2020,2020,Q2,April,Saturday,CUST24370,Priya Bhat,32,Young Adult,Male,North,Amritsar,Groceries,Cooking Oil,4,274.86,0.34,Very High,738.23,9%,64.05,67.36,UPI,2,FALSE,Delivered,2
ORD-01261,23/07/2021,2021,Q3,July,Friday,CUST72026,Aarav Bose,42,Adult,Other,East,Guwahati,Electronics,Smartwatch,,69372.74,0.32,Very High,68226.26,13%,9165.4,102.31,Net Banking,3,FALSE,Delivered,8
ORD-02213,24/08/2022,2022,Q3,August,Wednesday,CUST26490,Arjun Bhat,28,Young Adult,Female,East,Guwahati,Electronics,Headphones,1,51058.89,0.38,Very High,41545.59,13%,5436.55,71.72,Net Banking,2,TRUE,Returned,5
ORD-00453,19/07/2020,2020,Q3,July,Sunday,CUST16095,Sunita Das,14,Child & Teen,Female,West,Ahmedabad,Clothing,T-Shirt,5,526.99,0.37,Very High,2143.91,43%,931.96,36.77,Debit Card,2,FALSE,Delivered,5
ORD-03933,25/08/2024,2024,Q3,August,Sunday,CUST65920,Vikram Bose,3,Child & Teen,Female,North,Amritsar,Furniture,Desk,5,5015.22,0.23,High,28243.5,32%,9170.82,35.02,EMI,,FALSE,Delivered,10
ORD-01380,15/09/2021,2021,Q3,September,Wednesday,CUST11106,Rohan Reddy,37,Adult,Female,West,Surat,Beauty,Sunscreen,6,386.4,0.05,Low,2325.22,51%,1189.61,40.66,Credit Card,1,FALSE,Delivered,10
ORD-02865,30/05/2023,2023,Q2,May,Tuesday,CUST23967,Kavya Shah,19,Young Adult,Male,East,Patna,Electronics,Smartphone,1,11340.22,0.33,Very High,11399.21,17%,1893.42,112.08,Credit Card,3,FALSE,Shipped,5
ORD-00424,07/06/2020,2020,Q2,June,Sunday,CUST80538,Rahul Kumar,5,Child & Teen,Other,West,Surat,Beauty,Face Cream,8,122.16,0.04,Low,1352.85,46%,624.96,78.74,Credit Card,1,FALSE,Delivered,8
ORD-01795,03/06/2022,2022,Q2,June,Friday,CUST84855,Vikram Reddy,37,Adult,Female,North,Chandigarh,Beauty,Shampoo,1,2287.88,0.13,Medium,2605.92,38%,984.29,61,Cash on Delivery,,FALSE,Delivered,10
ORD-02149,08/01/2022,2022,Q1,January,Saturday,CUST84198,Priya Pillai,15,Child & Teen,Female,South,Hyderabad,Sports,Football,3,7029.88,0,No Discount,30080.08,26%,7677.44,83.89,EMI,2,FALSE,Shipped,10
ORD-01333,20/08/2021,2021,Q3,August,Friday,CUST98551,Aarav Verma,43,Adult,Female,East,Patna,Beauty,Face Cream,7,2072.71,0.36,Very High,11905.56,38%,4495.73,76.63,UPI,5,FALSE,Delivered,9
ORD-02981,15/07/2023,2023,Q3,July,Saturday,CUST16972,Amit Singh,59,Senior,Other,East,Kolkata,Groceries,Dal (1kg),1,420.19,0.04,Low,592.96,12%,70.71,40.34,Cash on Delivery,3,FALSE,Delivered,4
ORD-02677,03/04/2023,2023,Q2,April,Monday,CUST29585,Kavya Singh,28,Young Adult,Female,Central,Indore,Groceries,Tea,7,493.14,0.07,Low,4089.53,9%,366.06,60.87,Net Banking,3,FALSE,Shipped,2
ORD-01720,02/05/2022,2022,Q2,May,Monday,CUST86385,Priya Pillai,25,Young Adult,Other,Central,Raipur,Sports,Dumbbells,5,5502.6,0.01,Low,28294.84,31%,8865.25,65.01,Cash on Delivery,4,FALSE,Delivered,4
ORD-01918,28/04/2022,2022,Q2,April,Thursday,CUST04256,Ananya Bhat,35,Young Adult,Male,South,Bangalore,Electronics,Smartphone,6,39743.58,0.06,Low,290848.39,11%,32188.69,78.1,UPI,5,FALSE,Delivered,45
ORD-01679,19/01/2022,2022,Q1,January,Wednesday,CUST27192,Karan Pillai,36,Adult,Female,South,Hyderabad,Books,Textbook,7,903.3,0.22,High,4147.54,48%,1984.59,55.08,UPI,2,FALSE,Delivered,3
ORD-00076,29/01/2020,2020,Q1,January,Wednesday,CUST67944,Vikram Singh,13,Child & Teen,Other,Central,Indore,Sports,Dumbbells,2,13459.3,0.24,High,17258.31,16%,2829,42.24,UPI,1,FALSE,Delivered,4
ORD-00684,11/06/2020,2020,Q2,June,Thursday,CUST61978,Sanjay Kumar,39,Adult,Other,Central,Indore,Beauty,Face Cream,3,1239.17,0.37,Very High,1595.55,48%,768.1,50.76,UPI,3,FALSE,Delivered,5
ORD-01786,03/03/2022,2022,Q1,March,Thursday,CUST84190,Rohan Kapoor,26,Young Adult,Male,East,Bhubaneswar,Beauty,Shampoo,5,2389.78,0.27,High,9862.27,45%,4445.3,88.28,Credit Card,1,FALSE,Delivered,6
ORD-03011,27/07/2023,2023,Q3,July,Thursday,CUST93010,Deepa Singh,35,Young Adult,Female,South,Hyderabad,Sports,Dumbbells,10,14369.58,0.19,Medium,155449.27,28%,43778.31,70.01,UPI,2,FALSE,delivered,3
ORD-01092,08/05/2021,2021,Q2,May,Saturday,CUST67703,Karan Kapoor,41,Adult,Male,South,Chennai,Groceries,Sugar,7,299.11,0.28,High,2191.03,7%,148.75,87.79,Cash on Delivery,5,FALSE,Delivered,6
ORD-03226,27/10/2023,2023,Q4,October,Friday,CUST57729,Pooja Bhat,47,Adult,Male,Central,Bhopal,Sports,Dumbbells,10,4956.92,0.26,High,37464.05,27%,10028.06,55.21,EMI,2,FALSE,Delivered,6
ORD-00935,26/02/2021,2021,Q1,February,Friday,CUST09173,Shreya Kumar,32,Young Adult,Female,North,Amritsar,Furniture,Bed Frame,3,26021.42,0.06,Low,58084.97,26%,15110.03,29.22,Credit Card,3,FALSE,Delivered,1
ORD-01506,11/06/2021,2021,Q2,June,Friday,CUST86212,Priya Chatterjee,27,Young Adult,Male,East,Patna,Books,Comic Book,9,1191.62,0.33,Very High,5257.68,41%,2138.66,54.25,Net Banking,2,FALSE,Cancelled,7
ORD-01833,24/03/2022,2022,Q1,March,Thursday,CUST97409,Shreya Patel,27,Young Adult,Female,South,Hyderabad,Books,Biography,5,845.02,0.38,Very High,3063.76,46%,1423.14,65.17,EMI,3,FALSE,Delivered,7
ORD-02179,13/08/2022,2022,Q3,August,Saturday,CUST70183,Rahul Sharma,,,Male,South,Chennai,Clothing,Jeans,7,838.11,0.21,High,6198.3,33%,2068.64,74.48,EMI,4,FALSE,Delivered,4
ORD-02086,07/08/2022,2022,Q3,August,Sunday,CUST76981,Vikram Sharma,32,Young Adult,Male,West,Ahmedabad,Furniture,Wardrobe,4,34455.3,0.15,Medium,170405.41,31%,53474.69,73.85,Cash on Delivery,1,FALSE,Delivered,8
ORD-01994,30/05/2022,2022,Q2,May,Monday,CUST77542,Kavya Kumar,29,Young Adult,Female,North,Delhi,Beauty,Shampoo,1,737.47,0.08,Low,972.44,52%,502.12,86.32,Net Banking,,FALSE,Delivered,10
ORD-02640,16/02/2023,2023,Q1,February,Thursday,CUST79657,Vikram Nair,8,Child & Teen,Male,South,Chennai,Clothing,Jeans,10,1075.33,0.06,Low,10581.42,31%,3323.08,58.54,EMI,2,FALSE,Delivered,1
ORD-00666,28/10/2020,2020,Q4,October,Wednesday,CUST11287,Shreya Shah,26,Young Adult,Female,North,Delhi,Sports,Cycle,5,1900.51,0.24,High,5891.51,21%,1237.06,31.46,Credit Card,1,FALSE,Delivered,10
ORD-01446,15/10/2021,2021,Q4,October,Friday,CUST71072,Aarav Chatterjee,,,Male,West,Mumbai,Books,Biography,10,521.91,0.13,Medium,4198.23,41%,1720.46,41.86,Debit Card,2,FALSE,Delivered,7
ORD-01573,12/04/2021,2021,Q2,April,Monday,CUST89799,Priya Iyer,43,Adult,Male,East,Guwahati,Groceries,Tea,6,479.7,0.21,High,1769.61,8%,138.58,81.02,Debit Card,1,FALSE,Delivered,4
ORD-02177,08/12/2022,2022,Q4,December,Thursday,CUST13161,Sanjay Pillai,26,Young Adult,Male,Central,Nagpur,Sports,Tennis Racket,3,13900.23,0.06,Low,55053.72,23%,12908.85,55.5,Credit Card,5,FALSE,Delivered,3
ORD-01727,02/08/2022,2022,Q3,August,Tuesday,CUST59056,Sanjay Chatterjee,48,Adult,Other,West,Pune,Groceries,Dal (1kg),9,220.51,,,1973.84,8%,156.87,75.94,Debit Card,1,TRUE,Returned,2
ORD-01816,15/03/2022,2022,Q1,March,Tuesday,CUST09358,Pooja Verma,47,Adult,Female,East,Kolkata,Clothing,Dress,,2706.32,0.18,Medium,2470.18,33%,804.13,91.14,Credit Card,,FALSE,Shipped,7
ORD-01231,07/10/2021,2021,Q4,October,Thursday,CUST41296,Arjun Bhat,48,Adult,Female,South,Bangalore,Clothing,Saree,2,796.71,0.25,High,1565.52,32%,494.29,79.43,EMI,1,FALSE,Shipped,7
ORD-03928,23/08/2024,2024,Q3,August,Friday,CUST93025,Vikram Pillai,,,Female,West,Surat,Books,Cook Book,9,545.35,0.1,Low,6681.19,42%,2838.94,63.95,Debit Card,2,TRUE,Returned,4
ORD-00949,03/06/2021,2021,Q2,June,Thursday,CUST62789,Nikhil Nair,22,Young Adult,Female,East,Guwahati,Sports,Football,1,12745.08,0.04,Low,13997.17,23%,3273.37,95.74,UPI,,TRUE,Returned,1
ORD-02969,07/08/2023,2023,Q3,August,Monday,CUST90919,Meera Pillai,39,Adult,Male,South,Chennai,Electronics,Tablet,10,75218.46,0.11,Medium,1071676.26,12%,126516.22,87.54,Credit Card,5,FALSE,Delivered,6
ORD-02219,26/08/2022,2022,Q3,August,Friday,CUST79612,Meera Bose,55,Adult,Other,South,Kochi,Clothing,Dress,3,2275.89,0.37,Very High,5784.15,35%,2003.88,91.14,Credit Card,2,FALSE,Pending,8
ORD-00356,06/02/2020,2020,Q1,February,Thursday,CUST08599,Priya Gupta,35,Young Adult,Male,Central,Indore,Beauty,Sunscreen,9,1088.49,0.18,Medium,9801.87,39%,3831.73,58.48,Credit Card,1,FALSE,Delivered,6
ORD-01691,24/01/2022,2022,Q1,January,Monday,CUST25926,Sunita Joshi,47,Adult,Other,Central,Indore,Clothing,Jeans,9,2676.81,0.06,Low,20021.18,35%,6907.31,80.49,Debit Card,1,FALSE,Delivered,7
ORD-01320,16/08/2021,2021,Q3,August,Monday,CUST49427,Nisha Bhat,27,Young Adult,Other,East,Bhubaneswar,Clothing,Saree,5,1016.27,0.31,Very High,3776.28,26%,996.28,80.84,UPI,3,FALSE,Delivered,8
ORD-03846,29/07/2024,2024,Q3,July,Monday,CUST69930,Vikram Kapoor,58,Senior,Male,South,Bangalore,Sports,Football,3,14603.58,0.26,High,55450.77,19%,10463.09,56.67,Credit Card,2,FALSE,Delivered,7
ORD-02738,31/03/2023,2023,Q1,March,Friday,CUST25037,Shreya Joshi,4,Child & Teen,Other,North,Chandigarh,Electronics,Tablet,6,51056.11,0.12,Medium,301146.22,15%,46670.71,55.16,UPI,3,TRUE,Returned,6
ORD-00448,16/07/2020,2020,Q3,July,Thursday,CUST82556,Kavya Verma,45,Adult,Other,Central,Raipur,Groceries,Tea,3,338.27,0.21,High,1105.54,8%,91.98,65.89,Debit Card,3,FALSE,Pending,1
ORD-02008,06/04/2022,2022,Q2,April,Wednesday,CUST38535,Ritu Chatterjee,24,Young Adult,Female,North,Ludhiana,Books,Comic Book,5,1362.67,0.35,Very High,6858.54,48%,3271.94,53.41,Net Banking,2,FALSE,Delivered,7
ORD-03723,06/12/2024,2024,Q4,December,Friday,CUST40746,Meera Nair,33,Young Adult,Other,North,Ludhiana,Furniture,Desk,8,24394.07,0.35,Very High,188753.55,28%,52364.3,37.42,Cash on Delivery,1,FALSE,Delivered,2
ORD-02685,03/10/2023,2023,Q4,October,Tuesday,CUST44671,Aditya Pillai,22,Young Adult,Female,North,Delhi,Clothing,Kurta,9,2747.04,0.29,High,21056.46,35%,7428.62,39.99,Net Banking,3,FALSE,Cancelled,7
ORD-00057,21/01/2020,2020,Q1,January,Tuesday,CUST26450,Pooja Joshi,,,Other,South,Chennai,Groceries,Rice (5kg),10,104.12,0.32,Very High,491.8,4%,20.12,81.05,Debit Card,4,FALSE,Shipped,7
ORD-00856,25/01/2021,2021,Q1,January,Monday,CUST85777,Aditya Kumar,28,Young Adult,Other,Central,Nagpur,Sports,Cycle,4,11854.96,0,No Discount,42761.49,23%,9643.25,65.47,Net Banking,2,FALSE,Delivered,3
ORD-00932,25/02/2021,2021,Q1,February,Thursday,CUST66017,Nisha Chatterjee,35,Young Adult,Male,South,Bangalore,Electronics,Smartphone,4,40123,0.3,High,106939.95,9%,10117.28,58.87,Net Banking,,TRUE,Returned,10
ORD-03730,15/06/2024,2024,Q2,June,Saturday,CUST49008,Kavya Reddy,24,Young Adult,Male,East,Bhubaneswar,Electronics,Tablet,4,56393.82,0.37,Very High,238585.21,15%,36073.62,49.73,UPI,2,FALSE,Delivered,10
ORD-04003,24/09/2024,2024,Q3,September,Tuesday,CUST94541,Shreya Bose,42,Adult,Female,West,Mumbai,Beauty,Lipstick,7,1565.4,0.05,Low,13028.24,50%,6557.25,48.19,Net Banking,,FALSE,Delivered,2
ORD-03393,01/08/2024,2024,Q3,August,Thursday,CUST78516,Ritu Shah,53,Adult,Male,East,Kolkata,Groceries,Flour,8,300.87,0.35,Very High,1616.03,8%,134.52,86.63,Debit Card,2,FALSE,Cancelled,10
ORD-04140,12/04/2024,2024,Q2,April,Friday,CUST10076,Sanjay Iyer,47,Adult,Male,Central,Raipur,Beauty,Shampoo,9,173.38,0.35,Very High,967.63,37%,355.07,33.17,Cash on Delivery,5,FALSE,Cancelled,10
ORD-02578,27/01/2023,2023,Q1,January,Friday,CUST92230,Pooja Kapoor,4,Child & Teen,Male,South,Bangalore,Clothing,Dress,8,3588.97,,,25017.3,27%,6791.82,59.97,Net Banking,5,FALSE,Delivered,10
ORD-03991,19/09/2024,2024,Q3,September,Thursday,CUST26095,Aditya Reddy,31,Young Adult,Female,South,Chennai,Beauty,Face Cream,10,1064.73,0.23,High,9344.71,40%,3730.48,58.78,Credit Card,2,FALSE,Cancelled,2
ORD-02080,07/06/2022,2022,Q2,June,Tuesday,CUST66538,Rahul Pillai,5,Child & Teen,Other,South,Bangalore,Furniture,Desk,5,33788.21,0.14,Medium,211505.45,29%,61443.22,95.75,Cash on Delivery,3,TRUE,Returned,7
ORD-01603,15/12/2021,2021,Q4,December,Wednesday,CUST45758,Sanjay Nair,25,Young Adult,Other,West,Pune,Beauty,Shampoo,4,2108.75,0.32,Very High,4272.12,37%,1577.65,74.62,EMI,2,FALSE,Delivered,6
ORD-02170,08/09/2022,2022,Q3,September,Thursday,CUST83068,Kavya Shah,42,Adult,Other,Central,Nagpur,Books,Self-Help Book,3,969.7,0.1,Low,3355.24,41%,1386.74,44.19,Credit Card,1,FALSE,Delivered,4
ORD-00743,12/03/2020,2020,Q1,March,Thursday,CUST22966,Sunita Singh,9,Child & Teen,Male,East,Guwahati,Furniture,Desk,9,29323.2,0.31,Very High,132224.5,23%,30686.83,80.41,Debit Card,4,TRUE,Returned,5
ORD-03095,30/08/2023,2023,Q3,August,Wednesday,CUST91267,Ritu Patel,27,Young Adult,Female,Central,Nagpur,Beauty,Perfume,10,427.76,0.04,Low,4968.59,36%,1801.67,67.38,UPI,5,FALSE,Delivered,1
ORD-02886,04/06/2023,2023,Q2,June,Sunday,CUST25210,Sanjay Kumar,38,Adult,Female,Central,Raipur,Groceries,Dal (1kg),9,458.95,0.24,High,5524.99,10%,539.3,58.47,UPI,2,TRUE,Returned,9
ORD-00810,01/06/2021,2021,Q2,June,Tuesday,CUST91471,Pooja Gupta,18,Young Adult,Male,South,Kochi,Beauty,Perfume,2,586.74,0.39,Very High,617.26,52%,319.17,83.13,Credit Card,,FALSE,Delivered,6
ORD-00595,24/09/2020,2020,Q3,September,Thursday,CUST82726,Karan Rao,15,Child & Teen,Other,North,Amritsar,Electronics,Laptop,6,51445.76,0.28,High,189220.35,12%,22619.43,67.8,Credit Card,2,FALSE,Delivered,5
ORD-01510,11/10/2021,2021,Q4,October,Monday,CUST71235,Shreya Sharma,62,Senior,Female,South,Kochi,Groceries,Flour,2,331.43,0.15,Medium,388.61,6%,21.42,54.3,UPI,2,FALSE,Delivered,4
ORD-00878,02/02/2021,2021,Q1,February,Tuesday,CUST74864,Vikram Sharma,41,Adult,Female,North,Ludhiana,Groceries,Tea,1,409.48,0.32,Very High,275.92,8%,21.85,52.01,UPI,5,FALSE,Cancelled,5
ORD-00381,06/11/2020,2020,Q4,November,Friday,CUST02130,Ananya Verma,29,Young Adult,Male,West,Surat,Sports,Tennis Racket,7,9615.9,0.34,Very High,53730.92,25%,13253.84,48.62,EMI,3,TRUE,Returned,8
ORD-02628,14/02/2023,2023,Q1,February,Tuesday,CUST48700,Meera Bose,3,Child & Teen,Male,Central,Nagpur,Electronics,Smartwatch,9,65519.43,0.23,High,483891.6,11%,51648.1,68.64,Credit Card,1,TRUE,Returned,9
ORD-03708,06/02/2024,2024,Q1,February,Tuesday,CUST22717,Pooja Das,44,Adult,Female,East,Kolkata,Clothing,Kurta,2,843.73,0.32,Very High,1839.05,36%,660.61,92.53,UPI,5,FALSE,Delivered,10
ORD-02585,29/01/2023,2023,Q1,January,Sunday,CUST32210,Meera Das,33,Young Adult,Male,South,Bangalore,Groceries,Cooking Oil,3,443.89,0.01,Low,1152.72,7%,75.7,66.88,Cash on Delivery,4,FALSE,Delivered,9
ORD-01884,04/11/2022,2022,Q4,November,Friday,CUST42306,Shreya Sharma,62,Senior,Female,West,Pune,Beauty,Perfume,7,519.13,0.35,Very High,3102.68,49%,1514.19,82.54,Cash on Delivery,1,TRUE,Returned,9
ORD-02534,01/04/2023,2023,Q2,April,Saturday,CUST25928,Karan Sharma,36,Adult,Male,Central,Nagpur,Sports,Dumbbells,8,6382.18,0.37,Very High,26872.75,15%,3931.39,52.42,UPI,1,TRUE,Returned,8
ORD-01827,19/03/2022,2022,Q1,March,Saturday,CUST19509,Kavya Nair,13,Child & Teen,Other,Central,Raipur,Beauty,Lipstick,1,2486.96,0.3,High,1982.36,31%,610.56,67.35,Credit Card,2,FALSE,Delivered,10
ORD-00829,15/01/2021,2021,Q1,January,Friday,CUST78751,Rahul Chatterjee,42,Adult,Other,South,Chennai,Furniture,Desk,10,25214.06,0.36,Very High,131999.09,30%,39084.78,68.52,Credit Card,5,TRUE,Returned,3
ORD-01220,07/04/2021,2021,Q2,April,Wednesday,CUST25349,Kavya Iyer,27,Young Adult,Male,North,Ludhiana,Electronics,Laptop,5,42777.53,0.21,High,192877.7,14%,27062.25,46.76,Debit Card,2,FALSE,Cancelled,6
ORD-03491,26/02/2024,2024,Q1,February,Monday,CUST43868,Aarav Bhat,37,Adult,Male,South,Chennai,Groceries,Cooking Oil,10,150.97,0.35,Very High,1192.31,10%,113.82,61.55,UPI,2,FALSE,Delivered,7
ORD-04191,26/12/2024,2024,Q4,December,Thursday,CUST42768,Nisha Singh,4,Child & Teen,Female,West,Surat,Sports,Cycle,8,1646.28,0.25,High,7889.98,21%,1643.93,58.56,Cash on Delivery,4,FALSE,Delivered,10
ORD-00307,13/05/2020,2020,Q2,May,Wednesday,CUST09307,Meera Shah,27,Young Adult,Female,South,Hyderabad,Electronics,Camera,10,75021.17,0.13,Medium,834952.68,13%,112520.6,68.07,EMI,1,TRUE,Returned,5
ORD-03600,15/04/2024,2024,Q2,April,Monday,CUST20450,Shreya Shah,31,Young Adult,Female,Central,Nagpur,Sports,Cricket Bat,4,713.59,0.08,Low,3859.57,25%,957,84.62,Cash on Delivery,5,FALSE,Delivered,8
ORD-03857,08/03/2024,2024,Q1,March,Friday,CUST13391,Shreya Sharma,53,Adult,Female,West,Mumbai,Furniture,Chair,8,26914.41,0.11,Medium,255026.97,31%,79719.78,50.27,Credit Card,5,FALSE,Delivered,4
ORD-00507,13/08/2020,2020,Q3,August,Thursday,CUST46786,Aditya Shah,31,Young Adult,Other,South,Chennai,Sports,Yoga Mat,6,1678.96,0.12,Medium,10018.4,21%,2148.34,65.84,Cash on Delivery,5,FALSE,Delivered,2
ORD-03454,02/06/2024,2024,Q2,June,Sunday,CUST89953,Karan Rao,46,Adult,Female,West,Ahmedabad,Furniture,Bookshelf,10,16254.1,0.26,High,125959.07,30%,37227.54,70.22,UPI,3,FALSE,Delivered,1
ORD-00481,08/01/2020,2020,Q1,January,Wednesday,CUST68644,Sunita Verma,19,Young Adult,Male,North,Amritsar,Clothing,Dress,9,2544.25,0.11,Medium,21015.96,35%,7378.5,50.92,Net Banking,2,TRUE,Returned,2
ORD-00609,29/09/2020,2020,Q3,September,Tuesday,CUST16346,Pooja Patel,55,Adult,Female,West,Surat,Electronics,Camera,1,22610.21,0.08,Low,20431.16,12%,2517.07,48.04,Net Banking,4,FALSE,Delivered,5
ORD-02905,06/10/2023,2023,Q4,October,Friday,CUST02847,Sunita Pillai,3,Child & Teen,Female,Central,Bhopal,Clothing,Jeans,5,3673.58,0.01,Low,28371.45,38%,10857.99,74.84,UPI,3,TRUE,Returned,9
ORD-01411,28/09/2021,2021,Q3,September,Tuesday,CUST46708,Rahul Das,41,Adult,Male,Central,Bhopal,Books,Comic Book,5,293.56,0.4,Very High,988.84,40%,397.44,61.09,Credit Card,4,FALSE,Cancelled,5
ORD-01282,08/01/2021,2021,Q1,January,Friday,CUST23140,Ananya Verma,22,Young Adult,Male,Central,Nagpur,Sports,Cycle,7,5887.32,0.27,High,40536.35,24%,9596.19,68.83,Credit Card,5,FALSE,Delivered,8
ORD-01240,14/07/2021,2021,Q3,July,Wednesday,CUST02075,Karan Bhat,47,Adult,Female,East,Bhubaneswar,Clothing,Jeans,5,569.89,0.22,High,3040.97,32%,986.27,87.82,Cash on Delivery,5,FALSE,Delivered,4
ORD-03971,09/08/2024,2024,Q3,August,Friday,CUST63045,Shreya Patel,35,Young Adult,Other,East,Kolkata,Beauty,Face Cream,2,1573.95,0.29,High,3007.27,38%,1137.44,97.85,Cash on Delivery,5,FALSE,Delivered,3
ORD-04179,22/12/2024,2024,Q4,December,Sunday,CUST52695,Meera Mehta,47,Adult,Male,North,Chandigarh,Electronics,Laptop,10,56887.12,0.33,Very High,320072.27,13%,41433.48,58.41,Net Banking,1,FALSE,Delivered,6
ORD-04081,11/05/2024,2024,Q2,May,Saturday,CUST07666,Ananya Gupta,27,Young Adult,Other,East,Guwahati,Electronics,Camera,3,44959.14,0.09,Low,118547.82,7%,8051.31,75.4,Credit Card,1,FALSE,Delivered,6
ORD-03733,16/06/2024,2024,Q2,June,Sunday,CUST26791,Vikram Pillai,34,Young Adult,Female,East,Bhubaneswar,Groceries,Dal (1kg),8,164.21,0.25,High,1864.61,7%,136.75,81.6,Debit Card,4,FALSE,Shipped,10
ORD-03421,22/01/2024,2024,Q1,January,Monday,CUST55778,Nisha Gupta,44,Adult,Male,West,Surat,Sports,Cricket Bat,9,2259.11,0.31,Very High,14997.8,26%,3849.42,64.99,Debit Card,1,FALSE,Delivered,5
ORD-03292,24/11/2023,2023,Q4,November,Friday,CUST35522,Pooja Gupta,19,Young Adult,Other,North,Amritsar,Beauty,Lipstick,7,1961.36,0.27,High,8020.15,51%,4122.3,73.28,EMI,5,FALSE,Delivered,3
ORD-00037,14/01/2020,2020,Q1,January,Tuesday,CUST89513,Nisha Sharma,48,Adult,Female,East,Patna,Furniture,Wardrobe,7,6792.29,0.32,Very High,21828,22%,4870.2,107.06,Cash on Delivery,1,FALSE,Shipped,5
ORD-00859,27/01/2021,2021,Q1,January,Wednesday,CUST24558,Deepa Verma,13,Child & Teen,Female,West,Mumbai,Clothing,Jeans,6,362.57,0.02,Low,1703.95,46%,781.43,66.82,UPI,4,FALSE,Delivered,
ORD-01796,03/06/2022,2022,Q2,June,Friday,CUST63701,Ritu Pillai,42,Adult,Male,South,Kochi,Sports,Dumbbells,3,14886.59,0.38,Very High,34438.41,18%,6332.53,89.5,EMI,3,FALSE,Delivered,
ORD-01799,03/07/2022,2022,Q3,July,Sunday,CUST98513,Priya Reddy,4,Child & Teen,Other,East,Guwahati,Electronics,Smartphone,6,34836.46,0.18,Medium,214950.87,17%,36793.67,90.28,EMI,4,FALSE,Delivered,
ORD-00454,19/07/2020,2020,Q3,July,Sunday,CUST32184,Kavya Mishra,27,Young Adult,Male,East,Patna,Groceries,Cooking Oil,1,456.21,0.05,Low,516.4,8%,43.61,72.68,UPI,4,FALSE,Delivered,2
ORD-01617,25/12/2021,2021,Q4,December,Saturday,CUST68176,Sanjay Chatterjee,19,Young Adult,Male,Central,Nagpur,Furniture,Sofa,1,10289.79,0.25,High,5945.61,28%,1688.17,44.08,Debit Card,2,FALSE,Pending,7
ORD-03567,29/03/2024,2024,Q1,March,Friday,CUST78044,Sanjay Mehta,44,Adult,Other,South,Chennai,Electronics,Smartwatch,3,66697.68,0.14,Medium,252177.93,7%,18032.17,80.02,Cash on Delivery,4,FALSE,Delivered,7
ORD-02577,27/01/2023,2023,Q1,January,Friday,CUST41943,Sunita Nair,47,Adult,Male,North,Delhi,Books,Textbook,9,1160.6,0.2,Medium,8089.96,48%,3888.59,70.91,Net Banking,,FALSE,Delivered,6
ORD-02129,24/07/2022,2022,Q3,July,Sunday,CUST19983,Amit Chatterjee,35,Young Adult,Other,South,Hyderabad,Books,Biography,4,278.07,0.38,Very High,1035.4,48%,495.92,99.54,Cash on Delivery,2,FALSE,Delivered,2
ORD-03128,09/12/2023,2023,Q4,December,Saturday,CUST69119,Rahul Gupta,39,Adult,Male,East,Kolkata,Sports,Cycle,5,1183.87,0.04,Low,7684.63,17%,1285.86,76.95,Debit Card,1,FALSE,Delivered,5
ORD-03423,24/01/2024,2024,Q1,January,Wednesday,CUST37977,Deepa Mehta,33,Young Adult,Male,South,Hyderabad,Electronics,Smartwatch,,76620.87,0.38,Very High,47511.85,11%,5066.87,95.49,EMI,1,FALSE,Delivered,2
ORD-01707,31/01/2022,2022,Q1,January,Monday,CUST39127,Aditya Kumar,38,Adult,Male,South,Bangalore,Beauty,Sunscreen,3,2463.48,0.09,Low,5478.55,40%,2170.17,88.35,Cash on Delivery,1,TRUE,Returned,3
ORD-03676,15/05/2024,2024,Q2,May,Wednesday,CUST12575,Amit Bose,25,Young Adult,Male,West,Surat,Groceries,Flour,3,451.57,0.06,Low,2296.34,6%,136.74,44.69,Credit Card,,FALSE,Delivered,3
ORD-03511,03/06/2024,2024,Q2,June,Monday,CUST39314,Sanjay Rao,31,Young Adult,Female,West,Pune,Furniture,Wardrobe,4,27844.67,0.32,Very High,87292.37,22%,18841.85,74.4,Credit Card,1,FALSE,Delivered,7
ORD-03953,09/01/2024,2024,Q1,January,Tuesday,CUST98548,Kavya Nair,4,Child & Teen,Female,North,Delhi,Clothing,Dress,1,2057.9,0.33,Very High,1980.21,31%,615.19,42.69,UPI,,FALSE,Shipped,10
ORD-02492,17/12/2022,2022,Q4,December,Saturday,CUST41637,Nisha Mishra,2,Child & Teen,Other,East,Bhubaneswar,Furniture,Chair,10,22462.93,0.21,High,157408.35,15%,23243.23,133.35,UPI,5,FALSE,Delivered,4
ORD-00066,25/01/2020,2020,Q1,January,Saturday,CUST42917,Vikram Mehta,32,Young Adult,Female,North,Amritsar,Sports,Tennis Racket,,8113.16,0.23,High,4179.58,25%,1043.14,76.45,Credit Card,1,TRUE,Returned,4
ORD-03742,19/06/2024,2024,Q2,June,Wednesday,CUST49165,Ananya Rao,39,Adult,Male,East,Kolkata,Sports,Tennis Racket,5,5213.22,0.05,Low,34214.43,17%,5897.04,85.1,Cash on Delivery,3,FALSE,delivered,2
ORD-01044,18/04/2021,2021,Q2,April,Sunday,CUST46334,Rohan Bhat,34,Young Adult,Other,South,Bangalore,Beauty,Hair Oil,3,2006.91,0.1,Low,6558.87,48%,3118.91,65.76,Cash on Delivery,5,FALSE,Pending,8
ORD-02107,17/07/2022,2022,Q3,July,Sunday,CUST39752,Priya Pillai,41,Adult,Male,West,Pune,Furniture,Wardrobe,7,7570.52,0.33,Very High,50975.7,28%,14523.56,71.96,Debit Card,3,FALSE,Delivered,1
ORD-02043,18/06/2022,2022,Q2,June,Saturday,CUST44040,Rahul Bose,31,Young Adult,Female,East,Bhubaneswar,Beauty,Hair Oil,4,1974.29,0.37,Very High,8398,37%,3117.66,87.34,Credit Card,1,TRUE,Returned,9
ORD-03875,08/08/2024,2024,Q3,August,Thursday,CUST84781,Vikram Nair,27,Young Adult,Female,South,Hyderabad,Electronics,Camera,2,22369.95,0.35,Very High,42121.15,9%,3831.16,69.95,Credit Card,5,FALSE,Delivered,7
ORD-00451,17/07/2020,2020,Q3,July,Friday,CUST68161,Shreya Chatterjee,21,Young Adult,Female,North,Delhi,Electronics,Camera,6,71791.71,0.22,High,410825.53,11%,46770.76,45.98,EMI,4,FALSE,Delivered,1
ORD-02614,02/09/2023,2023,Q3,September,Saturday,CUST00081,Karan Kumar,49,Adult,Female,West,Pune,Beauty,Hair Oil,1,1738.61,0.33,Very High,1259.18,43%,545.39,66.25,Cash on Delivery,5,FALSE,Delivered,10
ORD-03520,03/09/2024,2024,Q3,September,Tuesday,CUST13260,Karan Gupta,26,Young Adult,Male,North,Amritsar,Electronics,Smartwatch,7,27748.1,0.17,Medium,209289.38,14%,28699.09,42.72,Debit Card,1,TRUE,Returned,8
ORD-00869,31/01/2021,2021,Q1,January,Sunday,CUST63354,Rahul Mishra,54,Adult,Female,East,Bhubaneswar,Electronics,Headphones,2,15121.18,0.11,Medium,22753.66,10%,2384.22,94.45,Credit Card,1,FALSE,Delivered,8
ORD-01331,20/08/2021,2021,Q3,August,Friday,CUST82678,Ananya Gupta,11,Child & Teen,Male,West,Ahmedabad,Groceries,Dal (1kg),8,96.84,0.35,Very High,688.57,8%,57.78,45.37,Credit Card,1,FALSE,Delivered,8
ORD-00255,22/04/2020,2020,Q2,April,Wednesday,CUST21352,Nisha Verma,47,Adult,Other,North,Chandigarh,Groceries,Rice (5kg),2,194.68,0.03,Low,459.04,7%,32.11,16.1,UPI,3,FALSE,Cancelled,4
ORD-03989,17/09/2024,2024,Q3,September,Tuesday,CUST67629,Shreya Kapoor,45,Adult,Male,Central,Indore,Groceries,Rice (5kg),2,233.21,0.33,Very High,470.15,6%,27.24,48.63,EMI,2,FALSE,Delivered,7
ORD-03031,08/04/2023,2023,Q2,April,Saturday,CUST74610,Ananya Pillai,12,Child & Teen,Other,South,Bangalore,Electronics,Headphones,9,25108.78,,,361494.08,2%,8115.37,102.24,Credit Card,1,FALSE,Delivered,7
ORD-02053,23/06/2022,2022,Q2,June,Thursday,CUST33570,Deepa Bose,41,Adult,Male,South,Chennai,Furniture,Sofa,10,21783.3,0.09,Low,276349.79,19%,53595.22,73.39,Cash on Delivery,4,TRUE,Returned,2
ORD-02885,06/04/2023,2023,Q2,April,Thursday,CUST41002,Sanjay Pillai,18,Young Adult,Female,North,Amritsar,Furniture,Bed Frame,,31009.31,0.12,Medium,41352.35,40%,16597.68,47.32,Cash on Delivery,4,FALSE,Delivered,1
ORD-03430,26/01/2024,2024,Q1,January,Friday,CUST08360,Nisha Singh,24,Young Adult,Other,South,Bangalore,Books,Cook Book,2,1002.73,0,No Discount,2026.66,49%,998.39,69.02,Cash on Delivery,5,FALSE,Cancelled,8
ORD-02498,19/12/2022,2022,Q4,December,Monday,CUST64162,Arjun Rao,9,Child & Teen,Other,South,Hyderabad,Groceries,Sugar,4,479.32,0.06,Low,1760.95,5%,83.73,74.49,Credit Card,4,TRUE,Returned,3
ORD-02027,13/06/2022,2022,Q2,June,Monday,CUST24879,Kavya Chatterjee,5,Child & Teen,Female,South,Chennai,Furniture,Chair,3,16614.08,0.33,Very High,50453.16,26%,12964.62,63.05,Credit Card,2,TRUE,Returned,5
ORD-00100,02/08/2020,2020,Q3,August,Sunday,CUST38913,Rohan Nair,2,Child & Teen,Male,South,Kochi,Groceries,Tea,9,125.81,0.24,High,845.95,5%,45.94,75.38,Debit Card,1,FALSE,Shipped,3
ORD-02412,11/08/2022,2022,Q3,August,Thursday,CUST49639,Arjun Nair,,,Other,South,Chennai,Groceries,Dal (1kg),4,407.56,0.32,Very High,990.4,8%,81,76.78,UPI,2,FALSE,Delivered,1
ORD-02054,24/06/2022,2022,Q2,June,Friday,CUST61332,Karan Iyer,51,Adult,Other,South,Bangalore,Groceries,Sugar,10,53.46,0.05,Low,815.23,11%,88.15,67.32,Debit Card,1,FALSE,Cancelled,9
ORD-03065,18/08/2023,2023,Q3,August,Friday,CUST41118,Rohan Bhat,47,Adult,Female,South,Kochi,Sports,Tennis Racket,8,11184.95,0.39,Very High,84179.79,32%,26658.84,58.07,Net Banking,4,FALSE,Shipped,8
ORD-02085,07/07/2022,2022,Q3,July,Thursday,CUST42353,Vikram Shah,53,Adult,Male,East,Guwahati,Electronics,Laptop,6,10929.88,0.16,Medium,85653.85,15%,12561.33,76.61,EMI,1,FALSE,Delivered,1
ORD-02145,31/07/2022,2022,Q3,July,Sunday,CUST18861,Nikhil Kapoor,28,Young Adult,Female,West,Surat,Books,Textbook,5,539.41,0.11,Medium,3571.01,36%,1290.67,66.22,Net Banking,3,FALSE,Delivered,10
ORD-02402,11/05/2022,2022,Q2,May,Wednesday,CUST72572,Aarav Joshi,19,Young Adult,Male,South,Kochi,Books,Self-Help Book,2,483.7,0.17,Medium,699.82,32%,225.52,101.82,Net Banking,2,FALSE,Delivered,1
ORD-01159,06/04/2021,2021,Q2,April,Tuesday,CUST72570,Shreya Pillai,37,Adult,Female,Central,Indore,Groceries,Cooking Oil,10,134.6,0.03,Low,1594.09,8%,134.34,105.77,Net Banking,1,FALSE,Delivered,
ORD-03562,27/03/2024,2024,Q1,March,Wednesday,CUST05923,Shreya Mishra,51,Adult,Male,Central,Bhopal,Electronics,Laptop,5,11709.91,0.31,Very High,50072.11,14%,6899.28,59.01,Debit Card,4,FALSE,Cancelled,3
ORD-02598,02/03/2023,2023,Q1,March,Thursday,CUST07029,Sanjay Kumar,45,Adult,Other,North,Chandigarh,Clothing,Kurta,8,772.69,0.15,Medium,5307.05,36%,1907.75,77.11,Cash on Delivery,4,FALSE,Shipped,1
ORD-03064,18/08/2023,2023,Q3,August,Friday,CUST50295,Meera Verma,38,Adult,Female,North,Ludhiana,Beauty,Sunscreen,8,1422.11,0.13,Medium,14282.97,38%,5448.38,38.61,UPI,,TRUE,Returned,8
ORD-01932,05/03/2022,2022,Q1,March,Saturday,CUST81283,Kavya Joshi,54,Adult,Female,Central,Nagpur,Furniture,Desk,8,31153.02,0.2,Medium,268467.06,19%,50396.19,31.05,EMI,1,FALSE,Delivered,7
ORD-00241,15/04/2020,2020,Q2,April,Wednesday,CUST62809,Rahul Gupta,49,Adult,Male,East,Patna,Electronics,Camera,2,46584.64,0.32,Very High,74700.63,7%,5374.6,75.26,UPI,1,FALSE,Delivered,4
ORD-01976,23/05/2022,2022,Q2,May,Monday,CUST97057,Sanjay Mishra,19,Young Adult,Male,South,Hyderabad,Books,Biography,2,925.2,0.09,Low,2492.19,23%,582.47,86.46,Debit Card,5,FALSE,Cancelled,10
ORD-03470,14/02/2024,2024,Q1,February,Wednesday,CUST49992,Ritu Pillai,47,Adult,Female,East,Guwahati,Electronics,Laptop,7,27099.44,0.32,Very High,138104.33,13%,17338.53,53.54,UPI,4,TRUE,Returned,4
ORD-01923,30/04/2022,2022,Q2,April,Saturday,CUST85826,Kavya Mishra,51,Adult,Male,West,Surat,Groceries,Cooking Oil,1,478.65,0.01,Low,646.28,10%,61.75,46.06,EMI,3,FALSE,Cancelled,1
ORD-02896,06/06/2023,2023,Q2,June,Tuesday,CUST37393,Shreya Mishra,24,Young Adult,Other,North,Amritsar,Beauty,Sunscreen,2,1742.14,0.33,Very High,4112.89,44%,1802.05,68.9,Net Banking,1,FALSE,Delivered,3
ORD-03536,16/03/2024,2024,Q1,March,Saturday,CUST42326,Sunita Gupta,24,Young Adult,Other,North,Amritsar,Clothing,Saree,3,2335.6,0.24,High,6639.76,40%,2659.96,53.79,EMI,5,FALSE,Delivered,8
ORD-03975,09/10/2024,2024,Q4,October,Wednesday,CUST61274,Sunita Mishra,36,Adult,Other,East,Patna,Books,Biography,2,1250.65,0.19,Medium,2194.66,47%,1031.95,96.46,EMI,5,FALSE,Delivered,3
ORD-00908,02/10/2021,2021,Q4,October,Saturday,CUST33667,Vikram Mehta,4,Child & Teen,Male,North,Chandigarh,Sports,Football,2,660.31,0.11,Medium,1039.58,26%,273.1,41.05,Net Banking,2,FALSE,Delivered,3
ORD-03755,23/06/2024,2024,Q2,June,Sunday,CUST69679,Aarav Kumar,18,Young Adult,Male,West,Surat,Furniture,Sofa,3,34248.61,0.02,Low,172473.24,28%,48852.27,59.95,Debit Card,3,FALSE,Delivered,4
ORD-02343,10/11/2022,2022,Q4,November,Thursday,CUST93661,Ananya Pillai,19,Young Adult,Female,North,Delhi,Furniture,Desk,10,12399.19,0.23,High,113748.97,32%,36698.33,41.96,EMI,1,TRUE,Returned,5
ORD-00971,19/03/2021,2021,Q1,March,Friday,CUST58302,Shreya Singh,24,Young Adult,Other,East,Patna,Electronics,Smartphone,,26856.73,0.19,Medium,22019.44,14%,3128.23,65.04,Debit Card,5,FALSE,Delivered,1
ORD-03402,13/01/2024,2024,Q1,January,Saturday,CUST51343,Nikhil Bose,42,Adult,Female,North,Chandigarh,Clothing,Jacket,5,3923.7,0.3,High,12054.36,40%,4843.88,58.27,Net Banking,,FALSE,Delivered,3
ORD-02715,23/03/2023,2023,Q1,March,Thursday,CUST14346,Rahul Mishra,54,Adult,Female,West,Surat,Books,Fiction Novel,2,200.55,0.2,Medium,357.47,31%,109.45,52.35,Credit Card,,TRUE,Returned,2
ORD-00394,18/06/2020,2020,Q2,June,Thursday,CUST71699,Karan Iyer,39,Adult,Male,North,Delhi,Groceries,Dal (1kg),2,99.94,0.39,Very High,144.81,8%,11.4,47.24,EMI,1,FALSE,Delivered,3
ORD-03062,17/08/2023,2023,Q3,August,Thursday,CUST25706,Arjun Bose,32,Young Adult,Female,Central,Indore,Beauty,Hair Oil,7,2030.6,0.32,Very High,15087.35,36%,5363.62,45.14,Net Banking,4,FALSE,Cancelled,4
ORD-00401,21/06/2020,2020,Q2,June,Sunday,CUST43114,Karan Singh,35,Young Adult,Other,East,Patna,Furniture,Bed Frame,3,31841.24,0.32,Very High,78919.02,27%,21204.15,78.26,Cash on Delivery,4,TRUE,Returned,6
ORD-00706,16/11/2020,2020,Q4,November,Monday,CUST28706,Aarav Bose,,,Female,North,Amritsar,Clothing,Dress,3,461.34,0.16,Medium,748.84,35%,261,36.7,UPI,1,TRUE,Returned,4
ORD-03644,05/03/2024,2024,Q1,March,Tuesday,CUST85909,Aditya Mehta,26,Young Adult,Female,East,Patna,Beauty,Face Cream,10,2273.9,0.21,High,30023.01,45%,13458.53,83.41,EMI,1,FALSE,Delivered,10
ORD-00600,25/09/2020,2020,Q3,September,Friday,CUST85593,Aarav Mishra,33,Young Adult,Male,West,Pune,Books,Self-Help Book,2,1462.19,0.35,Very High,2078.34,58%,1202.05,78.54,Cash on Delivery,5,FALSE,Delivered,2
ORD-01537,20/11/2021,2021,Q4,November,Saturday,CUST39925,Ritu Iyer,49,Adult,Female,South,Kochi,Electronics,Headphones,5,40279.85,0.24,High,124328.85,15%,18217.89,89.76,Net Banking,3,FALSE,Delivered,9
ORD-02665,27/02/2023,2023,Q1,February,Monday,CUST20671,Priya Mishra,1,Child & Teen,Male,East,Guwahati,Books,Comic Book,1,497.24,0.07,Low,536.5,48%,255,86.11,Cash on Delivery,4,FALSE,Cancelled,8
ORD-00616,10/03/2020,2020,Q1,March,Tuesday,CUST54063,Karan Mishra,37,Adult,Female,West,Ahmedabad,Groceries,Sugar,1,128.76,0.29,High,74.65,9%,6.89,68.06,EMI,2,FALSE,Delivered,1
ORD-00370,06/07/2020,2020,Q3,July,Monday,CUST93153,Shreya Gupta,42,Adult,Male,South,Bangalore,Beauty,Face Cream,1,304.89,0.26,High,259.14,41%,106.14,52.86,EMI,4,FALSE,Delivered,6
ORD-00680,11/03/2020,2020,Q1,March,Wednesday,CUST60413,Ritu Nair,36,Adult,Male,East,Kolkata,Beauty,Face Cream,10,1113.91,0.25,High,5465.25,44%,2411.46,46.33,Net Banking,2,FALSE,Delivered,9
ORD-00782,21/12/2020,2020,Q4,December,Monday,CUST07857,Amit Patel,,,Female,Central,Nagpur,Clothing,Kurta,1,3294.44,0.06,Low,2065.81,39%,808.26,41.96,EMI,4,FALSE,Delivered,9
ORD-04006,26/09/2024,2024,Q3,September,Thursday,CUST54515,Sanjay Gupta,15,Child & Teen,Male,South,Bangalore,Books,Biography,3,895.77,0.21,High,2973.34,30%,895.93,71.18,Debit Card,4,FALSE,Delivered,8
ORD-03395,01/09/2024,2024,Q3,September,Sunday,CUST22022,Priya Verma,15,Child & Teen,Female,West,Pune,Electronics,Headphones,5,26868.19,0.1,Low,122902.72,12%,15109.15,47.85,Credit Card,2,FALSE,Delivered,7
ORD-02248,09/07/2022,2022,Q3,July,Saturday,CUST63445,Sunita Patel,47,Adult,Male,West,Surat,Sports,Dumbbells,2,14129.5,0.01,Low,34498.58,20%,6979.34,74.75,Debit Card,3,FALSE,Delivered,2
ORD-01330,20/08/2021,2021,Q3,August,Friday,CUST93307,Rohan Rao,,,Female,North,Chandigarh,Books,Cook Book,3,1298.4,0.14,Medium,4095.91,44%,1805.58,57.93,UPI,1,FALSE,Delivered,3
ORD-03093,29/08/2023,2023,Q3,August,Tuesday,CUST63058,Deepa Pillai,36,Adult,Male,South,Hyderabad,Beauty,Shampoo,6,379.51,0.02,Low,3520.77,55%,1945.96,53.34,Debit Card,3,FALSE,Delivered,8
ORD-01117,18/05/2021,2021,Q2,May,Tuesday,CUST87893,Kavya Mishra,35,Young Adult,Other,West,Ahmedabad,Groceries,Rice (5kg),6,190.35,0.38,Very High,951.07,8%,79.43,70.42,Net Banking,3,FALSE,Delivered,10
ORD-03890,08/10/2024,2024,Q4,October,Tuesday,CUST03009,Rahul Rao,34,Young Adult,Other,West,Surat,Furniture,Chair,10,2485.94,0.21,High,31724.99,28%,8743.05,48.62,UPI,4,FALSE,Delivered,10
ORD-00468,26/07/2020,2020,Q3,July,Sunday,CUST87073,Arjun Nair,7,Child & Teen,Male,East,Patna,Furniture,Bookshelf,7,17299.59,0.09,Low,138425.43,31%,43383.64,92.91,EMI,1,FALSE,Delivered,3
ORD-02704,17/03/2023,2023,Q1,March,Friday,CUST96458,Rohan Mehta,29,Young Adult,Other,East,Kolkata,Electronics,Smartwatch,1,11877.16,0.37,Very High,9956.83,16%,1549.61,72.81,Credit Card,4,FALSE,Delivered,8
ORD-02952,07/02/2023,2023,Q1,February,Tuesday,CUST41320,Aarav Kumar,35,Young Adult,Female,Central,Nagpur,Groceries,Dal (1kg),3,130.57,0.23,High,529.3,12%,61.59,41.29,Net Banking,1,FALSE,Cancelled,8
ORD-02003,06/02/2022,2022,Q1,February,Sunday,CUST91911,Sunita Mishra,24,Young Adult,Other,Central,Raipur,Electronics,Smartwatch,7,72204.48,0.06,Low,746567.96,13%,96807.83,51.76,Net Banking,4,FALSE,Delivered,3
ORD-01402,24/09/2021,2021,Q3,September,Friday,CUST90375,Kavya Iyer,42,Adult,Female,East,Bhubaneswar,Groceries,Sugar,10,245.92,0.04,Low,2502.84,7%,183.09,76.22,Net Banking,5,FALSE,Pending,5
ORD-01882,04/10/2022,2022,Q4,October,Tuesday,CUST32524,Priya Joshi,56,Senior,Male,Central,Bhopal,Furniture,Sofa,10,34008.99,0.11,Medium,426011.42,24%,100494.87,51.53,Cash on Delivery,1,FALSE,Cancelled,3
ORD-03246,11/03/2023,2023,Q1,March,Saturday,CUST96426,Sunita Patel,46,Adult,Male,South,Chennai,Clothing,T-Shirt,3,2706.45,0.39,Very High,4498.23,31%,1415.33,73.84,EMI,4,TRUE,Returned,8
ORD-01838,25/03/2022,2022,Q1,March,Friday,CUST27510,Kavya Joshi,16,Child & Teen,Female,West,Mumbai,Groceries,Cooking Oil,4,393.16,0.06,Low,1961.61,10%,197.05,79.1,UPI,5,FALSE,Delivered,4
ORD-00323,21/05/2020,2020,Q2,May,Thursday,CUST57259,Nikhil Mishra,31,Young Adult,Male,West,Pune,Books,Textbook,1,680.85,0.12,Medium,794.6,43%,338.98,44.99,Debit Card,3,FALSE,Delivered,2
ORD-02452,29/11/2022,2022,Q4,November,Tuesday,CUST45573,Ananya Mishra,,,Other,East,Guwahati,Beauty,Sunscreen,5,761.94,0.13,Medium,3027.97,47%,1421.12,84.9,Debit Card,5,FALSE,Pending,2
ORD-01878,07/04/2022,2022,Q2,April,Thursday,CUST99942,Nisha Rao,3,Child & Teen,Other,Central,Indore,Clothing,Saree,10,456.07,0.37,Very High,3899.94,30%,1169.33,45,Cash on Delivery,5,FALSE,Delivered,9
ORD-00226,04/08/2020,2020,Q3,August,Tuesday,CUST29979,Karan Sharma,35,Young Adult,Male,Central,Nagpur,Electronics,Smartphone,10,19136.16,0,No Discount,220448.39,14%,31074.73,24.88,Debit Card,3,FALSE,Delivered,4
ORD-00535,24/08/2020,2020,Q3,August,Monday,CUST13641,Nikhil Sharma,48,Adult,Male,West,Mumbai,Furniture,Bed Frame,9,17744.35,0.29,High,136831.28,26%,36127.08,59.78,Credit Card,4,FALSE,Delivered,9
ORD-02832,17/05/2023,2023,Q2,May,Wednesday,CUST08322,Nisha Nair,33,Young Adult,Female,North,Amritsar,Books,Fiction Novel,10,424.8,0.11,Medium,4940.07,43%,2103.38,31.8,UPI,3,FALSE,Delivered,6
ORD-00614,10/02/2020,2020,Q1,February,Monday,CUST25032,Ananya Bhat,4,Child & Teen,Other,West,Surat,Groceries,Flour,3,219.84,0.1,Low,463.59,9%,43.04,73.42,Credit Card,3,FALSE,Delivered,
ORD-01642,01/01/2022,2022,Q1,January,Saturday,CUST25067,Nisha Kapoor,41,Adult,Male,West,Ahmedabad,Furniture,Sofa,8,9398.82,0.31,Very High,49236.11,31%,15030.83,77.65,Credit Card,4,FALSE,Delivered,9
ORD-02842,23/05/2023,2023,Q2,May,Tuesday,CUST23282,Vikram Sharma,26,Young Adult,Other,West,Mumbai,Books,Self-Help Book,5,1444.85,0.05,Low,10528.1,38%,3958.13,62.54,UPI,3,FALSE,Delivered,7
ORD-02133,25/07/2022,2022,Q3,July,Monday,CUST89826,Arjun Joshi,22,Young Adult,Other,East,Kolkata,Clothing,T-Shirt,7,1729.47,0.05,Low,17045.1,38%,6459.75,79.27,Cash on Delivery,1,TRUE,Returned,8
ORD-02809,05/03/2023,2023,Q1,March,Sunday,CUST04249,Pooja Bose,31,Young Adult,Other,South,Kochi,Furniture,Chair,10,17371.93,0.37,Very High,172582.04,32%,55972.36,71.63,Net Banking,3,FALSE,Delivered,9
ORD-01074,30/04/2021,2021,Q2,April,Friday,CUST36338,Vikram Chatterjee,25,Young Adult,Female,South,Hyderabad,Sports,Cycle,1,8254.73,0.07,Low,9628.89,21%,1995.91,61.28,Debit Card,3,FALSE,Delivered,1
ORD-01413,28/09/2021,2021,Q3,September,Tuesday,CUST43662,Karan Sharma,34,Young Adult,Other,North,Ludhiana,Clothing,Jeans,3,1238.9,0.33,Very High,2660.56,41%,1083.58,73.53,Net Banking,5,TRUE,Returned,3
ORD-01628,27/12/2021,2021,Q4,December,Monday,CUST55053,Arjun Iyer,28,Young Adult,Other,North,Amritsar,Books,Textbook,5,441.77,0.12,Medium,1538.75,40%,611.16,71.69,Credit Card,4,FALSE,Cancelled,7
ORD-02866,31/05/2023,2023,Q2,May,Wednesday,CUST40473,Nikhil Das,31,Young Adult,Other,West,Pune,Electronics,Laptop,2,44818.69,0.19,Medium,105441.04,12%,12774.35,73.43,UPI,1,TRUE,Returned,7
ORD-01478,25/10/2021,2021,Q4,October,Monday,CUST16528,Deepa Joshi,36,Adult,Other,South,Bangalore,Furniture,Bed Frame,3,13116.13,0.02,Low,39642.97,20%,7916.06,67.37,Credit Card,3,FALSE,Delivered,4
ORD-04166,15/12/2024,2024,Q4,December,Sunday,CUST73620,Rohan Reddy,18,Young Adult,Female,South,Bangalore,Clothing,T-Shirt,6,841.47,0.12,Medium,4321.42,40%,1728.55,70.62,UPI,1,FALSE,Delivered,2
ORD-00978,21/03/2021,2021,Q1,March,Sunday,CUST97561,Vikram Nair,54,Adult,Male,South,Chennai,Clothing,Jeans,2,3618.11,0.07,Low,6573.5,33%,2164.13,96.19,Credit Card,2,FALSE,Delivered,8
ORD-02389,30/10/2022,2022,Q4,October,Sunday,CUST27494,Vikram Das,53,Adult,Female,East,Patna,Clothing,Kurta,8,1016.23,0.3,High,5817.06,40%,2314.76,66.7,EMI,2,FALSE,Delivered,8
ORD-01504,11/06/2021,2021,Q2,June,Friday,CUST34606,Aarav Shah,32,Young Adult,Other,West,Surat,Furniture,Bookshelf,3,7356.31,0.1,Low,16395.88,36%,5855.42,78.6,EMI,1,FALSE,Delivered,10
ORD-03576,04/03/2024,2024,Q1,March,Monday,CUST88667,Meera Chatterjee,26,Young Adult,Female,East,Patna,Electronics,Camera,4,14036.02,0.13,Medium,75324.35,12%,9113.01,97.91,Debit Card,4,FALSE,Delivered,3
ORD-02862,29/05/2023,2023,Q2,May,Monday,CUST00967,Sanjay Gupta,18,Young Adult,Other,North,Amritsar,Clothing,Jeans,4,2095.23,0.14,Medium,10189.48,27%,2714.35,59.7,Credit Card,,TRUE,Returned,7
ORD-03821,19/07/2024,2024,Q3,July,Friday,CUST35476,Aarav Joshi,54,Adult,Female,Central,Indore,Books,Fiction Novel,2,588.67,0.24,High,1452.74,43%,631.41,78.55,Credit Card,2,FALSE,Delivered,4
ORD-00214,04/03/2020,2020,Q1,March,Wednesday,CUST08244,Karan Patel,46,Adult,Female,Central,Raipur,Furniture,Sofa,10,7854.56,0.3,High,69661.01,22%,15316.65,56.25,EMI,1,FALSE,Delivered,3
ORD-01032,04/12/2021,2021,Q4,December,Saturday,CUST73196,Arjun Sharma,26,Young Adult,Female,Central,Nagpur,Groceries,Sugar,9,461.35,0.05,Low,5570.95,9%,481.54,41.05,Cash on Delivery,4,FALSE,Shipped,8
ORD-00803,31/12/2020,2020,Q4,December,Thursday,CUST99060,Amit Sharma,46,Adult,Male,South,Chennai,Furniture,Bed Frame,6,25745.87,0.38,Very High,68168.41,29%,19997.5,90.91,Net Banking,2,FALSE,Delivered,3
ORD-02146,31/07/2022,2022,Q3,July,Sunday,CUST25921,Amit Pillai,37,Adult,Male,East,Guwahati,Groceries,Rice (5kg),5,421.63,0.36,Very High,1981.36,9%,174.59,64.86,UPI,5,FALSE,Delivered,1
ORD-01517,14/11/2021,2021,Q4,November,Sunday,CUST63383,Nisha Joshi,22,Young Adult,Female,South,Bangalore,Groceries,Dal (1kg),10,90.13,0.25,High,507.06,10%,51.46,80.91,Credit Card,5,FALSE,Delivered,10
ORD-00560,09/06/2020,2020,Q2,June,Tuesday,CUST38172,Arjun Singh,19,Young Adult,Other,East,Kolkata,Furniture,Bookshelf,5,26946.78,0.1,Low,111598.98,34%,37815.29,80.01,UPI,3,FALSE,Cancelled,6
ORD-01638,30/12/2021,2021,Q4,December,Thursday,CUST98630,Shreya Sharma,41,Adult,Male,South,Chennai,Electronics,Camera,9,41722.41,0.2,Medium,220158.56,11%,25206.08,62.46,UPI,2,FALSE,Delivered,7
ORD-03022,08/01/2023,2023,Q1,January,Sunday,CUST98870,Ananya Bose,9,Child & Teen,Other,North,Chandigarh,Clothing,Saree,3,3517.55,0.39,Very High,8958.7,47%,4213.2,33.93,Cash on Delivery,,FALSE,Delivered,1
ORD-02045,18/06/2022,2022,Q2,June,Saturday,CUST85893,Meera Pillai,25,Young Adult,Female,South,Bangalore,Groceries,Flour,7,70.02,0.29,High,494.91,9%,44.9,75.32,UPI,2,FALSE,Pending,5
ORD-01559,30/11/2021,2021,Q4,November,Tuesday,CUST73879,Aarav Sharma,,,Male,East,Bhubaneswar,Groceries,Dal (1kg),4,455.14,0.1,Low,1283.42,8%,107.49,90.27,EMI,4,TRUE,Returned,10
ORD-00697,13/11/2020,2020,Q4,November,Friday,CUST94502,Sanjay Reddy,36,Adult,Other,North,Delhi,Sports,Cycle,8,11002.8,0.15,Medium,60370.7,14%,8455.94,27.96,Credit Card,5,FALSE,Delivered,9
ORD-03249,11/04/2023,2023,Q2,April,Tuesday,CUST78428,Nikhil Iyer,71,Senior,Female,North,Ludhiana,Clothing,Jacket,5,1581.85,0.31,Very High,5298.79,36%,1912.12,37.37,Cash on Delivery,3,FALSE,Delivered,3
ORD-01970,21/05/2022,2022,Q2,May,Saturday,CUST49802,Arjun Mishra,28,Young Adult,Male,North,Delhi,Furniture,Desk,9,25541.61,0.2,Medium,282283.64,38%,106013.67,68.96,Cash on Delivery,3,FALSE,Delivered,4
ORD-03866,08/05/2024,2024,Q2,May,Wednesday,CUST04103,Aditya Verma,24,Young Adult,Female,Central,Raipur,Sports,Tennis Racket,1,3037.55,0.19,Medium,3582.58,20%,700.96,40.82,Credit Card,4,FALSE,Delivered,3
ORD-00237,13/04/2020,2020,Q2,April,Monday,CUST46907,Sanjay Bhat,17,Child & Teen,Male,Central,Nagpur,Clothing,T-Shirt,10,2140.31,0.03,Low,22941.18,37%,8449.72,73.35,Net Banking,4,FALSE,Delivered,3
ORD-01528,17/11/2021,2021,Q4,November,Wednesday,CUST17627,Rahul Bhat,23,Young Adult,Other,North,Chandigarh,Furniture,Bookshelf,3,6001.72,0.23,High,11226.94,20%,2265.74,13.26,Debit Card,3,TRUE,Returned,3
ORD-01715,02/02/2022,2022,Q1,February,Wednesday,CUST08565,Kavya Das,48,Adult,Male,Central,Raipur,Books,Fiction Novel,2,1014.61,0.03,Low,1625.5,42%,685.16,49.94,UPI,5,FALSE,Delivered,7
ORD-03775,07/01/2024,2024,Q1,January,Sunday,CUST11643,Aditya Verma,2,Child & Teen,Male,North,Chandigarh,Books,Textbook,2,646.61,0.22,High,1668.69,38%,631.7,49.01,Credit Card,2,FALSE,delivered,3
ORD-03518,03/09/2024,2024,Q3,September,Tuesday,CUST03875,Aarav Joshi,44,Adult,Male,South,Chennai,Electronics,Camera,5,20577.01,0.23,High,93594.28,10%,9112.05,88.2,UPI,2,FALSE,Delivered,6
ORD-01708,02/01/2022,2022,Q1,January,Sunday,CUST87498,Amit Sharma,39,Adult,Male,Central,Nagpur,Books,Self-Help Book,1,1394.93,0.2,Medium,1128.26,38%,431.19,99.26,Credit Card,4,FALSE,Delivered,6
ORD-03320,12/08/2023,2023,Q3,August,Saturday,CUST53965,Sanjay Mehta,32,Young Adult,Female,North,Amritsar,Electronics,Camera,1,74269.77,0.15,Medium,58489.45,15%,8517.07,41.46,Net Banking,5,FALSE,Pending,1
ORD-00407,25/06/2020,2020,Q2,June,Thursday,CUST62236,Nisha Das,66,Senior,Male,West,Surat,Electronics,Tablet,5,46345.56,0.32,Very High,181476.52,14%,25644.37,77.91,Cash on Delivery,3,FALSE,Pending,10
ORD-03670,14/05/2024,2024,Q2,May,Tuesday,CUST31963,Rohan Mehta,17,Child & Teen,Female,Central,Indore,Sports,Football,,5318.8,0.18,Medium,6933.26,30%,2061.4,62.11,UPI,1,TRUE,Returned,8
ORD-00180,19/03/2020,2020,Q1,March,Thursday,CUST29334,Kavya Joshi,35,Young Adult,Other,Central,Indore,Sports,Tennis Racket,7,2367.09,0.04,Low,16292.28,16%,2663.65,42.41,Credit Card,1,FALSE,Shipped,8
ORD-00579,16/09/2020,2020,Q3,September,Wednesday,CUST24871,Kavya Reddy,24,Young Adult,Other,North,Delhi,Electronics,Laptop,9,34058.9,0.13,Medium,239614.28,11%,26529.36,35.69,Debit Card,5,FALSE,Pending,5
ORD-01133,26/05/2021,2021,Q2,May,Wednesday,CUST54577,Karan Kapoor,21,Young Adult,Other,South,Kochi,Beauty,Shampoo,7,1281.86,0.39,Very High,8031.28,37%,2955.5,39.19,Credit Card,2,FALSE,Delivered,7
ORD-01758,18/02/2022,2022,Q1,February,Friday,CUST87654,Pooja Verma,24,Young Adult,Female,West,Surat,Books,Fiction Novel,5,433.78,0.16,Medium,1626.67,35%,566.47,70.39,Cash on Delivery,5,FALSE,Delivered,9
ORD-00819,01/10/2021,2021,Q4,October,Friday,CUST63893,Sanjay Singh,21,Young Adult,Male,South,Chennai,Beauty,Perfume,9,1170.24,0.31,Very High,5927.64,51%,3035.58,41.85,Cash on Delivery,2,FALSE,Delivered,1
ORD-02878,06/02/2023,2023,Q1,February,Monday,CUST98432,Karan Kapoor,68,Senior,Female,Central,Indore,Clothing,Jeans,4,824.79,0.09,Low,4781.35,29%,1402.58,62.47,Credit Card,1,FALSE,Cancelled,4
ORD-03595,04/11/2024,2024,Q4,November,Monday,CUST20736,Kavya Das,41,Adult,Female,West,Mumbai,Sports,Cricket Bat,8,13545.22,0.22,High,148811.09,23%,34910.45,49.35,Credit Card,5,FALSE,Delivered,1
ORD-00368,06/07/2020,2020,Q3,July,Monday,CUST91300,Aarav Iyer,42,Adult,Female,West,Mumbai,Beauty,Sunscreen,2,1372.94,0.24,High,2491.32,31%,765.46,51.67,Net Banking,2,FALSE,Delivered,8
ORD-02348,10/12/2022,2022,Q4,December,Saturday,CUST12889,Rohan Mehta,27,Young Adult,Female,North,Ludhiana,Sports,Yoga Mat,9,13142.88,0.37,Very High,69394.08,23%,16164.46,32.88,UPI,5,TRUE,Returned,1
ORD-02993,20/07/2023,2023,Q3,July,Thursday,CUST83973,Nikhil Mishra,27,Young Adult,Female,South,Hyderabad,Electronics,Laptop,8,77986.06,,,991905.81,12%,116835.79,63.75,UPI,4,FALSE,Pending,2
ORD-00537,25/08/2020,2020,Q3,August,Tuesday,CUST15953,Arjun Verma,,,Other,West,Pune,Groceries,Tea,8,61.46,0.02,Low,583.26,10%,59.31,62.95,EMI,4,FALSE,Delivered,3
ORD-00148,03/01/2020,2020,Q1,January,Friday,CUST87452,Rohan Verma,15,Child & Teen,Other,Central,Bhopal,Beauty,Hair Oil,6,1264.54,0.34,Very High,5200.08,49%,2565.09,30.54,UPI,2,FALSE,Delivered,5
ORD-00647,15/10/2020,2020,Q4,October,Thursday,CUST97230,Vikram Bose,55,Adult,Other,North,Chandigarh,Beauty,Shampoo,4,2079.07,0.31,Very High,4372.2,48%,2080.88,20.39,UPI,4,TRUE,Returned,3
ORD-02791,22/04/2023,2023,Q2,April,Saturday,CUST40335,Meera Bhat,15,Child & Teen,Female,East,Guwahati,Sports,Tennis Racket,7,5879.31,0.05,Low,56376.87,12%,7011.74,84.67,Cash on Delivery,1,FALSE,Cancelled,7
ORD-00744,12/04/2020,2020,Q2,April,Sunday,CUST45099,Aditya Shah,32,Young Adult,Other,North,Amritsar,Groceries,Rice (5kg),4,388.57,0.01,Low,1066.73,7%,70.45,54.83,EMI,,TRUE,Returned,5
ORD-02001,06/02/2022,2022,Q1,February,Sunday,CUST78982,Deepa Reddy,27,Young Adult,Other,Central,Nagpur,Sports,Cricket Bat,2,1793.14,0.22,High,4474.84,25%,1103.43,40.65,Cash on Delivery,2,TRUE,Returned,9
ORD-02427,15/11/2022,2022,Q4,November,Tuesday,CUST68738,Ananya Pillai,2,Child & Teen,Other,South,Chennai,Books,Biography,6,363.03,0,No Discount,1819.63,40%,726.19,64.27,UPI,5,FALSE,Delivered,7
ORD-00651,19/10/2020,2020,Q4,October,Monday,CUST22697,Sunita Verma,29,Young Adult,Other,East,Patna,Furniture,Bed Frame,2,23933.02,0.38,Very High,26696.18,30%,8116.01,88.18,Debit Card,,FALSE,Delivered,3
ORD-04117,26/11/2024,2024,Q4,November,Tuesday,CUST68421,Karan Reddy,43,Adult,Female,North,Chandigarh,Beauty,Shampoo,9,328.65,0.3,High,1975.97,27%,543.25,41.68,Credit Card,4,FALSE,delivered,9
ORD-00194,27/03/2020,2020,Q1,March,Friday,CUST96692,Aarav Joshi,35,Young Adult,Female,North,Delhi,Sports,Dumbbells,9,6747.04,0.07,Low,53191.17,26%,13938.07,74.53,Credit Card,3,FALSE,Delivered,1
ORD-01944,05/08/2022,2022,Q3,August,Friday,CUST18548,Rahul Bose,31,Young Adult,Male,East,Guwahati,Beauty,Sunscreen,4,1176.04,0.18,Medium,6347.47,37%,2342.58,88.08,Net Banking,4,FALSE,Delivered,6
ORD-00939,28/02/2021,2021,Q1,February,Sunday,CUST44415,Ritu Das,27,Young Adult,Female,South,Chennai,Books,Textbook,7,884.25,0.35,Very High,3604.7,35%,1268.2,55.07,EMI,5,FALSE,Delivered,7
ORD-00167,13/03/2020,2020,Q1,March,Friday,CUST51864,Amit Mishra,27,Young Adult,Female,West,Surat,Clothing,Dress,4,2696.21,0.22,High,8113.08,29%,2313.16,51.64,UPI,1,FALSE,Delivered,3
ORD-00543,29/08/2020,2020,Q3,August,Saturday,CUST30712,Nisha Kumar,28,Young Adult,Female,North,Ludhiana,Books,Cook Book,7,370.56,0.08,Low,2710.89,38%,1018.66,29.93,UPI,,FALSE,Delivered,2
ORD-00649,17/10/2020,2020,Q4,October,Saturday,CUST22604,Rohan Mehta,26,Young Adult,Male,East,Patna,Electronics,Smartwatch,7,45799.76,0.33,Very High,189931.59,12%,22577.35,42.79,Debit Card,2,FALSE,Delivered,4
ORD-02817,05/09/2023,2023,Q3,September,Tuesday,CUST83459,Shreya Chatterjee,43,Adult,Other,Central,Bhopal,Furniture,Wardrobe,4,30780.64,0.36,Very High,99202.31,39%,39133.54,66.36,Net Banking,,FALSE,Delivered,7
ORD-00905,02/09/2021,2021,Q3,September,Thursday,CUST96177,Rahul Rao,41,Adult,Other,South,Hyderabad,Beauty,Sunscreen,10,1423.41,0.05,Low,11797.89,49%,5781.35,78.68,Credit Card,5,FALSE,Delivered,6
ORD-00628,10/09/2020,2020,Q3,September,Thursday,CUST55320,Aditya Chatterjee,31,Young Adult,Female,West,Mumbai,Electronics,Smartwatch,,32547.29,0.39,Very High,16855.55,9%,1445.51,61.78,UPI,3,FALSE,Delivered,10
ORD-01967,20/05/2022,2022,Q2,May,Friday,CUST03799,Rohan Bose,38,Adult,Female,North,Chandigarh,Books,Comic Book,5,951.75,0.02,Low,5936.18,40%,2402.75,54.03,EMI,3,FALSE,Delivered,6
ORD-03510,03/05/2024,2024,Q2,May,Friday,CUST79584,Meera Bhat,52,Adult,Female,North,Amritsar,Groceries,Flour,10,414.16,0.03,Low,4932.93,7%,345.9,47.29,Cash on Delivery,5,TRUE,Returned,8
ORD-04189,26/12/2024,2024,Q4,December,Thursday,CUST28178,Sanjay Rao,32,Young Adult,Other,West,Mumbai,Electronics,Smartwatch,4,64608.94,0.17,Medium,191352.59,14%,27372.68,79.41,Credit Card,4,TRUE,Returned,5
ORD-02466,12/05/2022,2022,Q2,May,Thursday,CUST23445,Pooja Chatterjee,26,Young Adult,Male,Central,Indore,Clothing,Kurta,8,2620.02,0.36,Very High,9964.39,35%,3441.54,41.75,Credit Card,,TRUE,Returned,1
ORD-00440,07/12/2020,2020,Q4,December,Monday,CUST95476,Karan Mehta,22,Young Adult,Other,North,Delhi,Sports,Cricket Bat,6,6916.49,0.38,Very High,37343.86,24%,8968.23,54.82,Credit Card,,FALSE,Delivered,8
ORD-01102,05/12/2021,2021,Q4,December,Sunday,CUST55287,Arjun Patel,46,Adult,Other,Central,Raipur,Sports,Yoga Mat,5,1589.12,0.2,Medium,8606.21,16%,1388.16,54.57,EMI,3,FALSE,Delivered,4
ORD-02380,27/10/2022,2022,Q4,October,Thursday,CUST77872,Vikram Chatterjee,12,Child & Teen,Female,East,Kolkata,Groceries,Tea,6,473.26,0.33,Very High,1858.4,9%,169.63,83.38,Cash on Delivery,1,FALSE,Delivered,1
ORD-04072,30/10/2024,2024,Q4,October,Wednesday,CUST26445,Priya Mishra,6,Child & Teen,Female,South,Bangalore,Furniture,Bed Frame,,16894.52,0.27,High,14763.33,35%,5236.34,80.6,Cash on Delivery,5,FALSE,Cancelled,10
ORD-02678,03/05/2023,2023,Q2,May,Wednesday,CUST87936,Aarav Kapoor,46,Adult,Female,West,Pune,Sports,Yoga Mat,8,7037.46,0.21,High,66204.63,13%,8522.63,63.69,UPI,4,FALSE,Delivered,2
ORD-00586,19/09/2020,2020,Q3,September,Saturday,CUST86530,Nikhil Das,4,Child & Teen,Male,East,Patna,Sports,Yoga Mat,9,3643.69,0.07,Low,28799.52,13%,3724.9,81.76,Credit Card,4,FALSE,Delivered,8
ORD-02766,04/12/2023,2023,Q4,December,Monday,CUST55726,Nisha Iyer,36,Adult,Male,South,Hyderabad,Beauty,Perfume,1,1927.8,0.25,High,2039.37,41%,829.68,81.77,Debit Card,2,FALSE,Delivered,8
ORD-03588,04/09/2024,2024,Q3,September,Wednesday,CUST83899,Pooja Bhat,37,Adult,Female,South,Chennai,Beauty,Shampoo,7,410.6,0.05,Low,4158.82,40%,1647.62,74.28,Credit Card,3,FALSE,Delivered,7
ORD-01281,31/07/2021,2021,Q3,July,Saturday,CUST14797,Sanjay Rao,26,Young Adult,Male,North,Delhi,Electronics,Headphones,8,63773.73,0.38,Very High,408398.64,9%,36997.48,37.03,Credit Card,4,FALSE,Delivered,3
ORD-00372,06/08/2020,2020,Q3,August,Thursday,CUST53114,Rohan Mehta,26,Young Adult,Other,South,Kochi,Electronics,Tablet,3,74867.2,0.22,High,239862.52,12%,27646.01,39.1,Cash on Delivery,4,FALSE,Delivered,8
ORD-01561,30/11/2021,2021,Q4,November,Tuesday,CUST70340,Rohan Patel,25,Young Adult,Male,North,Amritsar,Electronics,Tablet,2,62340.2,0.11,Medium,85395.8,10%,8409.34,66.81,UPI,4,FALSE,Delivered,6
ORD-04154,12/09/2024,2024,Q3,September,Thursday,CUST34894,Nikhil Bose,18,Young Adult,Other,East,Bhubaneswar,Books,Cook Book,2,1034.18,0.33,Very High,1184.8,31%,369.59,65.48,Credit Card,5,FALSE,Delivered,3
ORD-01553,28/11/2021,2021,Q4,November,Sunday,CUST29230,Shreya Das,23,Young Adult,Female,North,Delhi,Furniture,Desk,10,20890.04,0.04,Low,147207.49,30%,44130.71,34.32,EMI,2,TRUE,Returned,5
ORD-03982,09/12/2024,2024,Q4,December,Monday,CUST97439,Karan Joshi,27,Young Adult,Female,North,Chandigarh,Furniture,Wardrobe,8,12647.54,0.19,Medium,102341.78,34%,35160.81,69.62,Debit Card,5,FALSE,delivered,6
ORD-01754,17/02/2022,2022,Q1,February,Thursday,CUST11385,Nisha Rao,46,Adult,Female,East,Guwahati,Furniture,Desk,6,33082.65,0.31,Very High,130650.07,33%,42902.13,79.09,Net Banking,4,FALSE,Delivered,8
ORD-01272,28/07/2021,2021,Q3,July,Wednesday,CUST56172,Aarav Nair,2,Child & Teen,Male,East,Guwahati,Beauty,Lipstick,2,1205.62,0.03,Low,3688.61,21%,769.98,93.43,Credit Card,3,FALSE,Delivered,1
ORD-01165,06/06/2021,2021,Q2,June,Sunday,CUST76012,Karan Gupta,4,Child & Teen,Other,Central,Raipur,Sports,Yoga Mat,4,3455.68,0.21,High,15734.44,22%,3511.52,64.63,Credit Card,2,TRUE,Returned,3
ORD-04000,23/09/2024,2024,Q3,September,Monday,CUST53861,Nisha Kumar,32,Young Adult,Male,West,Surat,Beauty,Shampoo,7,1954.05,0.2,Medium,15069.06,58%,8691.86,65.77,Cash on Delivery,4,TRUE,Returned,6
ORD-00290,05/08/2020,2020,Q3,August,Wednesday,CUST46482,Sanjay Shah,18,Young Adult,Male,East,Bhubaneswar,Books,Self-Help Book,9,290.75,0.28,High,2143.4,50%,1071.82,60.62,EMI,3,TRUE,Returned,7
ORD-02514,28/12/2022,2022,Q4,December,Wednesday,CUST29286,Vikram Mehta,29,Young Adult,Male,Central,Nagpur,Beauty,Hair Oil,3,923.8,0.21,High,1516.74,43%,651.79,46.67,Debit Card,5,FALSE,Delivered,2
ORD-03218,22/10/2023,2023,Q4,October,Sunday,CUST17834,Nisha Mehta,,,Male,North,Chandigarh,Sports,Tennis Racket,5,11387.44,0.31,Very High,45950.26,20%,9024.25,51.52,UPI,3,FALSE,Delivered,3
ORD-02661,26/02/2023,2023,Q1,February,Sunday,CUST93326,Kavya Iyer,16,Child & Teen,Male,East,Kolkata,Furniture,Desk,3,2447.22,0.39,Very High,4781.36,12%,589.21,62.13,Cash on Delivery,2,TRUE,Returned,1
ORD-02211,23/08/2022,2022,Q3,August,Tuesday,CUST05906,Shreya Shah,24,Young Adult,Male,Central,Indore,Books,Self-Help Book,6,1482.8,0.37,Very High,7222.87,25%,1783.07,73.5,Credit Card,2,FALSE,Delivered,7
ORD-02526,01/01/2023,2023,Q1,January,Sunday,CUST11998,Rahul Singh,27,Young Adult,Male,South,Hyderabad,Beauty,Shampoo,3,2229.56,0.04,Low,6482.2,50%,3230.67,58.93,Credit Card,4,FALSE,Shipped,3
ORD-02768,13/04/2023,2023,Q2,April,Thursday,CUST12098,Nisha Nair,18,Young Adult,Female,Central,Bhopal,Beauty,Sunscreen,9,933.94,0.02,Low,12188.95,47%,5789.44,38.04,EMI,5,FALSE,Shipped,5
ORD-00904,02/09/2021,2021,Q3,September,Thursday,CUST76121,Meera Iyer,4,Child & Teen,Other,North,Ludhiana,Electronics,Smartwatch,4,27046.33,0.17,Medium,79234.6,12%,9558.56,39.92,Credit Card,3,FALSE,Delivered,6
ORD-00326,22/05/2020,2020,Q2,May,Friday,CUST34992,Ananya Singh,42,Adult,Male,East,Bhubaneswar,Electronics,Headphones,10,62652.16,0.09,Low,746724.9,10%,76429.84,92.64,Net Banking,3,FALSE,Delivered,5
ORD-02194,15/08/2022,2022,Q3,August,Monday,CUST84436,Amit Chatterjee,1,Child & Teen,Other,North,Delhi,Beauty,Face Cream,1,1986.59,0.05,Low,2507.45,46%,1149.66,66.3,UPI,2,TRUE,Returned,
ORD-01635,29/12/2021,2021,Q4,December,Wednesday,CUST50974,Karan Patel,35,Young Adult,Female,East,Guwahati,Beauty,Hair Oil,1,987.49,0.03,Low,649.67,57%,370.21,98.55,Debit Card,,TRUE,Returned,9
ORD-00556,09/03/2020,2020,Q1,March,Monday,CUST93474,Sanjay Patel,14,Child & Teen,Other,South,Hyderabad,Electronics,Laptop,5,53217.69,0.03,Low,273662.44,12%,33314.99,79.96,Debit Card,,FALSE,Delivered,2
ORD-03506,03/03/2024,2024,Q1,March,Sunday,CUST48682,Rahul Reddy,37,Adult,Female,East,Patna,Furniture,Chair,5,26731.96,,,170289.13,28%,47525.8,75.97,Credit Card,3,FALSE,Delivered,8
ORD-03852,31/07/2024,2024,Q3,July,Wednesday,CUST08935,Aarav Gupta,45,Adult,Male,Central,Raipur,Clothing,Jacket,6,1428.03,0.39,Very High,8541.87,42%,3565.98,50.49,Cash on Delivery,2,FALSE,Cancelled,9
ORD-02852,28/05/2023,2023,Q2,May,Sunday,CUST37103,Shreya Kapoor,2,Child & Teen,Male,North,Amritsar,Clothing,Jacket,3,484.17,0.23,High,1691.99,25%,426.78,63.91,UPI,4,FALSE,Delivered,9
ORD-02479,12/12/2022,2022,Q4,December,Monday,CUST81623,Karan Rao,7,Child & Teen,Male,North,Delhi,Sports,Football,6,14056.09,0.09,Low,61982.41,23%,14331.53,49.31,UPI,1,FALSE,Delivered,7
ORD-01854,31/03/2022,2022,Q1,March,Thursday,CUST02552,Rahul Bhat,61,Senior,Other,Central,Bhopal,Clothing,Kurta,6,2927.23,0.17,Medium,15014.03,45%,6682.89,76.05,Credit Card,1,TRUE,Returned,2
ORD-03556,25/03/2024,2024,Q1,March,Monday,CUST47056,Nisha Gupta,49,Adult,Female,West,Ahmedabad,Books,Cook Book,1,1034.06,0.1,Low,1187.77,38%,456.36,69.43,Net Banking,1,FALSE,Delivered,6
ORD-03425,25/01/2024,2024,Q1,January,Thursday,CUST92969,Nisha Mishra,2,Child & Teen,Female,East,Guwahati,Beauty,Hair Oil,3,1606.29,0.23,High,3638.62,28%,1014.15,92.92,Cash on Delivery,,FALSE,Delivered,10
ORD-01650,01/05/2022,2022,Q2,May,Sunday,CUST51192,Deepa Mishra,28,Young Adult,Female,West,Surat,Beauty,Face Cream,5,305.51,0.04,Low,1323.32,30%,396.56,77.17,UPI,1,FALSE,Delivered,4
ORD-00284,05/06/2020,2020,Q2,June,Friday,CUST68796,Ritu Sharma,37,Adult,Female,Central,Bhopal,Groceries,Flour,2,54.6,0.34,Very High,80.84,9%,6.89,42.28,Cash on Delivery,4,FALSE,Delivered,3
ORD-00006,01/02/2020,2020,Q1,February,Saturday,CUST13639,Karan Bose,5,Child & Teen,Female,North,Chandigarh,Groceries,Dal (1kg),7,238.66,0.05,Low,1361.86,8%,110.98,46.42,Debit Card,4,FALSE,Delivered,2
ORD-02374,23/10/2022,2022,Q4,October,Sunday,CUST40049,Aarav Chatterjee,5,Child & Teen,Female,North,Amritsar,Furniture,Bed Frame,8,22347.78,0.29,High,121514.57,39%,47789.83,10.59,Debit Card,1,FALSE,Delivered,4
ORD-01445,15/10/2021,2021,Q4,October,Friday,CUST58478,Sunita Reddy,38,Adult,Other,West,Surat,Beauty,Lipstick,8,1489.85,0.09,Low,10449.86,36%,3809.88,86.42,Credit Card,2,FALSE,Cancelled,6
ORD-02660,26/02/2023,2023,Q1,February,Sunday,CUST97483,Vikram Singh,38,Adult,Female,North,Delhi,Furniture,Chair,1,23555.64,0.09,Low,22617.77,25%,5562.38,65.5,UPI,1,FALSE,Delivered,10
ORD-04100,15/11/2024,2024,Q4,November,Friday,CUST32922,Nikhil Kumar,38,Adult,Other,North,Ludhiana,Groceries,Tea,4,328.95,0.08,Low,1116.81,6%,67.2,60.46,UPI,5,FALSE,pending,3
ORD-02017,06/09/2022,2022,Q3,September,Tuesday,CUST95440,Rohan Iyer,32,Young Adult,Other,North,Chandigarh,Beauty,Shampoo,8,1772.53,0.28,High,15579.91,30%,4615.51,68.18,EMI,1,TRUE,Returned,3
ORD-01394,20/09/2021,2021,Q3,September,Monday,CUST91444,Aarav Iyer,46,Adult,Male,Central,Indore,Electronics,Smartphone,7,38846.9,0.21,High,255205.65,15%,39365.88,50.81,Net Banking,4,FALSE,Delivered,10
ORD-00676,11/02/2020,2020,Q1,February,Tuesday,CUST84441,Karan Iyer,35,Young Adult,Other,East,Kolkata,Electronics,Camera,2,41850.01,0.07,Low,64764.78,13%,8565.9,59.88,UPI,1,FALSE,cancelled,8
ORD-03500,03/01/2024,2024,Q1,January,Wednesday,CUST22955,Sanjay Mishra,24,Young Adult,Male,Central,Raipur,Furniture,Bookshelf,5,25732.89,0.37,Very High,110264.78,24%,26314.49,67.41,Cash on Delivery,2,FALSE,Delivered,2
ORD-02151,08/01/2022,2022,Q1,January,Saturday,CUST65336,Amit Kapoor,48,Adult,Female,Central,Bhopal,Books,Cook Book,4,1045.84,0.39,Very High,3553.63,35%,1247.53,43.68,Debit Card,5,FALSE,Shipped,
ORD-01294,08/06/2021,2021,Q2,June,Tuesday,CUST87248,Shreya Das,3,Child & Teen,Other,South,Bangalore,Groceries,Rice (5kg),8,278.21,0.22,High,2079.67,9%,188.15,61.34,Credit Card,2,FALSE,delivered,5
ORD-03319,12/08/2023,2023,Q3,August,Saturday,CUST70804,Ritu Singh,44,Adult,Other,East,Guwahati,Groceries,Flour,7,327.26,0.09,Low,1655.16,10%,157.97,83.19,Net Banking,1,FALSE,Delivered,2
ORD-01378,15/09/2021,2021,Q3,September,Wednesday,CUST96105,Rohan Pillai,25,Young Adult,Male,North,Delhi,Furniture,Bookshelf,4,23015.5,0.13,Medium,103290.99,33%,34267.22,28.42,UPI,1,TRUE,Returned,10
ORD-01948,05/10/2022,2022,Q4,October,Wednesday,CUST73300,Nikhil Singh,22,Young Adult,Female,West,Surat,Furniture,Wardrobe,4,18771.18,0.12,Medium,90435.12,23%,21095.21,68.93,Net Banking,5,FALSE,Delivered,1
ORD-01350,31/08/2021,2021,Q3,August,Tuesday,CUST96166,Vikram Mehta,41,Adult,Female,North,Amritsar,Books,Fiction Novel,2,1075.45,0.13,Medium,2282.66,42%,949.67,47.1,UPI,2,FALSE,Delivered,6
ORD-03753,23/06/2024,2024,Q2,June,Sunday,CUST16098,Priya Sharma,41,Adult,Female,South,Hyderabad,Books,Textbook,10,1271.11,0.24,High,14356.97,42%,5996.1,47.57,Net Banking,5,FALSE,Delivered,1
ORD-00843,20/01/2021,2021,Q1,January,Wednesday,CUST07824,Priya Chatterjee,2,Child & Teen,Female,West,Surat,Furniture,Bookshelf,10,7217.24,0.34,Very High,38701.84,25%,9777.45,78.16,Net Banking,1,TRUE,Returned,2
ORD-01969,20/05/2022,2022,Q2,May,Friday,CUST23162,Nikhil Patel,17,Child & Teen,Other,West,Surat,Electronics,Tablet,10,8235.1,,,102107.36,11%,11235.34,33.15,Debit Card,5,FALSE,Delivered,4
ORD-00071,27/01/2020,2020,Q1,January,Monday,CUST06330,Priya Kapoor,24,Young Adult,Female,West,Pune,Books,Biography,8,493.36,0.34,Very High,1942.7,38%,742.64,52.85,Credit Card,4,FALSE,Delivered,6
ORD-00467,25/07/2020,2020,Q3,July,Saturday,CUST24562,Aarav Shah,23,Young Adult,Male,North,Chandigarh,Groceries,Sugar,8,445.99,0.24,High,3881.14,7%,281.9,72.48,Debit Card,2,FALSE,Delivered,9
ORD-01664,13/01/2022,2022,Q1,January,Thursday,CUST78261,Meera Rao,37,Adult,Female,West,Ahmedabad,Furniture,Desk,10,17068.89,0.16,Medium,124615.43,33%,41346.8,81.76,Cash on Delivery,5,FALSE,Shipped,
ORD-00047,19/01/2020,2020,Q1,January,Sunday,CUST03104,Nisha Shah,33,Young Adult,Female,South,Hyderabad,Sports,Dumbbells,3,2208.38,0.02,Low,5472.63,22%,1191.19,87.33,Net Banking,2,FALSE,Delivered,5
ORD-01164,06/05/2021,2021,Q2,May,Thursday,CUST06311,Sanjay Reddy,26,Young Adult,Other,East,Guwahati,Beauty,Face Cream,5,1895.73,0.16,Medium,9954.87,58%,5748.45,53.1,Credit Card,1,FALSE,Delivered,10
ORD-00398,21/06/2020,2020,Q2,June,Sunday,CUST35407,Aarav Rao,26,Young Adult,Female,North,Chandigarh,Beauty,Perfume,9,137.31,0.24,High,1114.76,46%,516.92,64.95,EMI,1,FALSE,Delivered,1
ORD-02874,06/01/2023,2023,Q1,January,Friday,CUST62622,Priya Kapoor,17,Child & Teen,Male,North,Amritsar,Sports,Tennis Racket,10,9450.13,0.12,Medium,148205.85,15%,22767.2,65.88,EMI,1,TRUE,Returned,6
ORD-03123,09/10/2023,2023,Q4,October,Monday,CUST24025,Rohan Joshi,4,Child & Teen,Male,North,Delhi,Furniture,Desk,10,25522.49,,,360814.67,31%,112620.79,24.03,Cash on Delivery,1,FALSE,Delivered,10
ORD-01668,13/01/2022,2022,Q1,January,Thursday,CUST70127,Karan Nair,42,Adult,Female,West,Ahmedabad,Books,Self-Help Book,2,1184.85,0,No Discount,1851.96,46%,844.3,79.06,Net Banking,,FALSE,Delivered,5
ORD-02932,25/06/2023,2023,Q2,June,Sunday,CUST49455,Nisha Iyer,17,Child & Teen,Other,North,Amritsar,Furniture,Wardrobe,8,11770.39,0.15,Medium,137222.95,22%,30354.4,52.08,Net Banking,,FALSE,Shipped,10
ORD-00785,23/12/2020,2020,Q4,December,Wednesday,CUST18574,Sunita Singh,35,Young Adult,Other,South,Chennai,Groceries,Tea,9,203.63,0.29,High,829.37,9%,75.45,84.23,Net Banking,4,FALSE,Delivered,1
ORD-01564,30/11/2021,2021,Q4,November,Tuesday,CUST24016,Kavya Patel,64,Senior,Male,North,Chandigarh,Books,Textbook,5,625.59,0.02,Low,2682.13,34%,910.71,43.73,UPI,5,FALSE,Delivered,7
ORD-03077,21/08/2023,2023,Q3,August,Monday,CUST23896,Ananya Kumar,54,Adult,Male,North,Delhi,Clothing,Dress,5,3920.37,0.09,Low,25064.55,40%,10054.85,17.84,Debit Card,,FALSE,Delivered,6
ORD-00702,13/11/2020,2020,Q4,November,Friday,CUST28491,Rohan Bose,33,Young Adult,Male,West,Mumbai,Groceries,Rice (5kg),7,359.06,0.02,Low,1926.06,8%,153.38,77.28,Cash on Delivery,2,FALSE,Delivered,8
ORD-00423,07/06/2020,2020,Q2,June,Sunday,CUST04728,Nikhil Mehta,43,Adult,Male,Central,Raipur,Sports,Football,3,11793.71,0.32,Very High,29262.31,22%,6296.56,63.2,Credit Card,4,FALSE,Delivered,9
ORD-01176,06/10/2021,2021,Q4,October,Wednesday,CUST37244,Aditya Bhat,32,Young Adult,Other,Central,Raipur,Clothing,Saree,7,2184.88,0.16,Medium,20358.67,21%,4252.26,49.09,EMI,4,FALSE,Delivered,5
ORD-00925,22/02/2021,2021,Q1,February,Monday,CUST77643,Karan Reddy,4,Child & Teen,Male,East,Bhubaneswar,Electronics,Laptop,9,27718.27,,,228875.11,16%,36385.34,75.4,Cash on Delivery,1,FALSE,Delivered,3
ORD-03897,14/08/2024,2024,Q3,August,Wednesday,CUST40736,Deepa Sharma,34,Young Adult,Other,Central,Indore,Beauty,Sunscreen,3,720.8,0.24,High,2212.27,40%,892.22,47.4,Cash on Delivery,1,FALSE,Delivered,2
ORD-01695,27/01/2022,2022,Q1,January,Thursday,CUST18018,Vikram Gupta,19,Young Adult,Female,South,Kochi,Electronics,Smartwatch,6,20306.85,0.36,Very High,67574.41,9%,6252.6,80.91,Cash on Delivery,5,FALSE,Delivered,6
ORD-00817,01/09/2021,2021,Q3,September,Wednesday,CUST03410,Ananya Rao,42,Adult,Female,North,Delhi,Electronics,Smartphone,10,55337.12,0.24,High,299036.46,12%,36301.09,63.2,UPI,2,TRUE,Returned,10
ORD-00518,18/08/2020,2020,Q3,August,Tuesday,CUST53973,Rohan Pillai,22,Young Adult,Male,East,Patna,Books,Self-Help Book,10,1445,0.31,Very High,12763.71,26%,3313.53,74.73,Net Banking,4,FALSE,Delivered,3
ORD-03809,14/07/2024,2024,Q3,July,Sunday,CUST76945,Rohan Sharma,4,Child & Teen,Male,West,Mumbai,Books,Comic Book,8,526.69,0.25,High,5310.11,35%,1871.66,54.87,EMI,3,TRUE,Returned,7
ORD-02109,17/07/2022,2022,Q3,July,Sunday,CUST39644,Rohan Bose,42,Adult,Male,East,Guwahati,Clothing,T-Shirt,7,2784.47,0.09,Low,25867.22,31%,7897.77,98.75,Credit Card,3,TRUE,Returned,8
ORD-03291,24/11/2023,2023,Q4,November,Friday,CUST41602,Arjun Bose,35,Young Adult,Other,North,Ludhiana,Electronics,Laptop,4,61816.92,0,No Discount,227231.35,13%,30169.32,42.89,EMI,1,FALSE,Delivered,10
ORD-03608,20/04/2024,2024,Q2,April,Saturday,CUST01140,Rohan Sharma,39,Adult,Male,Central,Raipur,Beauty,Perfume,8,722.26,0.33,Very High,6687.01,67%,4477.03,42.31,Net Banking,3,TRUE,Returned,1
ORD-02743,04/01/2023,2023,Q1,January,Wednesday,CUST97838,Ritu Mehta,28,Young Adult,Other,East,Bhubaneswar,Clothing,Jacket,1,3896.79,0.36,Very High,3471.12,44%,1531.25,72.56,Cash on Delivery,5,FALSE,Delivered,5
ORD-02121,22/07/2022,2022,Q3,July,Friday,CUST19087,Ritu Verma,38,Adult,Female,South,Bangalore,Books,Fiction Novel,2,785.43,0.27,High,1362.3,44%,594.5,65.58,Debit Card,,FALSE,Delivered,3
ORD-03067,18/08/2023,2023,Q3,August,Friday,CUST47125,Rohan Kumar,,,Male,Central,Nagpur,Sports,Yoga Mat,4,6531.91,0.18,Medium,33411.39,22%,7449.38,78.26,Net Banking,1,FALSE,Delivered,8
ORD-02523,31/12/2022,2022,Q4,December,Saturday,CUST28943,Nisha Sharma,26,Young Adult,Female,West,Pune,Books,Fiction Novel,6,1055.08,0.36,Very High,2966.43,40%,1190.94,62.47,Debit Card,3,FALSE,Delivered,4
ORD-01598,14/12/2021,2021,Q4,December,Tuesday,CUST10754,Priya Singh,48,Adult,Other,North,Delhi,Electronics,Camera,7,52086.42,0,No Discount,273692,15%,39729.58,59.26,Debit Card,5,TRUE,Returned,3
ORD-01100,05/11/2021,2021,Q4,November,Friday,CUST70498,Arjun Mishra,23,Young Adult,Female,East,Bhubaneswar,Groceries,Dal (1kg),5,176.3,0.32,Very High,725.63,8%,60.81,108.31,EMI,2,FALSE,Shipped,3
ORD-02084,07/07/2022,2022,Q3,July,Thursday,CUST67930,Ritu Das,42,Adult,Male,West,Surat,Furniture,Bed Frame,6,4221.96,0.25,High,27887.17,41%,11561.41,56.54,Net Banking,2,FALSE,Delivered,5
ORD-02407,11/06/2022,2022,Q2,June,Saturday,CUST82035,Deepa Bhat,66,Senior,Male,West,Surat,Electronics,Tablet,4,23321.4,0.36,Very High,50337.85,18%,8865.89,72.32,Debit Card,1,TRUE,Returned,7
ORD-01459,22/10/2021,2021,Q4,October,Friday,CUST85012,Nikhil Joshi,3,Child & Teen,Other,West,Ahmedabad,Books,Self-Help Book,9,601.66,0.04,Low,5277.72,35%,1862.14,59.96,Debit Card,2,TRUE,Returned,1
ORD-01717,02/02/2022,2022,Q1,February,Wednesday,CUST55628,Priya Singh,35,Young Adult,Other,North,Amritsar,Books,Fiction Novel,,1351.01,0.14,Medium,1116.21,31%,341.54,36.21,UPI,1,TRUE,Returned,2
ORD-01379,15/09/2021,2021,Q3,September,Wednesday,CUST23044,Meera Verma,48,Adult,Female,South,Bangalore,Groceries,Cooking Oil,8,378.17,0.2,Medium,2714.36,6%,171.58,53.04,Debit Card,2,FALSE,Delivered,7
ORD-03272,15/11/2023,2023,Q4,November,Wednesday,CUST57589,Meera Chatterjee,35,Young Adult,Other,West,Mumbai,Sports,Cricket Bat,10,4317.81,0.2,Medium,32059.7,25%,7938.01,65.95,Cash on Delivery,3,FALSE,Shipped,3
ORD-00989,27/03/2021,2021,Q1,March,Saturday,CUST63010,Kavya Kapoor,34,Young Adult,Male,West,Ahmedabad,Sports,Yoga Mat,6,4757.97,0.39,Very High,16398.86,28%,4630.17,69.73,Cash on Delivery,1,FALSE,Delivered,6
ORD-01118,18/05/2021,2021,Q2,May,Tuesday,CUST77399,Shreya Shah,59,Senior,Other,South,Hyderabad,Groceries,Rice (5kg),4,346.05,0.01,Low,1943.15,8%,156.61,48.59,UPI,4,FALSE,Delivered,10
ORD-02078,07/05/2022,2022,Q2,May,Saturday,CUST50258,Pooja Joshi,32,Young Adult,Other,North,Amritsar,Books,Comic Book,4,407.5,0.21,High,1683.33,39%,655.53,64,Net Banking,2,FALSE,Delivered,8
ORD-03627,26/04/2024,2024,Q2,April,Friday,CUST14544,Karan Bose,15,Child & Teen,Male,North,Chandigarh,Beauty,Face Cream,6,2053.53,0.02,Low,18060.12,42%,7506.82,54.84,Debit Card,4,TRUE,Returned,9
ORD-03599,14/04/2024,2024,Q2,April,Sunday,CUST08352,Nisha Verma,23,Young Adult,Other,Central,Indore,Furniture,Bookshelf,2,30615.34,,,88750.98,30%,26460.69,57.35,Net Banking,2,FALSE,Delivered,2
ORD-03663,05/11/2024,2024,Q4,November,Tuesday,CUST63146,Deepa Verma,22,Young Adult,Other,South,Chennai,Books,Fiction Novel,,480.68,0.37,Very High,448.54,41%,185.46,65.84,Net Banking,1,FALSE,Delivered,7
ORD-01484,28/10/2021,2021,Q4,October,Thursday,CUST77114,Arjun Bose,49,Adult,Other,North,Amritsar,Beauty,Face Cream,1,2097.9,0.1,Low,1753.48,34%,591.99,41.06,EMI,5,FALSE,delivered,4
ORD-03620,23/04/2024,2024,Q2,April,Tuesday,CUST14620,Nikhil Verma,48,Adult,Female,Central,Nagpur,Furniture,Desk,10,11308.29,0.28,High,115595.29,31%,35774.65,57.9,UPI,4,FALSE,Delivered,
ORD-03615,22/04/2024,2024,Q2,April,Monday,CUST74717,Amit Joshi,34,Young Adult,Other,Central,Raipur,Books,Fiction Novel,2,1290.19,0.11,Medium,3480.18,33%,1141.88,63.68,Debit Card,1,FALSE,Delivered,6
ORD-00189,25/03/2020,2020,Q1,March,Wednesday,CUST02132,Pooja Reddy,41,Adult,Female,North,Delhi,Groceries,Tea,1,342.62,0.31,Very High,248.22,6%,14.18,59.96,EMI,,FALSE,Delivered,6
ORD-03235,31/10/2023,2023,Q4,October,Tuesday,CUST84105,Shreya Gupta,8,Child & Teen,Female,West,Mumbai,Furniture,Wardrobe,10,28237.47,0.29,High,201146.39,20%,39521.26,54.08,Cash on Delivery,5,FALSE,Delivered,2
ORD-00285,05/06/2020,2020,Q2,June,Friday,CUST37349,Nisha Joshi,46,Adult,Male,East,Bhubaneswar,Beauty,Perfume,4,1004.49,0.29,High,3619.29,56%,2033.39,97.74,Debit Card,,TRUE,Returned,8
ORD-03763,26/06/2024,2024,Q2,June,Wednesday,CUST66505,Vikram Verma,49,Adult,Male,Central,Nagpur,Sports,Cricket Bat,3,10144.06,0.02,Low,54236.12,19%,10158.3,72.68,Debit Card,1,TRUE,Returned,1
ORD-00344,28/05/2020,2020,Q2,May,Thursday,CUST09269,Shreya Kumar,4,Child & Teen,Female,West,Pune,Groceries,Sugar,5,447.63,0.3,High,1817.68,8%,140.38,65.87,Cash on Delivery,1,FALSE,Cancelled,10
ORD-00008,01/02/2020,2020,Q1,February,Saturday,CUST27101,Shreya Kumar,45,Adult,Male,East,Patna,Books,Cook Book,2,435.28,0.32,Very High,400.93,38%,152.9,54.81,Cash on Delivery,2,FALSE,Cancelled,9
ORD-00760,12/11/2020,2020,Q4,November,Thursday,CUST23262,Priya Mishra,32,Young Adult,Female,North,Delhi,Furniture,Bookshelf,6,18877.52,0.29,High,62077.82,35%,21779.26,27.92,Debit Card,5,FALSE,Delivered,6
ORD-02062,28/06/2022,2022,Q2,June,Tuesday,CUST44853,Arjun Shah,27,Young Adult,Female,Central,Raipur,Groceries,Rice (5kg),1,197.09,0.32,Very High,204.25,10%,20.87,46.31,Debit Card,1,FALSE,Shipped,5
ORD-03834,24/07/2024,2024,Q3,July,Wednesday,CUST62488,Sanjay Bose,31,Young Adult,Other,East,Kolkata,Groceries,Sugar,5,335.32,0.33,Very High,1937.67,9%,171.12,88.98,Cash on Delivery,1,TRUE,Returned,2
ORD-02264,09/11/2022,2022,Q4,November,Wednesday,CUST27188,Aditya Das,,,Male,North,Chandigarh,Furniture,Bookshelf,2,11078.6,0.06,Low,26632.36,26%,7028.83,45.78,UPI,2,FALSE,Delivered,10
ORD-02158,08/04/2022,2022,Q2,April,Friday,CUST11487,Sanjay Singh,39,Adult,Male,South,Hyderabad,Groceries,Tea,2,287.46,0.12,Medium,696.47,7%,45.33,63.51,UPI,2,FALSE,Cancelled,4
ORD-01449,17/10/2021,2021,Q4,October,Sunday,CUST79698,Deepa Das,49,Adult,Other,Central,Raipur,Sports,Tennis Racket,4,11988.33,0.37,Very High,30419.46,12%,3508.41,63.72,UPI,2,FALSE,Delivered,5
ORD-01097,05/11/2021,2021,Q4,November,Friday,CUST63448,Rohan Chatterjee,48,Adult,Female,West,Surat,Furniture,Chair,7,30335.68,0.23,High,202427.42,23%,47519.09,63.26,Cash on Delivery,5,FALSE,Pending,6
ORD-00055,21/01/2020,2020,Q1,January,Tuesday,CUST98423,Arjun Kumar,37,Adult,Other,East,Guwahati,Groceries,Flour,2,61.44,0.12,Medium,83.9,8%,6.89,72.83,UPI,2,FALSE,Delivered,1
ORD-04044,21/10/2024,2024,Q4,October,Monday,CUST43452,Nisha Kapoor,46,Adult,Female,South,Kochi,Beauty,Sunscreen,1,882.32,0.25,High,860.81,62%,531.18,92.13,Net Banking,5,FALSE,Cancelled,4
ORD-03362,26/12/2023,2023,Q4,December,Tuesday,CUST63701,Aditya Kumar,31,Young Adult,Female,North,Amritsar,Clothing,Jeans,8,3109.43,0.34,Very High,13768.79,34%,4682.29,78.43,UPI,2,FALSE,Delivered,1
ORD-02764,11/04/2023,2023,Q2,April,Tuesday,CUST82237,Arjun Bose,36,Adult,Other,Central,Nagpur,Beauty,Sunscreen,9,1168.75,0.22,High,10719.06,31%,3312.86,24.91,Credit Card,1,FALSE,Delivered,6
ORD-01946,05/09/2022,2022,Q3,September,Monday,CUST58038,Arjun Joshi,43,Adult,Other,West,Pune,Groceries,Rice (5kg),10,378.93,0.36,Very High,3399.01,6%,209.1,60.05,Credit Card,1,FALSE,Delivered,1
ORD-03870,08/06/2024,2024,Q2,June,Saturday,CUST69875,Sanjay Mehta,43,Adult,Male,Central,Raipur,Clothing,Dress,3,1773.46,0.35,Very High,5117.18,34%,1728.27,68.9,UPI,4,FALSE,Cancelled,3
ORD-01052,20/04/2021,2021,Q2,April,Tuesday,CUST46428,Vikram Das,2,Child & Teen,Male,North,Delhi,Electronics,Camera,8,37212.54,0.08,Low,289349.91,8%,22436.74,59.69,EMI,1,FALSE,Delivered,9
ORD-03411,18/01/2024,2024,Q1,January,Thursday,CUST62485,Deepa Kapoor,29,Young Adult,Other,East,Patna,Groceries,Flour,3,472.46,0.38,Very High,844.99,9%,75.78,90.06,Credit Card,2,FALSE,Cancelled,9
ORD-02279,16/09/2022,2022,Q3,September,Friday,CUST11155,Ananya Verma,52,Adult,Female,West,Mumbai,Electronics,Laptop,6,13712.65,0.21,High,88050.54,12%,10911.94,44.8,Debit Card,2,FALSE,Delivered,5
ORD-02655,24/02/2023,2023,Q1,February,Friday,CUST25325,Amit Joshi,34,Young Adult,Male,Central,Nagpur,Books,Fiction Novel,10,890.58,0.05,Low,9308.37,37%,3442.31,77.84,UPI,1,FALSE,Delivered,4
ORD-02555,13/01/2023,2023,Q1,January,Friday,CUST46238,Nisha Singh,13,Child & Teen,Other,South,Chennai,Groceries,Cooking Oil,6,429.91,0.36,Very High,1429.71,11%,163.29,71.98,Cash on Delivery,3,FALSE,Delivered,3
ORD-02464,12/05/2022,2022,Q2,May,Thursday,CUST86293,Rahul Kapoor,28,Young Adult,Male,South,Kochi,Furniture,Bed Frame,1,21880.63,0.13,Medium,15482.78,27%,4167.88,65.81,Debit Card,5,FALSE,Delivered,7
ORD-03125,09/11/2023,2023,Q4,November,Thursday,CUST63392,Pooja Nair,49,Adult,Other,Central,Raipur,Sports,Yoga Mat,8,7594.18,0.06,Low,73152.9,20%,14737.07,75.23,Net Banking,3,FALSE,Delivered,10
ORD-02541,01/09/2023,2023,Q3,September,Friday,CUST26316,Ananya Gupta,24,Young Adult,Other,South,Chennai,Books,Textbook,2,1431.03,0.24,High,1789.46,53%,945.9,64.39,Debit Card,2,FALSE,Pending,1
ORD-02857,28/05/2023,2023,Q2,May,Sunday,CUST81300,Ananya Mishra,27,Young Adult,Other,Central,Bhopal,Electronics,Smartphone,2,16666.39,0.04,Low,45521.34,14%,6476.79,54.21,UPI,1,FALSE,Delivered,8
ORD-03704,28/05/2024,2024,Q2,May,Tuesday,CUST39978,Sunita Kapoor,6,Child & Teen,Female,Central,Raipur,Beauty,Shampoo,4,1243.93,0.34,Very High,5427.21,28%,1521.9,44.57,Debit Card,1,FALSE,delivered,6
ORD-01648,01/05/2022,2022,Q2,May,Sunday,CUST42883,Vikram Joshi,32,Young Adult,Male,North,Amritsar,Clothing,Saree,7,3381.19,0.39,Very High,11933.01,33%,3903.15,52.43,EMI,3,TRUE,Returned,4
ORD-00882,02/02/2021,2021,Q1,February,Tuesday,CUST46121,Arjun Shah,41,Adult,Female,North,Amritsar,Furniture,Bed Frame,10,21056.57,0.24,High,131205.97,24%,31712.53,53.62,Credit Card,2,TRUE,Returned,10
ORD-01780,03/01/2022,2022,Q1,January,Monday,CUST67461,Aditya Kapoor,16,Child & Teen,Male,North,Chandigarh,Sports,Dumbbells,2,13902.39,0.37,Very High,20309.9,27%,5540.98,37.83,Net Banking,3,FALSE,delivered,7
ORD-01611,21/12/2021,2021,Q4,December,Tuesday,CUST14221,Nisha Iyer,51,Adult,Other,West,Ahmedabad,Books,Textbook,10,1181.99,0.01,Low,8278.99,48%,3933.86,52.54,Debit Card,5,TRUE,Returned,10
ORD-03545,20/03/2024,2024,Q1,March,Wednesday,CUST48258,Deepa Patel,41,Adult,Female,South,Hyderabad,Groceries,Cooking Oil,7,439.78,0.11,Medium,3962.93,8%,320.83,64,UPI,1,FALSE,Pending,9
ORD-02012,06/06/2022,2022,Q2,June,Monday,CUST50838,Sunita Sharma,35,Young Adult,Male,North,Amritsar,Beauty,Hair Oil,3,151.66,0.28,High,490.46,40%,194.08,50.29,UPI,3,FALSE,Delivered,1
ORD-02849,26/05/2023,2023,Q2,May,Friday,CUST49953,Aditya Kapoor,47,Adult,Other,South,Hyderabad,Books,Comic Book,1,616.77,0.26,High,805.88,31%,253.49,67.82,Net Banking,,TRUE,Returned,5
ORD-00376,09/06/2020,2020,Q2,June,Tuesday,CUST08639,Rahul Kapoor,43,Adult,Female,West,Mumbai,Sports,Dumbbells,10,7388.77,0.35,Very High,67368.65,12%,7907.83,79.13,Credit Card,2,TRUE,Returned,2
ORD-01583,09/12/2021,2021,Q4,December,Thursday,CUST77780,Shreya Sharma,,,Other,North,Ludhiana,Furniture,Bed Frame,2,33979.17,0.09,Low,49388.95,38%,18574.16,35.89,Credit Card,4,TRUE,Returned,4
ORD-01802,03/08/2022,2022,Q3,August,Wednesday,CUST29312,Arjun Verma,35,Young Adult,Other,East,Kolkata,Beauty,Hair Oil,1,2317.49,0.12,Medium,2469.09,53%,1307.37,92.14,Credit Card,4,FALSE,Delivered,4
ORD-04040,19/10/2024,2024,Q4,October,Saturday,CUST65904,Aditya Reddy,24,Young Adult,Female,Central,Raipur,Beauty,Face Cream,1,1189.68,0.38,Very High,883.05,54%,476.12,61.72,UPI,3,FALSE,Delivered,7
ORD-01337,24/08/2021,2021,Q3,August,Tuesday,CUST96224,Pooja Bhat,42,Adult,Male,East,Guwahati,Beauty,Shampoo,6,1830.42,0.38,Very High,8090.67,48%,3889.27,89.06,EMI,5,FALSE,Pending,7
ORD-02032,14/06/2022,2022,Q2,June,Tuesday,CUST87100,Priya Das,31,Young Adult,Female,North,Chandigarh,Sports,Dumbbells,1,9438.79,0.06,Low,12679.99,23%,2911.92,48.64,Net Banking,3,FALSE,Delivered,8
ORD-01663,01/12/2022,2022,Q4,December,Thursday,CUST47721,Karan Mishra,47,Adult,Male,North,Delhi,Beauty,Face Cream,7,183.5,0.06,Low,941.96,35%,329.15,81.3,Cash on Delivery,5,FALSE,Delivered,7
ORD-04032,16/10/2024,2024,Q4,October,Wednesday,CUST20384,Shreya Das,34,Young Adult,Male,West,Mumbai,Beauty,Hair Oil,8,1325.92,0.36,Very High,7101.14,52%,3668.15,75.44,Credit Card,2,FALSE,Delivered,10
ORD-03391,01/06/2024,2024,Q2,June,Saturday,CUST82012,Amit Chatterjee,12,Child & Teen,Male,Central,Indore,Furniture,Sofa,1,17054.15,0.05,Low,19278.17,30%,5809.8,62.17,Cash on Delivery,3,FALSE,delivered,2
ORD-00065,24/01/2020,2020,Q1,January,Friday,CUST46511,Aditya Mehta,38,Adult,Male,Central,Bhopal,Sports,Tennis Racket,7,11809.1,0.37,Very High,39451.25,22%,8489.59,52.58,UPI,1,TRUE,Returned,5
ORD-01211,30/06/2021,2021,Q2,June,Wednesday,CUST89209,Nisha Patel,55,Adult,Female,West,Mumbai,Groceries,Dal (1kg),1,92.07,0.24,High,92.74,6%,5.66,66.61,UPI,4,TRUE,Returned,4
ORD-04028,14/10/2024,2024,Q4,October,Monday,CUST55623,Nikhil Mehta,72,Senior,Male,Central,Indore,Books,Biography,8,953.45,0.12,Medium,6937.28,45%,3146.46,74.99,EMI,1,FALSE,Delivered,9
ORD-03168,10/03/2023,2023,Q1,March,Friday,CUST99426,Sunita Shah,39,Adult,Female,East,Patna,Furniture,Chair,3,22116.52,0.14,Medium,56634.24,27%,15322.58,80.03,EMI,2,TRUE,Returned,6
ORD-02377,25/10/2022,2022,Q4,October,Tuesday,CUST98234,Priya Das,37,Adult,Female,East,Kolkata,Books,Biography,3,641.95,0.29,High,1563.94,33%,516.36,78.51,UPI,1,FALSE,Delivered,8
ORD-00848,21/01/2021,2021,Q1,January,Thursday,CUST63825,Aarav Bose,42,Adult,Female,Central,Nagpur,Electronics,Camera,7,73688.74,0.36,Very High,260206.81,6%,15758.03,63.44,Net Banking,,FALSE,Delivered,7
ORD-02428,15/11/2022,2022,Q4,November,Tuesday,CUST87410,Rahul Bose,14,Child & Teen,Other,South,Kochi,Groceries,Rice (5kg),10,90.88,0.15,Medium,727.71,9%,64.16,43,Net Banking,2,FALSE,Delivered,3
ORD-03977,09/11/2024,2024,Q4,November,Saturday,CUST09103,Nisha Kapoor,3,Child & Teen,Other,West,Ahmedabad,Clothing,Saree,5,1833.43,0.25,High,9194.56,30%,2732.97,67.54,EMI,2,TRUE,Returned,2
ORD-03020,31/07/2023,2023,Q3,July,Monday,CUST84225,Ananya Gupta,49,Adult,Male,North,Ludhiana,Furniture,Wardrobe,4,33460.25,0.13,Medium,195087.5,32%,63064.44,40.01,UPI,5,FALSE,Delivered,5
ORD-01487,30/10/2021,2021,Q4,October,Saturday,CUST74622,Priya Sharma,3,Child & Teen,Other,Central,Bhopal,Sports,Dumbbells,1,9205.69,0.13,Medium,7849.73,24%,1902.62,71.07,Debit Card,1,FALSE,Delivered,5
ORD-00683,11/06/2020,2020,Q2,June,Thursday,CUST71427,Ritu Das,21,Young Adult,Male,Central,Nagpur,Groceries,Rice (5kg),8,483.25,0.06,Low,2795.81,7%,207.65,28.67,UPI,3,FALSE,Delivered,2
ORD-00553,09/02/2020,2020,Q1,February,Sunday,CUST75347,Nisha Singh,15,Child & Teen,Other,North,Ludhiana,Groceries,Dal (1kg),3,101.86,0.13,Medium,278.9,9%,25.03,47.2,Net Banking,5,FALSE,Delivered,7
ORD-00139,24/02/2020,2020,Q1,February,Monday,CUST35429,Ritu Nair,43,Adult,Female,South,Chennai,Books,Comic Book,,1179.07,0.24,High,807.42,56%,455.49,77.92,Cash on Delivery,1,FALSE,Cancelled,3
ORD-01462,22/10/2021,2021,Q4,October,Friday,CUST48119,Arjun Kumar,25,Young Adult,Other,West,Mumbai,Sports,Yoga Mat,4,9927.75,0.01,Low,30133.8,27%,8083.5,86.33,Cash on Delivery,1,FALSE,Delivered,5
ORD-02406,11/06/2022,2022,Q2,June,Saturday,CUST28811,Sunita Joshi,14,Child & Teen,Other,South,Hyderabad,Books,Comic Book,6,1290.45,0.14,Medium,6054.97,33%,2015.44,72.18,Debit Card,,FALSE,Delivered,7
ORD-00484,08/01/2020,2020,Q1,January,Wednesday,CUST47442,Sunita Shah,47,Adult,Female,South,Hyderabad,Books,Fiction Novel,1,658.73,0.32,Very High,486.04,46%,224.09,56.27,Net Banking,1,FALSE,Cancelled,10
ORD-03279,17/11/2023,2023,Q4,November,Friday,CUST55124,Arjun Nair,35,Young Adult,Female,South,Hyderabad,Beauty,Hair Oil,5,2164.5,0.36,Very High,6849.69,45%,3108.13,89.26,EMI,1,FALSE,Delivered,5
ORD-00236,13/04/2020,2020,Q2,April,Monday,CUST00024,Rohan Bhat,35,Young Adult,Other,North,Amritsar,Books,Self-Help Book,5,966.73,0.32,Very High,4041.53,36%,1436.4,27.61,EMI,5,FALSE,Shipped,4
ORD-02214,25/08/2022,2022,Q3,August,Thursday,CUST69266,Meera Iyer,42,Adult,Female,South,Kochi,Sports,Yoga Mat,3,11700.18,0.34,Very High,31335.42,23%,7211.28,61.57,Cash on Delivery,2,FALSE,Delivered,4
ORD-01812,03/12/2022,2022,Q4,December,Saturday,CUST87331,Priya Iyer,37,Adult,Other,South,Hyderabad,Clothing,Saree,2,3062.06,0,No Discount,6405.51,30%,1929.46,60.97,Credit Card,4,FALSE,Delivered,6
ORD-02835,18/05/2023,2023,Q2,May,Thursday,CUST93185,Sunita Verma,46,Adult,Male,North,Ludhiana,Books,Biography,2,922.52,0.02,Low,2948.11,38%,1106.75,61.06,Debit Card,3,FALSE,Delivered,9
ORD-02005,03/06/2022,2022,Q2,June,Friday,CUST62519,Priya Joshi,46,Adult,Female,South,Bangalore,Beauty,Sunscreen,10,1635.87,0.21,High,18889.25,50%,9364.27,65.41,Cash on Delivery,4,FALSE,Delivered,4
ORD-03293,24/11/2023,2023,Q4,November,Friday,CUST17652,Arjun Rao,4,Child & Teen,Male,East,Guwahati,Beauty,Face Cream,7,586.63,0.04,Low,3416.93,35%,1208.13,90.59,Net Banking,2,FALSE,Pending,8
ORD-03717,06/09/2024,2024,Q3,September,Friday,CUST54594,Ritu Verma,37,Adult,Male,South,Hyderabad,Sports,Football,4,969.54,0.1,Low,6002.74,8%,476.57,59.53,Net Banking,4,FALSE,Delivered,5
ORD-02395,11/01/2022,2022,Q1,January,Tuesday,CUST38435,Aarav Das,34,Young Adult,Other,West,Mumbai,Electronics,Smartphone,5,17051.01,0.02,Low,72489.63,17%,12014.35,60.41,Debit Card,4,FALSE,Delivered,3
ORD-03610,20/04/2024,2024,Q2,April,Saturday,CUST71966,Deepa Kumar,31,Young Adult,Female,West,Pune,Beauty,Perfume,8,1737.06,0.05,Low,21586.69,43%,9320.24,48.1,EMI,4,FALSE,Delivered,9
ORD-02433,19/11/2022,2022,Q4,November,Saturday,CUST52680,Ritu Shah,4,Child & Teen,Female,North,Delhi,Sports,Cycle,9,10073.67,0.2,Medium,59652.6,30%,18108.91,53.9,EMI,4,FALSE,Cancelled,2
ORD-02752,04/06/2023,2023,Q2,June,Sunday,CUST77977,Priya Verma,39,Adult,Other,North,Chandigarh,Furniture,Desk,4,20972.36,0.23,High,101498.2,40%,40455.26,43.34,UPI,1,FALSE,Delivered,4
ORD-01125,23/05/2021,2021,Q2,May,Sunday,CUST04001,Ananya Das,41,Adult,Male,Central,Bhopal,Sports,Football,8,1689.13,0.12,Medium,17306.12,22%,3872.78,78.96,Net Banking,3,FALSE,Shipped,2
ORD-02639,16/02/2023,2023,Q1,February,Thursday,CUST43114,Deepa Sharma,37,Adult,Male,South,Kochi,Furniture,Bookshelf,5,26873.8,0.3,High,107825.45,31%,33382.41,80.54,Net Banking,2,FALSE,Cancelled,9
ORD-03791,07/06/2024,2024,Q2,June,Friday,CUST64574,Sanjay Pillai,26,Young Adult,Female,Central,Bhopal,Electronics,Smartphone,8,70977.79,,,912510.56,13%,120414.48,61.68,Cash on Delivery,,FALSE,Delivered,1
ORD-00945,03/03/2021,2021,Q1,March,Wednesday,CUST29179,Karan Verma,14,Child & Teen,Other,West,Surat,Sports,Yoga Mat,4,7733.68,0.34,Very High,22832.43,16%,3661.66,56.01,Credit Card,2,FALSE,Delivered,6
ORD-01357,09/03/2021,2021,Q1,March,Tuesday,CUST15011,Rahul Shah,21,Young Adult,Other,West,Mumbai,Books,Fiction Novel,7,712.53,0.07,Low,5107.75,35%,1803.51,57.42,Credit Card,1,TRUE,Returned,10
ORD-02224,28/08/2022,2022,Q3,August,Sunday,CUST30540,Priya Bhat,25,Young Adult,Female,West,Ahmedabad,Sports,Cycle,7,8703.41,0.09,Low,68163.65,21%,14340.35,62,Debit Card,2,FALSE,Delivered,1
ORD-01631,27/12/2021,2021,Q4,December,Monday,CUST37296,Meera Chatterjee,49,Adult,Male,North,Chandigarh,Furniture,Bookshelf,4,7533.42,0.13,Medium,23033.05,32%,7287.96,68.3,Credit Card,5,FALSE,Delivered,6
ORD-03689,22/05/2024,2024,Q2,May,Wednesday,CUST89381,Vikram Bose,31,Young Adult,Female,South,Hyderabad,Furniture,Chair,7,13446.15,0.03,Low,147194.67,23%,34353.53,72.19,Debit Card,,FALSE,Delivered,8
ORD-02484,13/12/2022,2022,Q4,December,Tuesday,CUST16309,Rohan Verma,2,Child & Teen,Other,Central,Raipur,Clothing,Saree,4,630.74,0.04,Low,1712.76,36%,616.52,29.52,Debit Card,2,FALSE,Delivered,9
ORD-00823,01/12/2021,2021,Q4,December,Wednesday,CUST48473,Sunita Joshi,48,Adult,Male,West,Pune,Beauty,Sunscreen,1,1901.42,0.3,High,1024,47%,482.79,37.7,EMI,5,FALSE,Delivered,7
ORD-00557,09/04/2020,2020,Q2,April,Thursday,CUST03973,Rahul Iyer,,,Male,East,Bhubaneswar,Books,Self-Help Book,6,821.78,0.16,Medium,3457.92,60%,2079.93,89.15,Credit Card,4,FALSE,Cancelled,7
ORD-01283,08/01/2021,2021,Q1,January,Friday,CUST68514,Sanjay Mishra,8,Child & Teen,Male,North,Ludhiana,Beauty,Hair Oil,10,1896.08,0.01,Low,22009.55,39%,8645.2,60.54,Net Banking,2,FALSE,Delivered,10
ORD-00375,06/09/2020,2020,Q3,September,Sunday,CUST69130,Nikhil Singh,4,Child & Teen,Other,South,Kochi,Furniture,Bed Frame,3,32005.1,0.14,Medium,111222.15,36%,40250.51,26.04,Net Banking,5,FALSE,Delivered,1
ORD-04096,13/11/2024,2024,Q4,November,Wednesday,CUST25252,Nikhil Rao,25,Young Adult,Other,East,Kolkata,Beauty,Hair Oil,,2272.1,0.15,Medium,1972.43,47%,936.13,54.4,Cash on Delivery,2,FALSE,Delivered,
ORD-04142,12/04/2024,2024,Q2,April,Friday,CUST18673,Sanjay Joshi,19,Young Adult,Other,North,Ludhiana,Beauty,Face Cream,9,1593.35,0.06,Low,10203.46,40%,4094.58,42.17,Credit Card,3,FALSE,Delivered,2
ORD-02851,26/05/2023,2023,Q2,May,Friday,CUST69918,Aditya Verma,39,Adult,Female,Central,Bhopal,Beauty,Sunscreen,1,2345.65,0.07,Low,3844.13,56%,2141.87,54.42,Net Banking,2,TRUE,Returned,3
ORD-03449,02/04/2024,2024,Q2,April,Tuesday,CUST23951,Karan Kapoor,4,Child & Teen,Female,Central,Raipur,Furniture,Desk,1,12690.08,0.16,Medium,13573.95,25%,3348.35,78.84,Net Banking,4,FALSE,Delivered,2
ORD-00083,02/01/2020,2020,Q1,January,Thursday,CUST84754,Meera Shah,45,Adult,Other,Central,Nagpur,Clothing,Jeans,8,1746.58,0.14,Medium,9981.19,37%,3692.11,25.32,Debit Card,3,FALSE,Shipped,3
ORD-03262,11/09/2023,2023,Q3,September,Monday,CUST82303,Arjun Patel,18,Young Adult,Male,Central,Bhopal,Sports,Cycle,4,7196.49,0.2,Medium,23291.68,20%,4701.83,62.08,Net Banking,1,TRUE,Returned,10
ORD-01086,05/06/2021,2021,Q2,June,Saturday,CUST14839,Aarav Mishra,27,Young Adult,Other,West,Ahmedabad,Sports,Yoga Mat,9,748.26,,,10901.11,31%,3339.14,48.2,Cash on Delivery,3,FALSE,Shipped,3
ORD-00438,07/12/2020,2020,Q4,December,Monday,CUST95274,Priya Shah,26,Young Adult,Female,Central,Nagpur,Groceries,Tea,9,367.82,0.37,Very High,2214.56,9%,189.16,74.74,Debit Card,3,FALSE,Delivered,9
ORD-02601,02/04/2023,2023,Q2,April,Sunday,CUST02447,Sunita Singh,48,Adult,Other,East,Guwahati,Electronics,Smartwatch,6,27584.29,0.04,Low,154093.5,12%,18519.24,82.16,Cash on Delivery,,TRUE,Returned,1
ORD-03577,04/03/2024,2024,Q1,March,Monday,CUST58950,Kavya Mishra,57,Senior,Male,South,Chennai,Clothing,Dress,5,1559.69,,,10091.36,31%,3080.02,61.62,UPI,3,FALSE,Delivered,3
ORD-02854,28/05/2023,2023,Q2,May,Sunday,CUST77130,Vikram Chatterjee,32,Young Adult,Male,Central,Bhopal,Sports,Dumbbells,,2734.25,0.28,High,2776.37,23%,628.32,40.14,Credit Card,2,FALSE,Delivered,5
ORD-03145,25/09/2023,2023,Q3,September,Monday,CUST35682,Ananya Chatterjee,49,Adult,Female,North,Chandigarh,Sports,Football,1,6693.3,0.11,Medium,7001.71,21%,1485.2,49.16,Credit Card,1,FALSE,Cancelled,7
ORD-03488,25/02/2024,2024,Q1,February,Sunday,CUST31348,Pooja Gupta,3,Child & Teen,Female,Central,Indore,Electronics,Smartphone,1,7202.38,0.21,High,6816.92,8%,552.15,67.34,Net Banking,2,TRUE,Returned,4
ORD-01109,15/05/2021,2021,Q2,May,Saturday,CUST81233,Nikhil Bose,19,Young Adult,Other,South,Kochi,Furniture,Sofa,1,12504.29,0.15,Medium,14133.18,37%,5257.39,87.69,EMI,4,FALSE,Delivered,8
ORD-01569,12/02/2021,2021,Q1,February,Friday,CUST66237,Ananya Kumar,3,Child & Teen,Male,South,Kochi,Groceries,Tea,2,117.65,,,182.73,8%,14.01,71.51,Net Banking,4,FALSE,Delivered,4
ORD-01845,27/03/2022,2022,Q1,March,Sunday,CUST10325,Ananya Joshi,27,Young Adult,Male,East,Guwahati,Electronics,Smartphone,7,49930.01,0.18,Medium,305814.52,17%,52733.26,87.99,Credit Card,2,TRUE,Returned,1
ORD-01396,21/09/2021,2021,Q3,September,Tuesday,CUST86234,Priya Reddy,56,Senior,Male,South,Kochi,Electronics,Tablet,8,75033.34,0.28,High,506816.82,15%,73937.62,61.37,Credit Card,4,FALSE,Delivered,7
ORD-01252,18/07/2021,2021,Q3,July,Sunday,CUST60840,Sunita Patel,28,Young Adult,Other,East,Bhubaneswar,Furniture,Bookshelf,2,27494.42,0.09,Low,66782.43,27%,17991.26,56.35,Credit Card,3,FALSE,Delivered,6
ORD-00211,04/02/2020,2020,Q1,February,Tuesday,CUST90979,Nisha Joshi,47,Adult,Male,South,Bangalore,Books,Comic Book,6,1246.19,0.06,Low,7951.41,54%,4298.89,74.09,EMI,,FALSE,Delivered,7
ORD-01532,18/11/2021,2021,Q4,November,Thursday,CUST78938,Pooja Reddy,3,Child & Teen,Male,Central,Indore,Clothing,Saree,7,1494.18,0.13,Medium,7729.55,47%,3630.71,80.11,Credit Card,3,FALSE,Delivered,10
ORD-01616,24/12/2021,2021,Q4,December,Friday,CUST87932,Ananya Kapoor,22,Young Adult,Male,South,Chennai,Clothing,Kurta,4,1566.74,0.07,Low,3925.14,43%,1682.6,77.04,Debit Card,4,FALSE,Shipped,9
ORD-00156,03/06/2020,2020,Q2,June,Wednesday,CUST57074,Priya Singh,32,Young Adult,Male,Central,Indore,Clothing,T-Shirt,7,634.01,0.35,Very High,2632.38,39%,1034.24,76.53,UPI,4,FALSE,Delivered,9
ORD-00140,24/02/2020,2020,Q1,February,Monday,CUST51057,Rohan Verma,49,Adult,Female,Central,Bhopal,Beauty,Shampoo,3,2127.17,0.32,Very High,3803.64,37%,1419.85,67.56,UPI,1,FALSE,Delivered,1
ORD-00187,23/03/2020,2020,Q1,March,Monday,CUST95299,Amit Rao,44,Adult,Other,East,Guwahati,Groceries,Sugar,3,315.98,0.2,Medium,801.2,8%,62.11,104.89,Credit Card,4,FALSE,Delivered,3
ORD-02417,11/09/2022,2022,Q3,September,Sunday,CUST65187,Rahul Chatterjee,41,Adult,Female,West,Mumbai,Sports,Dumbbells,10,5187.53,0.13,Medium,41193.61,21%,8791.81,49.73,UPI,3,FALSE,Delivered,2
ORD-02499,21/12/2022,2022,Q4,December,Wednesday,CUST68941,Vikram Pillai,38,Adult,Female,South,Hyderabad,Electronics,Headphones,10,22540.09,0.08,Low,196931.1,11%,22056.79,77.63,Cash on Delivery,4,FALSE,Delivered,6
ORD-02326,10/06/2022,2022,Q2,June,Friday,CUST89114,Aditya Patel,27,Young Adult,Female,South,Hyderabad,Furniture,Bookshelf,9,22455.86,0.23,High,158725.76,22%,35481.88,64.83,Credit Card,4,FALSE,Delivered,4
ORD-03862,08/04/2024,2024,Q2,April,Monday,CUST25303,Arjun Bose,37,Adult,Female,West,Mumbai,Groceries,Dal (1kg),4,315.04,0.14,Medium,1725.71,6%,108.93,49.89,Credit Card,3,FALSE,Delivered,10
ORD-03396,01/10/2024,2024,Q4,October,Tuesday,CUST18308,Priya Mehta,31,Young Adult,Male,Central,Raipur,Beauty,Sunscreen,10,412.64,0.28,High,2849.95,58%,1648.72,35.19,Credit Card,5,FALSE,Delivered,6
ORD-02620,02/10/2023,2023,Q4,October,Monday,CUST23456,Sunita Mishra,5,Child & Teen,Male,South,Bangalore,Beauty,Perfume,6,1758.55,0.29,High,8300.79,52%,4314.02,64.46,Net Banking,4,FALSE,Delivered,1
ORD-02725,28/03/2023,2023,Q1,March,Tuesday,CUST39987,Aarav Shah,34,Young Adult,Male,North,Amritsar,Furniture,Sofa,2,25068.04,0.07,Low,60153.24,26%,15753.38,16.5,Debit Card,1,FALSE,Delivered,2
ORD-03964,09/06/2024,2024,Q2,June,Sunday,CUST57453,Arjun Joshi,14,Child & Teen,Other,West,Mumbai,Electronics,Headphones,2,41228.52,0.11,Medium,103175.92,12%,12285.24,37.79,Debit Card,4,TRUE,Returned,8
ORD-03534,15/03/2024,2024,Q1,March,Friday,CUST18961,Meera Kumar,4,Child & Teen,Male,East,Kolkata,Electronics,Laptop,4,12580.65,0.34,Very High,45132.09,13%,5873.56,101.02,Net Banking,5,FALSE,Delivered,2
ORD-00872,31/01/2021,2021,Q1,January,Sunday,CUST37369,Amit Das,29,Young Adult,Female,South,Kochi,Beauty,Lipstick,3,1476.85,0.39,Very High,1955,48%,946.31,72.85,EMI,1,TRUE,Returned,6
ORD-01739,02/12/2022,2022,Q4,December,Friday,CUST00395,Arjun Reddy,42,Adult,Male,North,Ludhiana,Beauty,Face Cream,7,881.3,0.24,High,4536.6,58%,2608.91,49.35,UPI,2,FALSE,Delivered,3
ORD-02015,06/07/2022,2022,Q3,July,Wednesday,CUST43193,Rahul Mehta,36,Adult,Other,South,Kochi,Furniture,Chair,1,22337.23,0.08,Low,24297.67,29%,7115.37,44.4,UPI,3,FALSE,Delivered,10
ORD-00715,23/11/2020,2020,Q4,November,Monday,CUST92335,Rohan Singh,35,Young Adult,Other,North,Chandigarh,Books,Textbook,3,1024.92,0.4,Very High,1275.48,39%,495.89,60.02,Credit Card,4,FALSE,Delivered,10
ORD-01157,06/03/2021,2021,Q1,March,Saturday,CUST28445,Sanjay Nair,4,Child & Teen,Female,North,Amritsar,Books,Textbook,7,775.88,0.38,Very High,4861.16,27%,1295.29,19.48,Credit Card,4,TRUE,Returned,9
ORD-01759,18/02/2022,2022,Q1,February,Friday,CUST59330,Deepa Patel,34,Young Adult,Male,West,Surat,Groceries,Tea,4,421.19,0.39,Very High,993.67,8%,79.81,83.46,UPI,3,FALSE,Delivered,6
ORD-03164,10/01/2023,2023,Q1,January,Tuesday,CUST04219,Aarav Sharma,21,Young Adult,Male,East,Bhubaneswar,Clothing,Jeans,8,3309.44,0.08,Low,24146.23,30%,7317.58,108.32,Net Banking,2,FALSE,Shipped,8
ORD-02010,06/05/2022,2022,Q2,May,Friday,CUST93766,Rohan Nair,24,Young Adult,Female,West,Pune,Electronics,Tablet,6,29091.32,,,275738.69,13%,35140.71,35.9,EMI,4,TRUE,Returned,10
ORD-02016,06/09/2022,2022,Q3,September,Tuesday,CUST87101,Nikhil Bose,2,Child & Teen,Male,East,Guwahati,Groceries,Cooking Oil,4,342.63,0.04,Low,1796.99,6%,105.07,65.4,UPI,3,FALSE,Delivered,2
ORD-04078,11/03/2024,2024,Q1,March,Monday,CUST54593,Arjun Sharma,32,Young Adult,Female,East,Patna,Books,Textbook,4,253.68,0.16,Medium,778.21,50%,386.42,76.22,UPI,4,FALSE,Shipped,9
ORD-00594,22/09/2020,2020,Q3,September,Tuesday,CUST06050,Ananya Mishra,37,Adult,Male,North,Amritsar,Clothing,T-Shirt,2,2579.57,0.02,Low,5743.74,35%,1991.02,37.72,EMI,4,FALSE,Delivered,1
ORD-02883,06/03/2023,2023,Q1,March,Monday,CUST72686,Meera Bose,66,Senior,Male,East,Kolkata,Electronics,Headphones,7,18211.07,0.04,Low,212071.33,14%,30254.35,85.57,Credit Card,1,FALSE,Delivered,10
ORD-02676,03/03/2023,2023,Q1,March,Friday,CUST24131,Deepa Verma,27,Young Adult,Male,South,Bangalore,Books,Fiction Novel,1,948.68,0.05,Low,1052.63,41%,436.63,60.66,Net Banking,3,FALSE,Delivered,4
ORD-02477,12/12/2022,2022,Q4,December,Monday,CUST10191,Shreya Mishra,25,Young Adult,Male,South,Hyderabad,Electronics,Camera,7,78827.09,0.17,Medium,329759.69,10%,33092.48,81.42,Credit Card,2,FALSE,Delivered,7
ORD-03383,01/03/2024,2024,Q1,March,Friday,CUST88781,Meera Iyer,22,Young Adult,Male,North,Amritsar,Electronics,Smartphone,7,65406.74,0.23,High,311838.93,10%,30172.94,56.16,Cash on Delivery,4,FALSE,Delivered,9
ORD-01033,04/12/2021,2021,Q4,December,Saturday,CUST75013,Aditya Pillai,3,Child & Teen,Male,South,Chennai,Sports,Tennis Racket,2,3848.71,0.13,Medium,7629.53,24%,1845.42,94.87,UPI,1,FALSE,Delivered,5
ORD-02769,14/04/2023,2023,Q2,April,Friday,CUST48124,Ritu Reddy,14,Child & Teen,Male,East,Patna,Furniture,Wardrobe,1,25421.93,0.02,Low,36558.25,34%,12519.52,64.85,Cash on Delivery,4,FALSE,Cancelled,8
ORD-00345,28/05/2020,2020,Q2,May,Thursday,CUST34954,Nikhil Kapoor,39,Adult,Other,Central,Nagpur,Groceries,Flour,9,253.54,0.26,High,2172.54,8%,173.86,63.2,Net Banking,5,FALSE,Delivered,7
ORD-03739,18/06/2024,2024,Q2,June,Tuesday,CUST32885,Deepa Iyer,36,Adult,Other,East,Guwahati,Clothing,Saree,2,419.29,0.4,Very High,977.42,38%,372.17,91.04,Debit Card,4,FALSE,Delivered,6
ORD-04200,30/12/2024,2024,Q4,December,Monday,CUST38440,Rohan Rao,22,Young Adult,Other,South,Bangalore,Furniture,Sofa,6,5868.58,0.29,High,27272.26,31%,8506.96,61.17,Cash on Delivery,3,TRUE,Returned,5
ORD-03549,22/03/2024,2024,Q1,March,Friday,CUST48871,Arjun Patel,42,Adult,Other,West,Pune,Furniture,Sofa,8,8470.42,0.29,High,55529.13,32%,17657.48,72.33,UPI,4,FALSE,Delivered,2
ORD-03289,21/11/2023,2023,Q4,November,Tuesday,CUST55307,Kavya Chatterjee,13,Child & Teen,Other,South,Kochi,Clothing,T-Shirt,9,2673.67,0.23,High,16249.74,37%,5950.65,80.51,EMI,3,FALSE,Delivered,8
ORD-02474,12/08/2022,2022,Q3,August,Friday,CUST53409,Sunita Pillai,37,Adult,Female,North,Ludhiana,Electronics,Smartphone,1,42750.36,,,38016.38,10%,3865.32,64.93,Cash on Delivery,4,FALSE,Delivered,10
ORD-01085,05/05/2021,2021,Q2,May,Wednesday,CUST96129,Amit Verma,36,Adult,Male,West,Ahmedabad,Electronics,Headphones,3,19106.04,0.29,High,55864.82,11%,5910.7,48.94,UPI,5,FALSE,delivered,10
ORD-00052,21/01/2020,2020,Q1,January,Tuesday,CUST08694,Shreya Nair,3,Child & Teen,Other,East,Patna,Groceries,Flour,8,93.43,0.03,Low,527.34,11%,58.06,67.75,Credit Card,5,FALSE,Shipped,3
ORD-03253,11/05/2023,2023,Q2,May,Thursday,CUST40202,Priya Das,24,Young Adult,Female,Central,Nagpur,Beauty,Sunscreen,3,2286.34,0.34,Very High,4041.13,60%,2413.02,61.28,UPI,2,TRUE,Returned,1
ORD-01864,04/02/2022,2022,Q1,February,Friday,CUST09459,Aarav Shah,44,Adult,Male,East,Guwahati,Clothing,Jacket,8,2007.46,0.07,Low,22694.82,39%,8877.57,29.19,Net Banking,5,FALSE,Delivered,8
ORD-03635,29/04/2024,2024,Q2,April,Monday,CUST69253,Aditya Bose,31,Young Adult,Male,North,Chandigarh,Clothing,Jacket,1,2333.82,0.3,High,2311.26,37%,857.57,31.53,Debit Card,2,TRUE,Returned,10
ORD-00974,20/03/2021,2021,Q1,March,Saturday,CUST42500,Aarav Shah,3,Child & Teen,Male,South,Kochi,Sports,Cricket Bat,8,1086.23,0.23,High,7051.86,19%,1305.99,55.27,Debit Card,4,TRUE,Returned,8
ORD-02741,04/01/2023,2023,Q1,January,Wednesday,CUST45274,Sanjay Patel,23,Young Adult,Male,East,Guwahati,Sports,Dumbbells,6,5555.87,0.31,Very High,34653.36,29%,9878.4,74.61,Debit Card,5,FALSE,Delivered,4
ORD-02872,31/05/2023,2023,Q2,May,Wednesday,CUST44303,Nisha Joshi,17,Child & Teen,Female,South,Bangalore,Electronics,Camera,8,74939.93,0.31,Very High,626506.16,13%,78957.96,82.61,Cash on Delivery,2,FALSE,Pending,
ORD-03179,10/06/2023,2023,Q2,June,Saturday,CUST04408,Sanjay Chatterjee,24,Young Adult,Female,North,Chandigarh,Sports,Tennis Racket,6,4814.34,0.11,Medium,27501.28,14%,3795.89,44.25,Cash on Delivery,3,FALSE,Delivered,6
ORD-00519,18/08/2020,2020,Q3,August,Tuesday,CUST46240,Sanjay Mishra,21,Young Adult,Male,Central,Indore,Sports,Tennis Racket,4,2245.26,0.05,Low,10562.68,15%,1551.12,67.36,Net Banking,1,FALSE,Delivered,8
ORD-03408,16/01/2024,2024,Q1,January,Tuesday,CUST53254,Rahul Nair,35,Young Adult,Other,South,Kochi,Clothing,Jeans,2,2942.34,0.26,High,4536.48,38%,1703.86,54.7,Debit Card,5,TRUE,Returned,7
ORD-03906,15/08/2024,2024,Q3,August,Thursday,CUST36432,Kavya Kapoor,33,Young Adult,Male,South,Kochi,Books,Self-Help Book,8,1226.84,0.23,High,11994.58,33%,3912.8,69.45,EMI,4,FALSE,Delivered,6
ORD-00880,02/02/2021,2021,Q1,February,Tuesday,CUST93518,Aarav Rao,36,Adult,Other,East,Guwahati,Books,Comic Book,9,1355.32,0.11,Medium,9672.16,41%,3948.56,95.05,Debit Card,4,FALSE,Delivered,4
ORD-01651,01/07/2022,2022,Q3,July,Friday,CUST43881,Ananya Mehta,28,Young Adult,Other,North,Ludhiana,Furniture,Desk,2,15019.51,0.21,High,22257.16,30%,6736.14,45.65,UPI,2,FALSE,Cancelled,7
ORD-02265,09/12/2022,2022,Q4,December,Friday,CUST40896,Deepa Rao,48,Adult,Female,West,Mumbai,Electronics,Headphones,7,17875.78,0.39,Very High,88594.37,12%,10922.5,64.93,Credit Card,1,FALSE,Shipped,3
ORD-04143,12/04/2024,2024,Q2,April,Friday,CUST39988,Amit Chatterjee,2,Child & Teen,Male,East,Guwahati,Furniture,Bed Frame,9,31889.55,0.03,Low,231659.35,32%,73647.32,82.21,Credit Card,4,FALSE,Delivered,3
ORD-00953,03/07/2021,2021,Q3,July,Saturday,CUST31395,Nisha Sharma,51,Adult,Male,West,Mumbai,Groceries,Sugar,8,304.96,0.05,Low,2345.4,10%,225.25,36.35,Cash on Delivery,2,FALSE,Delivered,3
ORD-03208,19/10/2023,2023,Q4,October,Thursday,CUST07878,Nisha Patel,39,Adult,Male,Central,Raipur,Beauty,Face Cream,6,1870.67,0.31,Very High,7697.7,55%,4210.61,51.88,Debit Card,5,FALSE,Delivered,1
ORD-03099,09/01/2023,2023,Q1,January,Monday,CUST54403,Priya Rao,31,Young Adult,Female,Central,Nagpur,Books,Cook Book,7,1057.54,0.2,Medium,6459.84,41%,2620.05,60.64,Debit Card,2,TRUE,Returned,2
ORD-01810,03/11/2022,2022,Q4,November,Thursday,CUST43650,Arjun Patel,14,Child & Teen,Other,East,Bhubaneswar,Furniture,Wardrobe,8,26505.13,0.04,Low,238656.22,29%,68339.51,84.53,Net Banking,5,FALSE,Delivered,7
ORD-02910,06/10/2023,2023,Q4,October,Friday,CUST60967,Nisha Chatterjee,19,Young Adult,Male,West,Surat,Sports,Cycle,5,13947.97,0.29,High,76540.79,33%,25167.53,78.24,EMI,1,FALSE,Cancelled,7
ORD-03547,20/03/2024,2024,Q1,March,Wednesday,CUST38738,Vikram Gupta,48,Adult,Female,Central,Bhopal,Beauty,Face Cream,7,2483.1,0.23,High,19141.88,52%,9979.84,55.38,Net Banking,3,FALSE,Delivered,10
ORD-01190,19/06/2021,2021,Q2,June,Saturday,CUST89428,Vikram Bhat,24,Young Adult,Male,North,Chandigarh,Groceries,Dal (1kg),8,134.32,0.04,Low,1451.63,10%,139.04,56.65,Debit Card,2,FALSE,Delivered,5
ORD-03625,26/04/2024,2024,Q2,April,Friday,CUST51053,Kavya Kumar,37,Adult,Male,East,Guwahati,Clothing,T-Shirt,2,336.81,0.23,High,928.67,24%,222.36,105.46,Credit Card,4,FALSE,Delivered,8
ORD-01054,21/04/2021,2021,Q2,April,Wednesday,CUST25910,Aarav Kapoor,18,Young Adult,Other,East,Kolkata,Groceries,Rice (5kg),2,94.76,0.39,Very High,140.8,7%,10.16,69.7,Credit Card,3,FALSE,Delivered,5
ORD-04122,27/11/2024,2024,Q4,November,Wednesday,CUST89767,Rahul Patel,21,Young Adult,Other,South,Kochi,Electronics,Camera,10,78416.65,0.19,Medium,598247.4,13%,76981.5,47.97,UPI,3,FALSE,Cancelled,8
ORD-02394,11/01/2022,2022,Q1,January,Tuesday,CUST48987,Arjun Bose,19,Young Adult,Female,South,Hyderabad,Beauty,Shampoo,4,901.35,0.21,High,2292.28,48%,1103.36,70.49,UPI,3,FALSE,Delivered,9
ORD-00998,30/03/2021,2021,Q1,March,Tuesday,CUST74848,Sanjay Mehta,29,Young Adult,Other,East,Guwahati,Sports,Football,8,10920.29,0.06,Low,83283.38,19%,15878.93,109.6,EMI,2,FALSE,Delivered,7
ORD-01257,20/07/2021,2021,Q3,July,Tuesday,CUST58111,Sanjay Chatterjee,32,Young Adult,Female,West,Surat,Groceries,Flour,10,311.3,0.22,High,2697.43,7%,192.38,47.53,EMI,5,FALSE,Delivered,5
ORD-01359,09/04/2021,2021,Q2,April,Friday,CUST02336,Ananya Das,41,Adult,Other,North,Amritsar,Electronics,Laptop,4,58347.92,0.26,High,187775.6,16%,29981.09,40.02,Cash on Delivery,5,TRUE,Returned,1
ORD-01490,31/10/2021,2021,Q4,October,Sunday,CUST68846,Deepa Sharma,55,Adult,Male,Central,Nagpur,Electronics,Laptop,8,55123.63,0.15,Medium,356673.17,3%,10636.55,57.56,Debit Card,5,FALSE,Delivered,5
ORD-01565,30/11/2021,2021,Q4,November,Tuesday,CUST50049,Meera Nair,28,Young Adult,Other,West,Surat,Clothing,T-Shirt,6,3969.96,0.03,Low,17673.42,28%,4862.5,49.67,EMI,2,FALSE,Shipped,2
ORD-02744,04/01/2023,2023,Q1,January,Wednesday,CUST66758,Rahul Patel,31,Young Adult,Female,North,Delhi,Beauty,Lipstick,8,2199.06,0.31,Very High,19643.63,34%,6740.03,50.62,Cash on Delivery,1,FALSE,delivered,8
ORD-03693,22/05/2024,2024,Q2,May,Wednesday,CUST04664,Shreya Mehta,45,Adult,Male,South,Bangalore,Books,Fiction Novel,4,1444.05,0.31,Very High,6939.46,34%,2386.88,95.97,UPI,3,FALSE,Delivered,3
ORD-00289,05/07/2020,2020,Q3,July,Sunday,CUST73246,Aarav Patel,46,Adult,Male,South,Bangalore,Books,Comic Book,6,366.68,0.22,High,2435.14,31%,744.83,60.14,UPI,2,TRUE,Returned,2
ORD-03765,27/06/2024,2024,Q2,June,Thursday,CUST84964,Arjun Pillai,53,Adult,Other,North,Delhi,Beauty,Shampoo,,1527.65,0.37,Very High,1656.84,50%,823.79,46.45,EMI,4,FALSE,Delivered,2
ORD-01021,04/05/2021,2021,Q2,May,Tuesday,CUST46097,Kavya Rao,3,Child & Teen,Male,Central,Nagpur,Groceries,Tea,10,140.77,0.04,Low,1620.6,6%,92.58,48.86,EMI,5,FALSE,Delivered,5
ORD-02519,29/12/2022,2022,Q4,December,Thursday,CUST63560,Aditya Reddy,61,Senior,Female,South,Kochi,Groceries,Tea,10,477.67,0.38,Very High,2743.7,9%,241.54,64.26,Debit Card,3,FALSE,Delivered,2
ORD-03840,26/07/2024,2024,Q3,July,Friday,CUST71808,Deepa Bhat,,,Female,East,Guwahati,Clothing,Jacket,7,2027.9,0.25,High,15991.92,33%,5222.33,87.34,Credit Card,3,FALSE,Delivered,10
ORD-00126,18/02/2020,2020,Q1,February,Tuesday,CUST76844,Aarav Sharma,48,Adult,Female,South,Chennai,Sports,Cricket Bat,10,14132.86,0.19,Medium,102974.46,27%,27604.9,90.34,Cash on Delivery,,FALSE,Delivered,9
ORD-00365,06/05/2020,2020,Q2,May,Wednesday,CUST36682,Sanjay Reddy,2,Child & Teen,Other,West,Pune,Furniture,Bookshelf,,10108.05,0.16,Medium,10227.18,32%,3225.54,71.7,Cash on Delivery,,TRUE,Returned,8
ORD-03356,22/12/2023,2023,Q4,December,Friday,CUST10273,Nisha Bose,26,Young Adult,Male,South,Chennai,Books,Textbook,4,1166.27,0.32,Very High,2541.06,29%,740.36,75.02,Cash on Delivery,5,FALSE,Delivered,
ORD-00986,24/03/2021,2021,Q1,March,Wednesday,CUST25266,Nikhil Reddy,2,Child & Teen,Other,Central,Raipur,Furniture,Chair,1,14981.98,,,16452.69,38%,6301.96,80.7,EMI,4,FALSE,Cancelled,8
ORD-01103,13/05/2021,2021,Q2,May,Thursday,CUST68761,Vikram Joshi,47,Adult,Female,North,Chandigarh,Furniture,Wardrobe,2,11894.06,0.21,High,27604.98,23%,6286.41,70.91,EMI,4,FALSE,Cancelled,4
ORD-03896,13/08/2024,2024,Q3,August,Tuesday,CUST78041,Sunita Nair,29,Young Adult,Male,North,Chandigarh,Electronics,Laptop,10,53218.56,0.27,High,560937.53,12%,68296.39,20.81,Cash on Delivery,3,FALSE,Delivered,6
ORD-01526,17/11/2021,2021,Q4,November,Wednesday,CUST64362,Rahul Verma,6,Child & Teen,Male,South,Kochi,Books,Textbook,2,371.2,0.25,High,427.53,47%,199.91,67.34,Cash on Delivery,2,FALSE,Delivered,4
ORD-02352,13/10/2022,2022,Q4,October,Thursday,CUST89546,Ananya Verma,26,Young Adult,Male,West,Mumbai,Clothing,Kurta,5,3741.86,0.22,High,13643.24,35%,4735.93,53.44,UPI,4,TRUE,Returned,1
ORD-02347,10/12/2022,2022,Q4,December,Saturday,CUST24182,Kavya Singh,36,Adult,Male,Central,Raipur,Groceries,Cooking Oil,3,403.22,0.33,Very High,824.95,10%,82.5,62.33,Credit Card,3,FALSE,Delivered,9
ORD-02576,27/01/2023,2023,Q1,January,Friday,CUST12074,Shreya Kapoor,38,Adult,Other,East,Patna,Clothing,Jacket,1,3316.89,0.02,Low,2808.53,40%,1124.49,73.41,UPI,5,FALSE,Cancelled,10
ORD-01246,16/07/2021,2021,Q3,July,Friday,CUST93346,Rohan Iyer,52,Adult,Female,East,Patna,Groceries,Dal (1kg),10,422.95,0.01,Low,5380.7,7%,403.1,74.58,Debit Card,4,FALSE,Delivered,6
ORD-01060,25/04/2021,2021,Q2,April,Sunday,CUST46841,Nikhil Nair,37,Adult,Male,North,Delhi,Sports,Cycle,5,8455.87,0.31,Very High,32604.64,27%,8841.29,51.91,Debit Card,5,FALSE,Delivered,5
ORD-04120,27/11/2024,2024,Q4,November,Wednesday,CUST60757,Deepa Singh,2,Child & Teen,Female,South,Bangalore,Clothing,Dress,1,335.42,0.23,High,247.75,36%,88.1,73.88,Debit Card,3,FALSE,Delivered,3
ORD-00589,20/09/2020,2020,Q3,September,Sunday,CUST18414,Sanjay Reddy,24,Young Adult,Other,North,Delhi,Clothing,Dress,4,3802.14,0.16,Medium,11713.77,35%,4073.09,63.7,Credit Card,4,FALSE,delivered,10
ORD-01686,21/01/2022,2022,Q1,January,Friday,CUST44944,Rohan Singh,24,Young Adult,Male,Central,Raipur,Furniture,Chair,8,6492.13,0.09,Low,42405.18,24%,10060.56,52.57,Credit Card,3,FALSE,Delivered,10
ORD-02548,01/12/2023,2023,Q4,December,Friday,CUST41169,Aditya Iyer,46,Adult,Male,East,Guwahati,Furniture,Sofa,10,14207.99,0.06,Low,135263.66,29%,39842.93,65.88,Cash on Delivery,4,FALSE,Delivered,3
ORD-02013,06/06/2022,2022,Q2,June,Monday,CUST13762,Meera Chatterjee,44,Adult,Other,Central,Indore,Clothing,Jacket,,3652.79,0.25,High,4359.44,35%,1521.23,40.51,Debit Card,2,FALSE,Cancelled,8
ORD-01989,28/05/2022,2022,Q2,May,Saturday,CUST57444,Amit Bose,3,Child & Teen,Female,North,Ludhiana,Clothing,Jeans,2,3929.54,0.16,Medium,9882.86,41%,4050.34,67.09,Cash on Delivery,3,FALSE,Delivered,5
ORD-01306,08/10/2021,2021,Q4,October,Friday,CUST62979,Pooja Mishra,36,Adult,Other,Central,Raipur,Electronics,Smartwatch,8,58571.61,0.28,High,475115.46,11%,53027.1,56.37,EMI,4,TRUE,Returned,4
ORD-01519,15/11/2021,2021,Q4,November,Monday,CUST43388,Aditya Shah,37,Adult,Other,West,Surat,Clothing,Jeans,7,1574.54,0.02,Low,8015.28,31%,2481.62,84.22,UPI,,FALSE,Delivered,5
ORD-01823,16/03/2022,2022,Q1,March,Wednesday,CUST35405,Pooja Mishra,35,Young Adult,Female,Central,Raipur,Sports,Cycle,4,5236.27,0.09,Low,24896.51,18%,4435.73,74.78,Cash on Delivery,1,FALSE,Shipped,8
ORD-03110,09/05/2023,2023,Q2,May,Tuesday,CUST38634,Sanjay Reddy,5,Child & Teen,Male,South,Hyderabad,Clothing,Kurta,7,3365.93,0.11,Medium,25929.31,51%,13312.04,74.84,Debit Card,3,FALSE,Cancelled,4
ORD-02755,04/06/2023,2023,Q2,June,Sunday,CUST20559,Karan Mishra,46,Adult,Male,North,Chandigarh,Books,Biography,9,421.91,0.16,Medium,4945.52,47%,2326.52,51.34,EMI,5,FALSE,Delivered,1
ORD-04088,11/08/2024,2024,Q3,August,Sunday,CUST96195,Amit Mishra,34,Young Adult,Other,East,Kolkata,Clothing,Saree,9,1665.92,0.18,Medium,11063,21%,2273.36,91.64,Credit Card,3,FALSE,Delivered,1
ORD-01513,11/12/2021,2021,Q4,December,Saturday,CUST81406,Rahul Bose,58,Senior,Other,North,Amritsar,Sports,Cricket Bat,10,11652.14,0.17,Medium,75606.39,17%,12791.68,49.96,EMI,1,FALSE,Delivered,10
ORD-03252,11/05/2023,2023,Q2,May,Thursday,CUST39721,Sunita Kapoor,32,Young Adult,Female,West,Surat,Sports,Cricket Bat,3,10070.36,0.29,High,20450.62,23%,4777.96,40.78,UPI,4,FALSE,Delivered,3
ORD-02695,14/03/2023,2023,Q1,March,Tuesday,CUST36599,Kavya Bhat,43,Adult,Female,West,Ahmedabad,Beauty,Shampoo,9,415.58,0.35,Very High,3291.09,44%,1457.49,93.37,Debit Card,4,FALSE,Pending,3
ORD-03178,10/05/2023,2023,Q2,May,Wednesday,CUST71971,Rohan Nair,34,Young Adult,Female,North,Delhi,Furniture,Bookshelf,6,11138.87,0.18,Medium,60174.08,23%,14000.74,42.92,EMI,,FALSE,Delivered,5
ORD-03336,14/12/2023,2023,Q4,December,Thursday,CUST95363,Aditya Gupta,35,Young Adult,Other,East,Patna,Groceries,Sugar,3,362.51,0.05,Low,803.64,7%,58,84.62,Debit Card,3,FALSE,Cancelled,10
ORD-02782,20/04/2023,2023,Q2,April,Thursday,CUST50156,Rahul Kumar,23,Young Adult,Other,West,Ahmedabad,Sports,Dumbbells,6,3259.56,0.28,High,20331.59,19%,3788.35,62.56,Cash on Delivery,2,FALSE,Delivered,9
ORD-04124,29/11/2024,2024,Q4,November,Friday,CUST93821,Rahul Mehta,57,Senior,Other,South,Hyderabad,Clothing,Saree,7,2979.19,0.27,High,16150.97,38%,6112.46,84.04,Cash on Delivery,1,FALSE,Delivered,7
ORD-01150,31/05/2021,2021,Q2,May,Monday,CUST47277,Nisha Verma,43,Adult,Male,North,Ludhiana,Electronics,Smartwatch,5,5211.32,,,37902.51,14%,5270.39,43.19,EMI,2,FALSE,Delivered,5
ORD-01578,12/05/2021,2021,Q2,May,Wednesday,CUST75792,Karan Joshi,38,Adult,Other,West,Surat,Clothing,Jeans,3,3600.05,0.1,Low,7315.14,46%,3342.94,28.05,Credit Card,3,TRUE,Returned,1
ORD-00976,20/03/2021,2021,Q1,March,Saturday,CUST97597,Meera Reddy,7,Child & Teen,Other,East,Bhubaneswar,Sports,Cricket Bat,5,14828.68,0.36,Very High,57628.49,13%,7729.24,61.13,EMI,2,FALSE,Delivered,3
ORD-03133,15/09/2023,2023,Q3,September,Friday,CUST10354,Sunita Reddy,37,Adult,Male,Central,Bhopal,Clothing,Jacket,9,1920.93,0.04,Low,18611.05,38%,7106.9,65.71,EMI,4,TRUE,Returned,9
ORD-03659,05/09/2024,2024,Q3,September,Thursday,CUST21485,Priya Shah,35,Young Adult,Female,West,Ahmedabad,Beauty,Sunscreen,8,1212.69,0.21,High,13771.38,47%,6491.12,40.26,Credit Card,3,FALSE,Delivered,8
ORD-00385,13/06/2020,2020,Q2,June,Saturday,CUST64460,Aditya Singh,16,Child & Teen,Other,Central,Bhopal,Electronics,Smartphone,3,71017.39,,,283763.47,8%,23611.3,53.14,EMI,5,FALSE,Delivered,8
ORD-00162,03/09/2020,2020,Q3,September,Thursday,CUST45896,Aditya Reddy,26,Young Adult,Male,Central,Indore,Electronics,Tablet,6,79957.92,0.21,High,431664.73,13%,54036.34,51.2,Cash on Delivery,3,FALSE,Delivered,10
ORD-02908,06/10/2023,2023,Q4,October,Friday,CUST54563,Rahul Gupta,23,Young Adult,Other,East,Bhubaneswar,Electronics,Smartphone,2,65714.09,0.32,Very High,147617.58,11%,16129.94,76.71,Net Banking,5,FALSE,Delivered,7
ORD-04026,14/10/2024,2024,Q4,October,Monday,CUST78408,Ananya Singh,2,Child & Teen,Male,North,Chandigarh,Groceries,Flour,10,171.99,0.18,Medium,1542.88,6%,98.26,65.88,Debit Card,4,TRUE,Returned,3
ORD-02538,01/06/2023,2023,Q2,June,Thursday,CUST35874,Ananya Bose,3,Child & Teen,Other,North,Delhi,Furniture,Bookshelf,,12917.23,0.13,Medium,10872.27,27%,2985.89,68.67,Cash on Delivery,2,FALSE,Delivered,10
ORD-03059,17/08/2023,2023,Q3,August,Thursday,CUST05600,Aarav Sharma,34,Young Adult,Male,Central,Indore,Furniture,Sofa,9,19162.75,0.32,Very High,178414.75,20%,35608.13,38.92,Cash on Delivery,4,FALSE,Delivered,5
ORD-01736,02/10/2022,2022,Q4,October,Sunday,CUST73835,Aditya Reddy,27,Young Adult,Female,West,Mumbai,Clothing,Dress,2,3211.68,0.36,Very High,3765.49,37%,1384.04,46.54,EMI,4,FALSE,Delivered,8
ORD-00478,31/07/2020,2020,Q3,July,Friday,CUST17040,Ritu Shah,43,Adult,Other,West,Pune,Clothing,T-Shirt,10,2139.09,0.23,High,21182.67,40%,8554.34,72.73,Cash on Delivery,2,FALSE,Delivered,8
ORD-01798,03/07/2022,2022,Q3,July,Sunday,CUST89556,Vikram Bose,31,Young Adult,Other,South,Kochi,Groceries,Rice (5kg),3,323.91,0,No Discount,1207.23,7%,88.05,64.99,Debit Card,1,FALSE,Cancelled,3
ORD-01006,31/03/2021,2021,Q1,March,Wednesday,CUST48859,Ritu Mishra,42,Adult,Female,East,Guwahati,Beauty,Lipstick,3,1034.33,0.12,Medium,3430.9,42%,1457.51,77.03,UPI,1,FALSE,Pending,9
ORD-01398,23/09/2021,2021,Q3,September,Thursday,CUST54951,Ritu Chatterjee,25,Young Adult,Other,East,Guwahati,Furniture,Desk,8,19149.45,0.14,Medium,163824.93,26%,43339.07,77.26,UPI,2,FALSE,Delivered,4
ORD-02490,17/12/2022,2022,Q4,December,Saturday,CUST93354,Sanjay Verma,24,Young Adult,Male,Central,Raipur,Beauty,Face Cream,,732.07,0.17,Medium,505.72,49%,246.04,48.93,EMI,1,FALSE,Shipped,2
ORD-00632,10/10/2020,2020,Q4,October,Saturday,CUST42307,Arjun Kumar,25,Young Adult,Female,Central,Bhopal,Furniture,Wardrobe,1,23097.37,0.34,Very High,12857.46,34%,4344.32,107.34,Cash on Delivery,5,FALSE,Delivered,2
ORD-02026,06/12/2022,2022,Q4,December,Tuesday,CUST80310,Deepa Kapoor,28,Young Adult,Other,Central,Bhopal,Groceries,Tea,8,115.46,0.22,High,1183.48,9%,105.86,42.35,EMI,4,FALSE,Cancelled,8
ORD-03540,18/03/2024,2024,Q1,March,Monday,CUST79303,Amit Patel,46,Adult,Female,North,Delhi,Sports,Yoga Mat,2,7756.42,0.38,Very High,13122.27,22%,2871.65,33.58,Credit Card,5,FALSE,Delivered,7
ORD-03972,09/09/2024,2024,Q3,September,Monday,CUST81553,Rohan Patel,49,Adult,Female,East,Kolkata,Beauty,Sunscreen,8,1184.54,0.21,High,9116.76,30%,2742.19,101.81,UPI,2,FALSE,Delivered,8
ORD-00640,13/10/2020,2020,Q4,October,Tuesday,CUST33864,Sanjay Kumar,13,Child & Teen,Other,Central,Indore,Books,Comic Book,3,785.45,0.12,Medium,1714.83,48%,820.64,65.35,UPI,2,TRUE,Returned,1
ORD-01521,15/11/2021,2021,Q4,November,Monday,CUST18819,Meera Singh,5,Child & Teen,Female,North,Ludhiana,Electronics,Headphones,2,5798.1,0.24,High,7334.77,12%,884.69,32.84,Cash on Delivery,3,FALSE,Delivered,3
ORD-03925,22/08/2024,2024,Q3,August,Thursday,CUST02732,Sunita Bhat,47,Adult,Male,West,Pune,Clothing,Dress,5,2368.82,,,18598.33,28%,5184.45,68.4,Cash on Delivery,3,FALSE,Cancelled,1
ORD-03283,18/11/2023,2023,Q4,November,Saturday,CUST59848,Rohan Gupta,29,Young Adult,Male,East,Kolkata,Sports,Dumbbells,4,11596.28,0.22,High,32114.67,24%,7605.77,87.57,Cash on Delivery,1,FALSE,Shipped,
ORD-01399,23/09/2021,2021,Q3,September,Thursday,CUST57171,Nikhil Verma,,,Other,West,Mumbai,Groceries,Flour,5,69.28,0.31,Very High,257.67,7%,18.67,64.9,Cash on Delivery,4,FALSE,Delivered,2
ORD-02772,16/04/2023,2023,Q2,April,Sunday,CUST77009,Shreya Kapoor,25,Young Adult,Female,West,Surat,Beauty,Shampoo,3,188.54,0.35,Very High,430.94,52%,225.45,38.36,EMI,1,FALSE,Delivered,10
ORD-01016,04/04/2021,2021,Q2,April,Sunday,CUST99742,Karan Pillai,29,Young Adult,Female,East,Kolkata,Groceries,Cooking Oil,3,458.29,0.01,Low,1674.66,8%,127.44,59.96,Net Banking,1,FALSE,Delivered,2
ORD-00494,08/04/2020,2020,Q2,April,Wednesday,CUST45768,Amit Joshi,34,Young Adult,Male,West,Pune,Books,Self-Help Book,3,679.81,0.14,Medium,1958.24,34%,663.49,49.8,Net Banking,4,FALSE,Delivered,3
ORD-03483,23/02/2024,2024,Q1,February,Friday,CUST88764,Sunita Nair,42,Adult,Other,East,Guwahati,Clothing,Dress,1,619.66,0.06,Low,677.46,29%,198.49,90.84,EMI,2,FALSE,Delivered,1
ORD-03710,06/05/2024,2024,Q2,May,Monday,CUST62728,Amit Rao,39,Adult,Male,South,Hyderabad,Beauty,Perfume,1,2092.15,0.37,Very High,1997.2,48%,949.86,60.48,UPI,2,TRUE,Returned,8
ORD-00119,02/12/2020,2020,Q4,December,Wednesday,CUST18259,Shreya Patel,33,Young Adult,Other,North,Chandigarh,Beauty,Hair Oil,4,2389.73,0.01,Low,8141.15,47%,3856.93,52.24,EMI,1,TRUE,Returned,4
ORD-02329,10/08/2022,2022,Q3,August,Wednesday,CUST96865,Kavya Pillai,49,Adult,Female,East,Kolkata,Clothing,Kurta,9,3350.21,0.13,Medium,25300.71,43%,10933.1,73.04,Net Banking,2,FALSE,Delivered,5
ORD-03529,13/03/2024,2024,Q1,March,Wednesday,CUST50939,Sunita Kapoor,4,Child & Teen,Male,North,Delhi,Sports,Cycle,5,11392.54,0.06,Low,68387.61,20%,13710.8,63.48,Net Banking,5,FALSE,Cancelled,4
ORD-01091,05/07/2021,2021,Q3,July,Monday,CUST96344,Priya Gupta,2,Child & Teen,Other,West,Ahmedabad,Sports,Cricket Bat,7,9096.84,0.3,High,70055.58,26%,17866.41,64.48,Credit Card,,FALSE,Delivered,3
ORD-02938,28/06/2023,2023,Q2,June,Wednesday,CUST95887,Priya Sharma,33,Young Adult,Male,South,Bangalore,Furniture,Sofa,7,20356.98,0.35,Very High,152291.21,36%,54665.64,53.58,Net Banking,,TRUE,Returned,3
ORD-03619,23/04/2024,2024,Q2,April,Tuesday,CUST40038,Sanjay Reddy,,,Male,North,Amritsar,Beauty,Hair Oil,3,1353.96,0.07,Low,5710.68,63%,3585.71,52.08,Cash on Delivery,3,FALSE,Delivered,
ORD-02463,12/05/2022,2022,Q2,May,Thursday,CUST17205,Aditya Iyer,47,Adult,Other,North,Chandigarh,Books,Fiction Novel,5,284.92,0.29,High,872.63,40%,345.16,60.96,UPI,,FALSE,Delivered,8
ORD-02275,15/09/2022,2022,Q3,September,Thursday,CUST47583,Vikram Chatterjee,,,Other,Central,Indore,Groceries,Rice (5kg),4,225.27,0.34,Very High,633.98,6%,41.18,44.3,Debit Card,4,TRUE,Returned,9
ORD-03532,14/03/2024,2024,Q1,March,Thursday,CUST84608,Rahul Shah,49,Adult,Female,West,Mumbai,Groceries,Flour,10,360.93,0.14,Medium,4159.76,8%,343.41,73.41,Credit Card,1,FALSE,Delivered,5
ORD-00771,15/12/2020,2020,Q4,December,Tuesday,CUST07234,Pooja Mishra,31,Young Adult,Female,West,Pune,Furniture,Bed Frame,8,24311.3,0.16,Medium,113486.89,29%,33354.08,85.08,Debit Card,5,FALSE,Delivered,6
ORD-02853,28/05/2023,2023,Q2,May,Sunday,CUST40777,Deepa Bose,62,Senior,Male,East,Guwahati,Furniture,Wardrobe,5,19873.59,0.26,High,109991.48,36%,39055.48,94.68,Net Banking,1,FALSE,Delivered,5
ORD-02997,21/07/2023,2023,Q3,July,Friday,CUST61924,Amit Reddy,23,Young Adult,Male,Central,Raipur,Electronics,Camera,4,45542.32,0.34,Very High,140619.38,12%,17512.78,87.15,Credit Card,4,FALSE,Delivered,6
ORD-02918,16/06/2023,2023,Q2,June,Friday,CUST30053,Rohan Gupta,45,Adult,Female,Central,Bhopal,Clothing,Kurta,6,1810.84,0.19,Medium,14264.78,42%,6053.77,49.04,EMI,4,FALSE,Delivered,8
ORD-03324,12/10/2023,2023,Q4,October,Thursday,CUST12209,Aditya Rao,36,Adult,Male,Central,Indore,Books,Comic Book,5,1477.84,0.14,Medium,6011.52,43%,2592.23,63.2,Net Banking,3,FALSE,Delivered,1
ORD-02621,02/10/2023,2023,Q4,October,Monday,CUST65834,Shreya Bose,39,Adult,Female,West,Pune,Beauty,Shampoo,5,1976.24,0.28,High,7356.77,35%,2566.15,88.96,Net Banking,4,FALSE,shipped,9
ORD-01998,06/01/2022,2022,Q1,January,Thursday,CUST69572,Nisha Mehta,37,Adult,Female,South,Chennai,Groceries,Sugar,1,118.1,0.08,Low,173.91,7%,11.76,102.62,EMI,,FALSE,Delivered,
ORD-00206,04/01/2020,2020,Q1,January,Saturday,CUST71469,Aarav Sharma,48,Adult,Female,North,Amritsar,Clothing,Jeans,7,3924.19,0.02,Low,29835.57,35%,10552.45,38.12,Debit Card,5,FALSE,Delivered,2
ORD-01001,30/03/2021,2021,Q1,March,Tuesday,CUST68864,Shreya Mehta,,,Male,North,Amritsar,Sports,Cycle,4,9021.23,0.02,Low,34898.86,23%,8090.36,36.19,Cash on Delivery,4,FALSE,Delivered,1
ORD-03978,09/11/2024,2024,Q4,November,Saturday,CUST67871,Meera Shah,42,Adult,Other,Central,Indore,Furniture,Wardrobe,10,28835.81,0.22,High,303195.22,28%,85826.18,55.16,UPI,2,TRUE,Returned,3
ORD-02721,26/03/2023,2023,Q1,March,Sunday,CUST62341,Nisha Joshi,41,Adult,Male,East,Kolkata,Electronics,Headphones,10,66216.18,0.12,Medium,680923.78,5%,34980.09,97.06,Cash on Delivery,4,FALSE,Delivered,5
ORD-01807,03/11/2022,2022,Q4,November,Thursday,CUST23271,Sanjay Shah,44,Adult,Other,Central,Indore,Electronics,Smartphone,7,73496.4,0.29,High,393016.21,11%,42248.31,47.62,EMI,2,FALSE,Delivered,9
ORD-00400,21/06/2020,2020,Q2,June,Sunday,CUST59064,Ananya Kumar,16,Child & Teen,Female,West,Mumbai,Furniture,Sofa,2,8336.76,0.19,Medium,19728.32,30%,5843.93,71.81,Credit Card,1,FALSE,Delivered,2
ORD-01990,30/05/2022,2022,Q2,May,Monday,CUST72810,Rohan Singh,38,Adult,Other,South,Bangalore,Furniture,Bed Frame,,27081.62,0.21,High,31673.81,25%,7915.89,55.71,Credit Card,,FALSE,Delivered,6
ORD-01576,12/04/2021,2021,Q2,April,Monday,CUST61202,Nisha Pillai,26,Young Adult,Other,South,Bangalore,Sports,Tennis Racket,7,8356.94,0.39,Very High,24580.36,23%,5738.36,56.15,Net Banking,5,FALSE,Delivered,2
ORD-02600,02/03/2023,2023,Q1,March,Thursday,CUST31208,Nikhil Gupta,4,Child & Teen,Female,South,Chennai,Books,Self-Help Book,1,355.01,0.23,High,284.02,46%,130.5,51.82,EMI,1,FALSE,Delivered,7
ORD-01199,24/06/2021,2021,Q2,June,Thursday,CUST74206,Nisha Joshi,39,Adult,Other,West,Surat,Beauty,Shampoo,7,1377.5,0.18,Medium,9978.14,35%,3493.6,34.58,EMI,4,FALSE,Delivered,6
ORD-02369,21/10/2022,2022,Q4,October,Friday,CUST82609,Pooja Iyer,6,Child & Teen,Female,East,Bhubaneswar,Electronics,Smartphone,3,37130.62,0.18,Medium,79107.61,11%,8678.14,66.27,Net Banking,5,FALSE,shipped,8
ORD-00470,26/07/2020,2020,Q3,July,Sunday,CUST56203,Rohan Mehta,47,Adult,Other,East,Patna,Books,Comic Book,8,744.9,0.28,High,6083.41,38%,2337.37,84.44,Debit Card,2,FALSE,Delivered,100
ORD-04008,27/09/2024,2024,Q3,September,Friday,CUST62705,Aditya Nair,3,Child & Teen,Male,Central,Bhopal,Electronics,Camera,8,62831.2,0.12,Medium,537551.85,14%,74470.32,76.77,Credit Card,3,FALSE,Delivered,3
ORD-00861,27/01/2021,2021,Q1,January,Wednesday,CUST71748,Rohan Singh,2,Child & Teen,Female,Central,Bhopal,Electronics,Laptop,9,25178.31,0.33,Very High,123701.67,12%,15332.75,39.55,Debit Card,4,FALSE,Delivered,5
ORD-00867,30/01/2021,2021,Q1,January,Saturday,CUST45352,Rahul Das,46,Adult,Male,West,Pune,Beauty,Lipstick,,1331.3,0.29,High,698.09,41%,283.77,47.57,Cash on Delivery,2,FALSE,Cancelled,6
ORD-02592,31/01/2023,2023,Q1,January,Tuesday,CUST27366,Sunita Kumar,,,Male,Central,Raipur,Beauty,Hair Oil,9,1780.34,0.22,High,11475.64,45%,5187.94,61.88,Net Banking,4,TRUE,Returned,1
ORD-00080,29/01/2020,2020,Q1,January,Wednesday,CUST06153,Nisha Iyer,63,Senior,Female,Central,Raipur,Clothing,Kurta,8,2567.53,0.19,Medium,11109.98,28%,3121.39,65.38,Credit Card,3,FALSE,Delivered,2
ORD-00534,23/08/2020,2020,Q3,August,Sunday,CUST02585,Sunita Mishra,51,Adult,Female,North,Delhi,Electronics,Laptop,6,8931.76,,,55813.62,12%,6918.36,70.53,UPI,5,FALSE,shipped,5
ORD-03992,20/09/2024,2024,Q3,September,Friday,CUST28805,Rohan Singh,13,Child & Teen,Female,South,Hyderabad,Clothing,Saree,2,3743.45,0.09,Low,9311.22,36%,3378.19,53.74,UPI,5,FALSE,Delivered,7
ORD-02506,24/12/2022,2022,Q4,December,Saturday,CUST74062,Shreya Patel,27,Young Adult,Male,South,Kochi,Sports,Football,4,10900.56,0.12,Medium,31965.58,20%,6315.42,80.65,UPI,4,FALSE,Delivered,4
ORD-02339,10/10/2022,2022,Q4,October,Monday,CUST12046,Kavya Verma,24,Young Adult,Other,Central,Nagpur,Furniture,Wardrobe,3,33100.17,0.31,Very High,61633.54,24%,15026.15,64.31,UPI,2,TRUE,Returned,8
ORD-03898,14/08/2024,2024,Q3,August,Wednesday,CUST55482,Ananya Bhat,19,Young Adult,Male,East,Patna,Books,Fiction Novel,9,1454.46,0.33,Very High,12482.39,33%,4160.56,105.23,Debit Card,3,FALSE,Shipped,1
ORD-00371,06/08/2020,2020,Q3,August,Thursday,CUST29938,Nikhil Das,19,Young Adult,Male,South,Chennai,Electronics,Laptop,9,29863.15,0.39,Very High,224550.81,12%,26498.37,80.91,EMI,2,FALSE,Delivered,8
ORD-00266,26/04/2020,2020,Q2,April,Sunday,CUST87993,Karan Pillai,16,Child & Teen,Male,South,Bangalore,Books,Comic Book,10,1159.84,0.23,High,10186.88,46%,4652.66,88.51,Debit Card,5,FALSE,Delivered,8
ORD-01613,22/12/2021,2021,Q4,December,Wednesday,CUST60005,Sanjay Shah,27,Young Adult,Female,North,Amritsar,Furniture,Wardrobe,4,17068.97,0.24,High,42127.94,31%,13207.2,37.21,Debit Card,4,FALSE,Delivered,1
ORD-01502,11/05/2021,2021,Q2,May,Tuesday,CUST74727,Arjun Joshi,39,Adult,Male,South,Hyderabad,Books,Textbook,5,550.43,0.3,High,1613.4,52%,832.54,75.82,UPI,2,FALSE,Delivered,9
ORD-03048,08/11/2023,2023,Q4,November,Wednesday,CUST48774,Karan Mehta,3,Child & Teen,Male,Central,Raipur,Electronics,Headphones,,26972.55,0.09,Low,38990.55,13%,5130.8,54.1,Debit Card,3,FALSE,Shipped,2
ORD-00165,13/03/2020,2020,Q1,March,Friday,CUST08515,Amit Mishra,25,Young Adult,Male,East,Bhubaneswar,Electronics,Headphones,3,21835.15,0.3,High,48564.04,14%,6796.88,108.99,Net Banking,1,TRUE,Returned,3
ORD-03718,06/09/2024,2024,Q3,September,Friday,CUST79815,Nisha Kumar,44,Adult,Female,West,Pune,Clothing,T-Shirt,6,3390.52,0.34,Very High,23183.14,33%,7689.47,53.24,EMI,1,FALSE,Delivered,6
ORD-03497,29/02/2024,2024,Q1,February,Thursday,CUST77225,Pooja Bhat,,,Male,North,Amritsar,Clothing,Kurta,2,1408.43,0.15,Medium,2474.19,32%,782.88,66.92,Debit Card,5,FALSE,Delivered,2
ORD-03924,20/08/2024,2024,Q3,August,Tuesday,CUST08990,Karan Bhat,47,Adult,Male,North,Amritsar,Clothing,Dress,10,3414.65,0.11,Medium,46633.37,36%,16823.06,54.44,Debit Card,1,FALSE,Delivered,4
ORD-00474,28/07/2020,2020,Q3,July,Tuesday,CUST88672,Deepa Verma,,,Male,South,Bangalore,Beauty,Hair Oil,8,2272.77,0.07,Low,19727.54,27%,5229.53,85.45,Debit Card,1,FALSE,Shipped,6
ORD-00876,02/01/2021,2021,Q1,January,Saturday,CUST71642,Sunita Patel,36,Adult,Male,South,Hyderabad,Beauty,Face Cream,7,260.04,0.16,Medium,1257.6,44%,549.29,93.31,Net Banking,2,FALSE,delivered,1
ORD-02246,09/07/2022,2022,Q3,July,Saturday,CUST14634,Aditya Das,31,Young Adult,Female,South,Chennai,Beauty,Hair Oil,3,1422.97,0.38,Very High,2383.68,34%,815.73,65.75,UPI,2,FALSE,Delivered,2
ORD-00186,23/03/2020,2020,Q1,March,Monday,CUST86352,Meera Gupta,21,Young Adult,Female,Central,Indore,Sports,Cricket Bat,7,7173.46,0.37,Very High,38067.28,20%,7608.14,52.84,Cash on Delivery,1,FALSE,Shipped,4
ORD-02166,08/08/2022,2022,Q3,August,Monday,CUST56943,Ritu Verma,42,Adult,Male,West,Mumbai,Beauty,Hair Oil,6,2467.58,0.37,Very High,12318.96,51%,6222.84,67.89,Debit Card,2,FALSE,Delivered,10
ORD-02470,12/06/2022,2022,Q2,June,Sunday,CUST80242,Kavya Chatterjee,42,Adult,Female,South,Kochi,Beauty,Shampoo,10,412.53,0.16,Medium,2915.31,43%,1264.21,48.52,UPI,3,FALSE,Delivered,10
ORD-01476,25/10/2021,2021,Q4,October,Monday,CUST09863,Sunita Singh,38,Adult,Male,East,Kolkata,Beauty,Hair Oil,9,2217.37,0.4,Very High,12330.95,52%,6416.88,96.41,Cash on Delivery,4,FALSE,Delivered,6
ORD-02305,27/09/2022,2022,Q3,September,Tuesday,CUST86884,Ritu Iyer,28,Young Adult,Other,West,Mumbai,Electronics,Tablet,9,29921.76,0.33,Very High,187176.31,14%,25938.95,66.52,Debit Card,5,FALSE,Shipped,8
ORD-00136,23/02/2020,2020,Q1,February,Sunday,CUST28013,Sunita Joshi,43,Adult,Other,Central,Nagpur,Books,Textbook,3,1198.96,0.03,Low,2966.96,25%,747.26,90.86,Credit Card,,FALSE,Cancelled,5
ORD-03818,19/07/2024,2024,Q3,July,Friday,CUST64757,Sanjay Das,7,Child & Teen,Female,East,Guwahati,Beauty,Lipstick,6,950.46,0.22,High,7248.48,37%,2666.51,78.97,Credit Card,,FALSE,Delivered,4
ORD-03611,20/04/2024,2024,Q2,April,Saturday,CUST86007,Amit Joshi,2,Child & Teen,Male,South,Kochi,Furniture,Chair,4,16418.71,0.03,Low,100198.09,29%,29085.63,81.66,Net Banking,2,FALSE,Delivered,5
ORD-03760,24/06/2024,2024,Q2,June,Monday,CUST08262,Sanjay Nair,33,Young Adult,Other,Central,Bhopal,Beauty,Face Cream,4,1104.29,0.03,Low,7265.19,36%,2641.46,62.74,Debit Card,5,FALSE,Shipped,2
ORD-03124,09/10/2023,2023,Q4,October,Monday,CUST75413,Arjun Mishra,25,Young Adult,Male,South,Bangalore,Furniture,Chair,6,15400.65,0.09,Low,99452.17,27%,26834.22,79.25,Debit Card,1,FALSE,Cancelled,7
ORD-01855,31/03/2022,2022,Q1,March,Thursday,CUST85967,Karan Chatterjee,35,Young Adult,Other,South,Chennai,Furniture,Chair,9,10240.02,0.33,Very High,76243.39,14%,10430.54,83.76,Net Banking,3,FALSE,Delivered,4
ORD-00327,22/05/2020,2020,Q2,May,Friday,CUST35881,Priya Gupta,21,Young Adult,Female,Central,Indore,Electronics,Smartphone,4,62163.22,0.02,Low,316644.27,12%,39457.66,74.47,Credit Card,2,TRUE,Returned,9
ORD-02915,14/06/2023,2023,Q2,June,Wednesday,CUST11665,Vikram Gupta,53,Adult,Other,Central,Raipur,Beauty,Hair Oil,4,1782.42,0.24,High,8996.6,43%,3871.86,64.18,Credit Card,1,TRUE,Returned,7
ORD-00319,20/05/2020,2020,Q2,May,Wednesday,CUST05463,Nisha Iyer,45,Adult,Male,Central,Bhopal,Clothing,Jeans,3,2323.36,0.25,High,7516.69,38%,2847.01,61.23,Cash on Delivery,5,TRUE,Returned,4
ORD-02323,10/05/2022,2022,Q2,May,Tuesday,CUST41015,Vikram Singh,42,Adult,Other,Central,Bhopal,Sports,Cricket Bat,5,5297.3,0.23,High,22206.97,24%,5436.01,64.51,UPI,3,FALSE,Delivered,2
ORD-03086,26/08/2023,2023,Q3,August,Saturday,CUST94691,Aarav Singh,38,Adult,Other,East,Bhubaneswar,Furniture,Sofa,4,11999.53,0.22,High,53880.45,28%,15284.4,99.04,Cash on Delivery,2,TRUE,Returned,1
ORD-02892,06/06/2023,2023,Q2,June,Tuesday,CUST72155,Shreya Pillai,22,Young Adult,Male,South,Chennai,Sports,Tennis Racket,2,13875.51,0.32,Very High,30649.3,19%,5955.69,81.72,UPI,3,FALSE,Delivered,4
ORD-02098,07/12/2022,2022,Q4,December,Wednesday,CUST81045,Ananya Mishra,53,Adult,Female,East,Kolkata,Books,Comic Book,4,1230.08,0.31,Very High,4786.22,46%,2225.06,92.84,Net Banking,1,FALSE,Delivered,3
ORD-03998,23/09/2024,2024,Q3,September,Monday,CUST82276,Aarav Mishra,39,Adult,Male,Central,Indore,Groceries,Rice (5kg),9,302.83,0.35,Very High,2144.87,6%,127.02,50.82,Debit Card,,FALSE,Delivered,1
ORD-03647,05/04/2024,2024,Q2,April,Friday,CUST04161,Ritu Kapoor,3,Child & Teen,Other,West,Surat,Beauty,Sunscreen,4,1294.1,0.26,High,5791.59,43%,2481.74,34.77,Cash on Delivery,1,FALSE,Delivered,6
ORD-02575,27/01/2023,2023,Q1,January,Friday,CUST52736,Deepa Nair,3,Child & Teen,Male,East,Guwahati,Sports,Yoga Mat,3,5115.87,0.03,Low,15447.04,19%,2902.6,93.03,Net Banking,1,FALSE,Delivered,6
ORD-02501,22/12/2022,2022,Q4,December,Thursday,CUST59835,Aarav Kapoor,44,Adult,Other,South,Chennai,Sports,Dumbbells,6,5749.74,0.24,High,22681.23,19%,4291.65,91.35,Credit Card,1,TRUE,Returned,10
ORD-02731,30/03/2023,2023,Q1,March,Thursday,CUST76690,Ananya Patel,38,Adult,Female,Central,Raipur,Clothing,Saree,2,2874,0.01,Low,7504.43,35%,2617.18,34.9,UPI,1,FALSE,Delivered,8
ORD-00463,23/07/2020,2020,Q3,July,Thursday,CUST44133,Karan Reddy,44,Adult,Other,Central,Raipur,Beauty,Perfume,2,988.43,0.35,Very High,1781.6,52%,923.82,48.48,Credit Card,1,FALSE,Cancelled,5
ORD-01229,07/07/2021,2021,Q3,July,Wednesday,CUST65693,Kavya Kumar,22,Young Adult,Female,Central,Raipur,Clothing,Jeans,8,789.72,0.39,Very High,5442.35,30%,1627.79,54.89,EMI,3,FALSE,Delivered,8
ORD-02984,15/07/2023,2023,Q3,July,Saturday,CUST26170,Nikhil Reddy,,,Male,North,Delhi,Sports,Football,2,13289.2,0.35,Very High,30542.1,24%,7213.39,70.83,EMI,1,FALSE,Shipped,5
ORD-03691,22/05/2024,2024,Q2,May,Wednesday,CUST80711,Sanjay Nair,26,Young Adult,Male,West,Surat,Beauty,Sunscreen,8,1952.58,,,22182.07,41%,9202.93,51.23,Debit Card,4,FALSE,Delivered,5
ORD-01372,09/11/2021,2021,Q4,November,Tuesday,CUST56280,Pooja Kapoor,37,Adult,Female,East,Patna,Books,Biography,7,1359.26,0.12,Medium,9165.32,42%,3844.26,63.94,Cash on Delivery,4,FALSE,Pending,6
ORD-01493,11/02/2021,2021,Q1,February,Thursday,CUST68139,Arjun Chatterjee,44,Adult,Other,East,Patna,Electronics,Headphones,5,44585.93,0.02,Low,177603.4,8%,13351.29,59.68,Credit Card,3,FALSE,Delivered,9
ORD-00648,15/10/2020,2020,Q4,October,Thursday,CUST23342,Kavya Pillai,22,Young Adult,Male,Central,Bhopal,Groceries,Rice (5kg),10,420.55,0.39,Very High,2218.99,6%,132.72,44.96,UPI,4,FALSE,Delivered,5
ORD-03922,20/08/2024,2024,Q3,August,Tuesday,CUST63576,Vikram Nair,56,Senior,Male,South,Bangalore,Electronics,Smartphone,9,31920.16,0.01,Low,440371.93,15%,65871.22,59.99,Net Banking,3,FALSE,delivered,9
ORD-03106,09/04/2023,2023,Q2,April,Sunday,CUST23467,Shreya Patel,31,Young Adult,Other,West,Surat,Beauty,Shampoo,6,1382.04,0.27,High,7652.12,30%,2282.97,63.64,Cash on Delivery,3,FALSE,Delivered,10
ORD-03489,25/02/2024,2024,Q1,February,Sunday,CUST45144,Deepa Rao,4,Child & Teen,Male,Central,Raipur,Furniture,Bed Frame,6,25605.89,0.22,High,136801.63,24%,32672.46,59.3,UPI,4,TRUE,Returned,2
ORD-01834,24/03/2022,2022,Q1,March,Thursday,CUST37198,Rahul Rao,36,Adult,Female,South,Chennai,Electronics,Laptop,8,22164.74,0.1,Low,159491.82,10%,16671.94,82.01,Cash on Delivery,,FALSE,Shipped,5
ORD-00860,27/01/2021,2021,Q1,January,Wednesday,CUST94205,Rahul Nair,42,Adult,Female,North,Ludhiana,Clothing,Saree,2,2935.36,0.33,Very High,3141.45,37%,1157.67,60.42,EMI,1,FALSE,Delivered,6
ORD-02296,23/09/2022,2022,Q3,September,Friday,CUST31681,Ananya Rao,2,Child & Teen,Other,South,Kochi,Sports,Tennis Racket,3,8809.72,0.38,Very High,18286.54,25%,4538.4,76.08,Debit Card,5,TRUE,Returned,9
ORD-03039,08/07/2023,2023,Q3,July,Saturday,CUST18530,Pooja Verma,33,Young Adult,Male,North,Amritsar,Sports,Yoga Mat,5,10440.97,0.03,Low,76880.87,18%,13536.66,49.52,Debit Card,3,FALSE,delivered,10
ORD-03228,28/10/2023,2023,Q4,October,Saturday,CUST27405,Meera Kumar,26,Young Adult,Male,East,Kolkata,Clothing,Kurta,9,1877.39,0.13,Medium,17278.52,21%,3585.58,87.95,UPI,3,FALSE,Delivered,5
ORD-00692,11/09/2020,2020,Q3,September,Friday,CUST74363,Kavya Iyer,55,Adult,Other,East,Bhubaneswar,Electronics,Camera,10,14628.81,,,101436.48,14%,14366.56,79.44,Net Banking,4,FALSE,Delivered,5
ORD-01464,23/10/2021,2021,Q4,October,Saturday,CUST32032,Pooja Patel,31,Young Adult,Female,West,Surat,Sports,Cricket Bat,8,12621.58,0.23,High,64120.65,22%,14256.86,73.6,Debit Card,4,FALSE,Delivered,2
ORD-04183,24/12/2024,2024,Q4,December,Tuesday,CUST82683,Kavya Patel,6,Child & Teen,Female,Central,Indore,Books,Biography,1,1309.19,0.23,High,976.81,54%,529.27,64.44,Debit Card,2,FALSE,Delivered,7
ORD-01582,12/09/2021,2021,Q3,September,Sunday,CUST72045,Rahul Mehta,51,Adult,Other,South,Hyderabad,Books,Biography,8,1131.49,0.18,Medium,4640.1,34%,1566.98,88.17,Debit Card,5,FALSE,Delivered,4
ORD-02029,13/06/2022,2022,Q2,June,Monday,CUST10164,Nisha Bose,49,Adult,Other,East,Bhubaneswar,Electronics,Smartphone,2,67980.1,0.22,High,166434.21,11%,17621.96,84.59,Net Banking,3,FALSE,Delivered,9
ORD-00217,04/04/2020,2020,Q2,April,Saturday,CUST42012,Sanjay Joshi,34,Young Adult,Male,North,Chandigarh,Clothing,Jacket,4,3945.85,0.34,Very High,11190.58,47%,5301.46,63.9,Cash on Delivery,4,FALSE,Cancelled,7
ORD-02288,20/09/2022,2022,Q3,September,Tuesday,CUST89351,Rohan Kapoor,24,Young Adult,Male,South,Bangalore,Groceries,Tea,3,191.26,,,663.86,8%,53.03,74,Net Banking,4,FALSE,Delivered,6
ORD-01277,30/07/2021,2021,Q3,July,Friday,CUST53909,Nikhil Iyer,5,Child & Teen,Other,North,Ludhiana,Books,Fiction Novel,4,307.81,0.35,Very High,1054.94,44%,466.48,57.12,Debit Card,,FALSE,Delivered,6
ORD-00544,29/08/2020,2020,Q3,August,Saturday,CUST71958,Kavya Mehta,14,Child & Teen,Other,North,Ludhiana,Electronics,Laptop,2,15493.36,0.01,Low,34301.93,12%,4274.11,76.48,Net Banking,3,FALSE,Delivered,9
ORD-02759,04/09/2023,2023,Q3,September,Monday,CUST42106,Arjun Kumar,48,Adult,Female,East,Kolkata,Clothing,Saree,4,2774.33,0.19,Medium,11734.39,44%,5152.2,71.4,Cash on Delivery,2,FALSE,Shipped,6
ORD-03566,29/03/2024,2024,Q1,March,Friday,CUST08471,Sanjay Rao,41,Adult,Male,East,Patna,Beauty,Hair Oil,9,1290.81,0.38,Very High,10137.87,40%,4065.85,94.19,EMI,2,TRUE,Returned,8
ORD-02046,19/06/2022,2022,Q2,June,Sunday,CUST75262,Ananya Mehta,22,Young Adult,Female,Central,Raipur,Electronics,Laptop,1,40586.06,0.03,Low,56057.11,13%,7068.43,52.63,Debit Card,4,FALSE,Delivered,10
ORD-01489,31/10/2021,2021,Q4,October,Sunday,CUST74341,Kavya Mehta,38,Adult,Male,West,Mumbai,Electronics,Headphones,10,42792.45,,,409543.23,13%,52367.87,70.74,EMI,3,FALSE,Delivered,6
ORD-03464,02/09/2024,2024,Q3,September,Monday,CUST68181,Shreya Singh,4,Child & Teen,Other,West,Mumbai,Furniture,Bed Frame,7,31279,0.14,Medium,193192.92,31%,59242.7,61.6,Net Banking,,FALSE,Delivered,9
ORD-01683,20/01/2022,2022,Q1,January,Thursday,CUST56977,Nikhil Mehta,31,Young Adult,Female,North,Ludhiana,Sports,Football,8,4915.85,0.4,Very High,20462.27,17%,3522.42,71.09,Debit Card,2,FALSE,Delivered,10
ORD-02487,15/12/2022,2022,Q4,December,Thursday,CUST10552,Ritu Mehta,58,Senior,Female,North,Chandigarh,Beauty,Sunscreen,2,197.14,0.08,Low,304.99,53%,162.97,48.37,EMI,4,TRUE,Returned,8
ORD-03858,08/03/2024,2024,Q1,March,Friday,CUST58224,Sunita Kumar,61,Senior,Female,East,Patna,Sports,Football,6,5613.7,0.28,High,38639.6,20%,7893.42,61.84,Debit Card,,FALSE,Delivered,6
ORD-01986,27/05/2022,2022,Q2,May,Friday,CUST51062,Vikram Kumar,22,Young Adult,Male,West,Ahmedabad,Groceries,Tea,2,190.58,0.32,Very High,399.58,8%,33.13,70.16,Cash on Delivery,4,FALSE,Delivered,8
ORD-01269,27/07/2021,2021,Q3,July,Tuesday,CUST63654,Rohan Das,53,Adult,Male,North,Chandigarh,Electronics,Smartwatch,10,16086.67,0.09,Low,194593.37,15%,28383.36,48.31,Credit Card,2,FALSE,Delivered,3
ORD-02909,06/10/2023,2023,Q4,October,Friday,CUST79344,Rohan Bose,37,Adult,Female,South,Chennai,Clothing,T-Shirt,5,2719.24,0.37,Very High,14617.3,33%,4858.06,78.07,UPI,5,FALSE,Delivered,6
ORD-02999,22/07/2023,2023,Q3,July,Saturday,CUST67583,Rohan Nair,47,Adult,Other,South,Chennai,Furniture,Desk,4,17215.86,0.38,Very High,69333.08,31%,21312.1,63.55,EMI,1,FALSE,Delivered,2
ORD-02375,25/10/2022,2022,Q4,October,Tuesday,CUST02280,Sunita Bhat,32,Young Adult,Female,North,Ludhiana,Clothing,Saree,8,1627.94,,,10875.63,33%,3552.18,57.07,Net Banking,4,FALSE,Delivered,10
ORD-00227,04/08/2020,2020,Q3,August,Tuesday,CUST25419,Amit Mishra,22,Young Adult,Male,West,Ahmedabad,Sports,Dumbbells,9,3135.91,0.3,High,17571.72,17%,2904.35,58.58,UPI,,FALSE,Delivered,2
ORD-04119,27/11/2024,2024,Q4,November,Wednesday,CUST78271,Rahul Reddy,14,Child & Teen,Female,East,Guwahati,Clothing,Saree,8,612.16,0.05,Low,4471.04,19%,845.36,119.57,UPI,2,FALSE,Delivered,
ORD-03538,17/03/2024,2024,Q1,March,Sunday,CUST92378,Amit Shah,43,Adult,Female,West,Pune,Electronics,Camera,10,37177.59,0.24,High,380113.28,14%,54735.8,107.23,Cash on Delivery,1,FALSE,Delivered,3
ORD-00554,09/03/2020,2020,Q1,March,Monday,CUST69638,Deepa Das,25,Young Adult,Other,North,Amritsar,Beauty,Lipstick,9,644.98,0.25,High,4487.87,44%,1995.62,37.32,Credit Card,5,FALSE,Delivered,5
ORD-00062,23/01/2020,2020,Q1,January,Thursday,CUST64715,Aarav Rao,37,Adult,Female,North,Delhi,Sports,Football,1,2554.77,0.07,Low,1705.43,22%,376.62,65.44,Credit Card,2,FALSE,Delivered,2
ORD-02933,27/06/2023,2023,Q2,June,Tuesday,CUST17587,Pooja Gupta,46,Adult,Female,Central,Bhopal,Books,Fiction Novel,10,1124.31,0.12,Medium,18133.14,42%,7672.21,80.41,EMI,2,FALSE,delivered,2
ORD-01443,14/10/2021,2021,Q4,October,Thursday,CUST23949,Vikram Sharma,48,Adult,Male,North,Delhi,Beauty,Perfume,5,314.26,0.28,High,1186.73,32%,376.78,62.97,Debit Card,5,FALSE,Delivered,6
ORD-03901,14/08/2024,2024,Q3,August,Wednesday,CUST08531,Kavya Nair,52,Adult,Female,South,Bangalore,Furniture,Sofa,10,5838.04,0.07,Low,82953.5,29%,23848.22,71.75,Debit Card,4,TRUE,Returned,3
ORD-01733,02/09/2022,2022,Q3,September,Friday,CUST23490,Arjun Rao,18,Young Adult,Female,East,Patna,Sports,Football,10,10915.19,0.25,High,82310.8,24%,19642.68,96.46,Debit Card,,FALSE,Delivered,10
ORD-02060,27/06/2022,2022,Q2,June,Monday,CUST37656,Karan Sharma,36,Adult,Male,Central,Nagpur,Furniture,Wardrobe,10,30431.62,0.19,Medium,346543.18,36%,123711.59,58.75,Debit Card,4,FALSE,Delivered,10
ORD-02021,06/10/2022,2022,Q4,October,Thursday,CUST00211,Arjun Nair,33,Young Adult,Male,East,Bhubaneswar,Books,Fiction Novel,3,1203.89,,,5485.01,32%,1744.9,74.42,Net Banking,3,FALSE,cancelled,4
ORD-02204,19/08/2022,2022,Q3,August,Friday,CUST80382,Priya Verma,4,Child & Teen,Other,North,Ludhiana,Books,Biography,3,692.33,0.14,Medium,2204.16,34%,747.75,48.08,Debit Card,4,FALSE,delivered,4
ORD-04074,31/10/2024,2024,Q4,October,Thursday,CUST06369,Arjun Reddy,31,Young Adult,Other,East,Guwahati,Sports,Dumbbells,9,9910.87,0.36,Very High,65829.48,27%,17622.75,89.02,Debit Card,4,FALSE,Delivered,9
ORD-03947,29/08/2024,2024,Q3,August,Thursday,CUST85906,Deepa Shah,35,Young Adult,Other,Central,Raipur,Groceries,Sugar,3,109.12,0.03,Low,524.34,7%,36.82,55.62,Cash on Delivery,4,FALSE,Delivered,9
ORD-01840,26/03/2022,2022,Q1,March,Saturday,CUST17949,Ananya Patel,34,Young Adult,Female,Central,Indore,Furniture,Chair,4,31307.38,0.26,High,105074.92,25%,26306.21,72.12,Cash on Delivery,4,FALSE,Delivered,4
ORD-04071,30/10/2024,2024,Q4,October,Wednesday,CUST56219,Ananya Pillai,68,Senior,Female,South,Kochi,Clothing,T-Shirt,6,974.77,0.36,Very High,4398.56,43%,1906.51,61.51,UPI,2,FALSE,Delivered,10
ORD-04107,18/11/2024,2024,Q4,November,Monday,CUST81738,Meera Verma,57,Senior,Female,North,Ludhiana,Sports,Cycle,6,8448.34,0.29,High,37263.52,23%,8591.2,72.43,Cash on Delivery,5,FALSE,Delivered,10
ORD-03652,05/06/2024,2024,Q2,June,Wednesday,CUST85147,Aditya Singh,35,Young Adult,Female,South,Hyderabad,Clothing,Kurta,2,1717.4,0.17,Medium,4468.98,26%,1161.98,84.39,Credit Card,5,TRUE,Returned,5
ORD-03439,30/01/2024,2024,Q1,January,Tuesday,CUST18731,Rohan Kumar,23,Young Adult,Other,South,Hyderabad,Electronics,Laptop,2,59225.94,0.08,Low,111005.02,9%,9990.22,76.36,Credit Card,3,FALSE,Delivered,10
ORD-00662,28/10/2020,2020,Q4,October,Wednesday,CUST45940,Ritu Shah,9,Child & Teen,Other,West,Pune,Beauty,Sunscreen,10,2019.64,0.36,Very High,11026.28,57%,6282.66,64.79,Credit Card,5,FALSE,Delivered,6
ORD-01636,30/12/2021,2021,Q4,December,Thursday,CUST55664,Vikram Mishra,41,Adult,Female,South,Chennai,Clothing,Saree,7,691.98,0.26,High,2427.47,31%,740.52,59.13,Cash on Delivery,1,FALSE,Delivered,1
ORD-00349,30/05/2020,2020,Q2,May,Saturday,CUST70625,Aarav Bose,15,Child & Teen,Other,South,Chennai,Clothing,Kurta,8,1005.57,0.3,High,8249.16,42%,3467.63,54.2,Net Banking,4,FALSE,Delivered,7
ORD-01575,12/04/2021,2021,Q2,April,Monday,CUST95435,Arjun Pillai,35,Young Adult,Female,West,Surat,Books,Textbook,4,505.02,0.2,Medium,1347.72,53%,718.98,63.47,UPI,2,FALSE,Delivered,7
ORD-00298,05/10/2020,2020,Q4,October,Monday,CUST02510,Ritu Reddy,25,Young Adult,Male,East,Bhubaneswar,Electronics,Headphones,1,66715.81,0.34,Very High,54095.7,10%,5606.38,96.92,Net Banking,5,FALSE,cancelled,10
ORD-02215,25/08/2022,2022,Q3,August,Thursday,CUST27310,Amit Das,32,Young Adult,Male,East,Guwahati,Groceries,Rice (5kg),5,285.26,0.18,Medium,1618.63,7%,120.43,93.11,UPI,5,FALSE,Delivered,5
ORD-01881,04/10/2022,2022,Q4,October,Tuesday,CUST82347,Priya Sharma,36,Adult,Male,West,Surat,Electronics,Laptop,,65974.79,0.29,High,52941.94,14%,7317.9,57.21,EMI,1,FALSE,Delivered,8
ORD-03970,09/08/2024,2024,Q3,August,Friday,CUST76992,Rohan Patel,2,Child & Teen,Male,West,Pune,Groceries,Tea,3,339.07,0.26,High,997.35,10%,101.3,52.75,Net Banking,2,FALSE,Delivered,2
ORD-02584,28/01/2023,2023,Q1,January,Saturday,CUST37196,Ritu Verma,31,Young Adult,Female,North,Amritsar,Books,Fiction Novel,,1098.64,0.36,Very High,770.95,34%,261.79,27.79,EMI,4,FALSE,Delivered,9
ORD-00205,31/03/2020,2020,Q1,March,Tuesday,CUST44095,Aarav Nair,24,Young Adult,Female,Central,Bhopal,Groceries,Flour,9,122.54,0.04,Low,928.75,9%,82.76,60.82,UPI,3,FALSE,Delivered,1
ORD-03618,23/04/2024,2024,Q2,April,Tuesday,CUST86304,Shreya Sharma,42,Adult,Male,Central,Nagpur,Clothing,Jeans,8,1645.72,0.24,High,16304.49,34%,5514.74,71.7,Debit Card,2,FALSE,Shipped,5
ORD-01734,02/09/2022,2022,Q3,September,Friday,CUST30760,Arjun Singh,39,Adult,Male,North,Delhi,Electronics,Camera,3,40157.94,0.22,High,102283.92,11%,10891.28,9.92,UPI,,FALSE,Delivered,3
ORD-00907,02/10/2021,2021,Q4,October,Saturday,CUST43384,Rahul Kumar,45,Adult,Female,South,Hyderabad,Furniture,Desk,10,12241.28,0.02,Low,97580.65,24%,23149.32,45.07,Credit Card,5,TRUE,Returned,8
ORD-00914,16/02/2021,2021,Q1,February,Tuesday,CUST19648,Priya Mishra,41,Adult,Female,West,Surat,Sports,Yoga Mat,6,4631.44,0.05,Low,23451.19,21%,4924.69,43.93,Credit Card,3,TRUE,Returned,4
ORD-02403,11/05/2022,2022,Q2,May,Wednesday,CUST08149,Aarav Pillai,58,Senior,Male,East,Kolkata,Clothing,Jacket,9,1523.81,0.17,Medium,10204.55,38%,3848.37,99.28,Net Banking,2,FALSE,shipped,8
ORD-02235,09/01/2022,2022,Q1,January,Sunday,CUST46304,Nisha Mehta,16,Child & Teen,Female,South,Bangalore,Books,Biography,,950.08,0.25,High,768.38,34%,264.5,51.2,EMI,5,FALSE,Shipped,1
ORD-02826,14/05/2023,2023,Q2,May,Sunday,CUST61527,Arjun Reddy,18,Young Adult,Male,North,Chandigarh,Electronics,Camera,8,72567.78,0.22,High,695130.09,13%,91039.07,44.56,EMI,2,FALSE,Delivered,
ORD-00269,28/04/2020,2020,Q2,April,Tuesday,CUST87129,Nikhil Reddy,3,Child & Teen,Male,Central,Raipur,Clothing,T-Shirt,1,1990.76,0.12,Medium,2195.65,38%,834.05,42.24,UPI,1,FALSE,Delivered,4
ORD-02648,18/02/2023,2023,Q1,February,Saturday,CUST20141,Nikhil Reddy,31,Young Adult,Female,East,Patna,Books,Self-Help Book,10,431.41,0.34,Very High,2656.58,54%,1442.99,89.87,Credit Card,4,FALSE,Delivered,10
ORD-01034,13/04/2021,2021,Q2,April,Tuesday,CUST31839,Pooja Gupta,41,Adult,Male,West,Surat,Furniture,Bed Frame,7,9355.68,0.1,Low,71596.04,31%,22032.09,59.02,Debit Card,2,FALSE,Delivered,2
ORD-02059,27/06/2022,2022,Q2,June,Monday,CUST09208,Deepa Nair,48,Adult,Male,West,Pune,Groceries,Sugar,3,357.08,0.33,Very High,1019.24,10%,100.4,57.72,Debit Card,4,FALSE,Delivered,8
ORD-01305,08/10/2021,2021,Q4,October,Friday,CUST05596,Rohan Kumar,47,Adult,Male,South,Hyderabad,Beauty,Sunscreen,2,1000.16,0.16,Medium,2110.52,34%,712.46,67.43,Cash on Delivery,1,FALSE,Delivered,5
ORD-01771,23/02/2022,2022,Q1,February,Wednesday,CUST86918,Nikhil Kapoor,29,Young Adult,Other,South,Bangalore,Books,Fiction Novel,,911.92,0.33,Very High,503.6,43%,215.7,83.81,Debit Card,2,FALSE,Delivered,6
ORD-01234,07/11/2021,2021,Q4,November,Sunday,CUST39513,Sunita Das,26,Young Adult,Male,West,Surat,Beauty,Lipstick,9,2103.23,0.21,High,17656.62,50%,8778.09,74.94,EMI,1,FALSE,Delivered,6
ORD-04077,03/11/2024,2024,Q4,November,Sunday,CUST21632,Aarav Sharma,31,Young Adult,Other,East,Guwahati,Furniture,Desk,8,29867.23,0.2,Medium,199689.27,21%,42863.03,81.97,Credit Card,2,TRUE,Returned,6
ORD-02604,02/05/2023,2023,Q2,May,Tuesday,CUST18095,Arjun Bhat,41,Adult,Other,East,Bhubaneswar,Sports,Cycle,6,10564.85,0.34,Very High,41618.68,26%,10694.73,90.4,Net Banking,,TRUE,Returned,4
ORD-02338,10/10/2022,2022,Q4,October,Monday,CUST94097,Aarav Joshi,6,Child & Teen,Other,East,Guwahati,Electronics,Smartphone,8,29640.05,0.34,Very High,154607.71,10%,15304.08,53.3,EMI,5,FALSE,Shipped,9
ORD-02476,12/10/2022,2022,Q4,October,Wednesday,CUST15322,Rohan Mishra,42,Adult,Other,West,Mumbai,Groceries,Cooking Oil,2,228.14,0.19,Medium,317.31,7%,21.59,38.62,UPI,5,FALSE,Delivered,1
ORD-01586,12/10/2021,2021,Q4,October,Tuesday,CUST03363,Ananya Das,32,Young Adult,Other,North,Chandigarh,Sports,Tennis Racket,8,8526.34,0.2,Medium,43308.39,35%,15373.18,43.24,UPI,1,FALSE,Cancelled,4
ORD-01818,15/03/2022,2022,Q1,March,Tuesday,CUST25648,Rahul Rao,4,Child & Teen,Other,West,Mumbai,Electronics,Smartphone,7,62327.01,0.11,Medium,437292.1,11%,49721.96,38.92,Credit Card,2,FALSE,Delivered,5
ORD-01947,05/10/2022,2022,Q4,October,Wednesday,CUST34455,Meera Rao,35,Young Adult,Male,South,Kochi,Sports,Tennis Racket,3,9576.43,0.23,High,35621.92,27%,9543.5,20.04,UPI,2,FALSE,Delivered,2
ORD-02138,27/07/2022,2022,Q3,July,Wednesday,CUST43306,Rohan Chatterjee,49,Adult,Other,West,Surat,Electronics,Laptop,5,69337.89,0.18,Medium,362912.13,11%,39925.8,31.5,Debit Card,4,FALSE,delivered,4
ORD-03371,30/12/2023,2023,Q4,December,Saturday,CUST02058,Rohan Bose,36,Adult,Other,Central,Bhopal,Groceries,Tea,8,60.17,0.13,Medium,389.42,7%,26.13,33.6,Debit Card,2,FALSE,Delivered,6
ORD-01592,12/11/2021,2021,Q4,November,Friday,CUST98096,Priya Mishra,25,Young Adult,Female,Central,Raipur,Clothing,Jeans,5,3611.23,0.37,Very High,8343.34,34%,2810.97,31.7,Debit Card,3,TRUE,Returned,5
ORD-00122,16/02/2020,2020,Q1,February,Sunday,CUST06829,Amit Bhat,37,Adult,Male,West,Ahmedabad,Books,Cook Book,7,1374.83,,,7510.29,46%,3464.94,67.73,Net Banking,5,FALSE,Delivered,7
ORD-00657,22/10/2020,2020,Q4,October,Thursday,CUST19779,Ananya Patel,38,Adult,Female,South,Kochi,Clothing,Saree,5,1598.2,0.1,Low,5437.53,11%,588.35,57.89,Net Banking,4,FALSE,Delivered,
ORD-03787,07/04/2024,2024,Q2,April,Sunday,CUST66442,Rohan Pillai,26,Young Adult,Other,East,Guwahati,Electronics,Tablet,1,47324.8,0.16,Medium,68357.31,14%,9570.12,90.13,Credit Card,5,TRUE,Returned,9
ORD-01792,03/05/2022,2022,Q2,May,Tuesday,CUST77726,Meera Kapoor,57,Senior,Other,South,Chennai,Electronics,Tablet,1,19912.96,0.27,High,19091.83,12%,2309.9,49.5,Cash on Delivery,3,FALSE,Delivered,5
ORD-02200,17/08/2022,2022,Q3,August,Wednesday,CUST75677,Rahul Iyer,33,Young Adult,Other,Central,Nagpur,Clothing,Kurta,9,3159.45,0.11,Medium,29757.86,30%,9057.31,53.6,Cash on Delivery,3,FALSE,delivered,3
ORD-04155,12/09/2024,2024,Q3,September,Thursday,CUST98534,Rohan Bhat,49,Adult,Other,Central,Indore,Beauty,Lipstick,7,2138.83,0.26,High,10637.74,43%,4567.68,39.39,Debit Card,2,FALSE,Cancelled,7
ORD-03185,10/09/2023,2023,Q3,September,Sunday,CUST29728,Shreya Das,45,Adult,Male,West,Surat,Sports,Football,2,14208.99,0.13,Medium,26208.02,27%,7074.23,73.52,EMI,3,FALSE,Delivered,7
ORD-02108,17/07/2022,2022,Q3,July,Sunday,CUST78376,Shreya Das,44,Adult,Male,West,Ahmedabad,Furniture,Bed Frame,5,7769.34,0.25,High,39143.38,30%,11912.85,60.21,UPI,2,FALSE,delivered,8
ORD-01897,17/04/2022,2022,Q2,April,Sunday,CUST32469,Sanjay Nair,35,Young Adult,Other,West,Ahmedabad,Beauty,Shampoo,2,1778.44,0.11,Medium,3512.3,47%,1648.35,93.12,Debit Card,1,TRUE,Returned,7
ORD-01939,05/05/2022,2022,Q2,May,Thursday,CUST93870,Rohan Joshi,18,Young Adult,Female,Central,Raipur,Books,Cook Book,3,536.6,,,2368.96,48%,1137.1,73.3,Net Banking,3,FALSE,Pending,6
ORD-03559,27/03/2024,2024,Q1,March,Wednesday,CUST69010,Aditya Bose,42,Adult,Female,West,Surat,Books,Self-Help Book,4,335.65,0.2,Medium,1393.82,31%,425.54,35.66,Credit Card,3,FALSE,Delivered,6
ORD-00131,20/02/2020,2020,Q1,February,Thursday,CUST95462,Pooja Iyer,24,Young Adult,Female,North,Delhi,Groceries,Rice (5kg),10,378.08,0.08,Low,2872.67,7%,204.71,40.81,Debit Card,1,FALSE,Cancelled,2
ORD-01486,29/10/2021,2021,Q4,October,Friday,CUST45840,Aditya Patel,25,Young Adult,Male,South,Bangalore,Electronics,Laptop,9,55078.73,0.36,Very High,312236,13%,41096.21,50.4,Cash on Delivery,,FALSE,Delivered,3
ORD-01723,02/05/2022,2022,Q2,May,Monday,CUST24447,Kavya Verma,51,Adult,Other,South,Chennai,Books,Comic Book,2,429.2,0.19,Medium,650.28,25%,159.72,70.44,UPI,1,FALSE,Delivered,1
ORD-02899,06/07/2023,2023,Q3,July,Thursday,CUST41852,Priya Rao,43,Adult,Male,Central,Indore,Groceries,Sugar,8,165.82,0.26,High,1805.69,8%,135.43,36.72,Debit Card,5,FALSE,Delivered,2
ORD-00134,22/02/2020,2020,Q1,February,Saturday,CUST26802,Sunita Nair,45,Adult,Female,North,Chandigarh,Clothing,Jacket,5,1949.23,0.3,High,6061.73,28%,1667.61,64.71,Debit Card,5,FALSE,Delivered,9
ORD-00001,01/01/2020,2020,Q1,January,Wednesday,CUST20767,Amit Mishra,67,Senior,Female,Central,Indore,Sports,Cricket Bat,4,2355.25,0.33,Very High,5079.04,21%,1080.08,44.79,Credit Card,3,FALSE,Delivered,8
ORD-02520,29/12/2022,2022,Q4,December,Thursday,CUST01597,Sanjay Patel,3,Child & Teen,Male,East,Bhubaneswar,Sports,Cricket Bat,2,11228.63,0.34,Very High,11870.38,23%,2694.57,54.4,Credit Card,5,FALSE,Delivered,2
ORD-00252,21/04/2020,2020,Q2,April,Tuesday,CUST23212,Rahul Pillai,29,Young Adult,Other,North,Delhi,Beauty,Shampoo,6,802.39,0.36,Very High,3040.88,33%,993.67,47.04,Debit Card,3,FALSE,Delivered,6
ORD-01070,29/04/2021,2021,Q2,April,Thursday,CUST11655,Pooja Sharma,16,Child & Teen,Other,North,Chandigarh,Beauty,Shampoo,1,1408.28,0.13,Medium,1449.46,52%,752.5,53.14,Net Banking,2,TRUE,Returned,6
ORD-01888,14/04/2022,2022,Q2,April,Thursday,CUST48280,Aarav Pillai,38,Adult,Female,West,Ahmedabad,Groceries,Sugar,7,366.53,0.01,Low,3649.29,9%,335.94,46.6,Cash on Delivery,2,FALSE,Delivered,2
ORD-00700,13/11/2020,2020,Q4,November,Friday,CUST93667,Meera Shah,17,Child & Teen,Male,North,Chandigarh,Groceries,Cooking Oil,10,434.1,0.35,Very High,2188.97,9%,191.3,61.51,UPI,1,TRUE,Returned,6
ORD-03792,07/06/2024,2024,Q2,June,Friday,CUST55522,Rohan Mehta,25,Young Adult,Male,South,Bangalore,Electronics,Headphones,10,63505.68,0.16,Medium,1033433.55,14%,141319.32,64.82,Debit Card,3,FALSE,Delivered,5
ORD-03711,06/05/2024,2024,Q2,May,Monday,CUST44263,Meera Sharma,3,Child & Teen,Male,West,Mumbai,Books,Comic Book,7,753.13,0.03,Low,8678.5,57%,4965.83,51.61,EMI,1,FALSE,Delivered,4
ORD-03144,22/09/2023,2023,Q3,September,Friday,CUST69784,Amit Bhat,23,Young Adult,Male,West,Pune,Clothing,Kurta,2,2227.31,0.04,Low,5919.86,46%,2748,71.3,UPI,1,FALSE,Delivered,10
ORD-00239,14/04/2020,2020,Q2,April,Tuesday,CUST33340,Ananya Chatterjee,18,Young Adult,Male,West,Ahmedabad,Furniture,Bookshelf,9,32644.01,0.28,High,229301.96,30%,68294.46,41.37,UPI,4,FALSE,Shipped,7
ORD-01436,10/09/2021,2021,Q3,September,Friday,CUST45016,Pooja Rao,47,Adult,Male,North,Chandigarh,Clothing,Dress,2,3097.01,0.13,Medium,5016.33,49%,2443.96,50.68,Net Banking,3,FALSE,Delivered,6
ORD-02371,21/10/2022,2022,Q4,October,Friday,CUST84615,Pooja Rao,25,Young Adult,Female,South,Hyderabad,Beauty,Lipstick,6,253.65,0.18,Medium,1411.81,31%,436.8,47.29,Cash on Delivery,5,FALSE,Delivered,3
ORD-02050,21/06/2022,2022,Q2,June,Tuesday,CUST02327,Sunita Mehta,23,Young Adult,Male,West,Mumbai,Clothing,Dress,3,1462.24,0.05,Low,6441.47,39%,2494.41,69.71,Credit Card,3,FALSE,Shipped,7
ORD-03748,21/06/2024,2024,Q2,June,Friday,CUST36188,Amit Joshi,9,Child & Teen,Other,West,Pune,Electronics,Headphones,5,21665.65,0.39,Very High,111295.68,14%,16051.87,62.8,Net Banking,2,FALSE,Pending,9
ORD-03508,03/04/2024,2024,Q2,April,Wednesday,CUST35702,Shreya Mehta,31,Young Adult,Female,West,Surat,Clothing,Dress,4,1975.33,0.05,Low,9791.75,31%,3033.4,27.67,Net Banking,1,FALSE,Delivered,6
ORD-00957,03/10/2021,2021,Q4,October,Sunday,CUST38291,Priya Sharma,45,Adult,Male,West,Ahmedabad,Electronics,Headphones,8,35444.35,0.36,Very High,184024.19,14%,25280.12,40.75,Cash on Delivery,4,FALSE,Delivered,8
ORD-01477,25/10/2021,2021,Q4,October,Monday,CUST96715,Meera Kapoor,47,Adult,Other,West,Pune,Beauty,Shampoo,4,2037.17,0.05,Low,6659.78,57%,3811.89,53.93,UPI,3,FALSE,Shipped,4
ORD-01063,26/04/2021,2021,Q2,April,Monday,CUST94026,Shreya Mehta,45,Adult,Other,East,Bhubaneswar,Electronics,Smartphone,4,9948.67,0.03,Low,50592.2,11%,5774.74,85.65,UPI,1,TRUE,Returned,10
ORD-02232,30/08/2022,2022,Q3,August,Tuesday,CUST33157,Shreya Rao,49,Adult,Female,South,Bangalore,Clothing,T-Shirt,10,3789.09,0.2,Medium,42644.14,27%,11567.08,53.05,UPI,5,FALSE,Pending,1
ORD-01954,14/05/2022,2022,Q2,May,Saturday,CUST34853,Sanjay Das,29,Young Adult,Other,West,Surat,Groceries,Tea,5,218.21,0.33,Very High,1300.18,9%,113.46,55.11,Credit Card,5,FALSE,Shipped,9
ORD-01904,21/04/2022,2022,Q2,April,Thursday,CUST84621,Pooja Kumar,31,Young Adult,Other,East,Guwahati,Electronics,Tablet,5,7801.31,0.4,Very High,32476.66,13%,4169.84,72.94,Credit Card,5,FALSE,Delivered,7
ORD-03290,23/11/2023,2023,Q4,November,Thursday,CUST79601,Aarav Mishra,47,Adult,Other,West,Mumbai,Groceries,Tea,6,481.93,0.39,Very High,1558.52,9%,135.01,54.04,EMI,2,FALSE,Delivered,2
ORD-03722,06/12/2024,2024,Q4,December,Friday,CUST72927,Amit Bhat,48,Adult,Female,West,Ahmedabad,Sports,Tennis Racket,6,701.76,0.12,Medium,6443.54,22%,1409.13,70.25,Net Banking,4,FALSE,Delivered,7
ORD-03949,31/08/2024,2024,Q3,August,Saturday,CUST95140,Pooja Verma,49,Adult,Female,West,Mumbai,Beauty,Face Cream,7,981.95,0.06,Low,9774.56,46%,4480.42,63.36,UPI,5,FALSE,Delivered,9
ORD-01879,04/08/2022,2022,Q3,August,Thursday,CUST41248,Shreya Bose,18,Young Adult,Female,North,Amritsar,Groceries,Rice (5kg),6,160.93,0.38,Very High,746,7%,49.52,43.23,UPI,4,FALSE,Delivered,5
ORD-02355,16/10/2022,2022,Q4,October,Sunday,CUST25582,Rahul Rao,31,Young Adult,Other,Central,Indore,Sports,Yoga Mat,2,963.86,0.4,Very High,1234.93,20%,250.23,44.87,Credit Card,4,FALSE,Shipped,7
ORD-00730,30/11/2020,2020,Q4,November,Monday,CUST84330,Meera Iyer,37,Adult,Female,West,Mumbai,Furniture,Chair,8,18836.47,0.39,Very High,61854.03,30%,18480.41,25.75,Net Banking,4,FALSE,Delivered,7
ORD-01465,23/10/2021,2021,Q4,October,Saturday,CUST31162,Vikram Reddy,42,Adult,Other,North,Chandigarh,Furniture,Chair,2,31609.28,0.3,High,37776.02,23%,8697.26,37.83,Cash on Delivery,3,FALSE,Delivered,5
ORD-01010,04/01/2021,2021,Q1,January,Monday,CUST49434,Deepa Mishra,39,Adult,Other,Central,Bhopal,Books,Cook Book,3,748.48,0.39,Very High,1567.84,35%,545.32,53.58,Cash on Delivery,4,FALSE,Delivered,4
ORD-00550,31/08/2020,2020,Q3,August,Monday,CUST21538,Rahul Rao,55,Adult,Male,South,Hyderabad,Sports,Dumbbells,4,9806.37,0.07,Low,42952.69,27%,11804.27,84.11,Credit Card,2,FALSE,Delivered,3
ORD-01338,24/08/2021,2021,Q3,August,Tuesday,CUST96831,Priya Das,43,Adult,Male,South,Kochi,Furniture,Sofa,10,19934.48,0.04,Low,222948.05,39%,85875.92,55.37,Debit Card,2,FALSE,Delivered,3
ORD-00970,18/03/2021,2021,Q1,March,Thursday,CUST04940,Aditya Bhat,44,Adult,Other,East,Kolkata,Electronics,Laptop,6,40340.61,0.36,Very High,166691.58,9%,15451.73,92.09,Debit Card,2,FALSE,Delivered,10
ORD-01360,09/04/2021,2021,Q2,April,Friday,CUST90904,Ananya Gupta,46,Adult,Male,North,Amritsar,Groceries,Tea,9,259.9,0.13,Medium,2235.73,7%,151.85,60.98,Cash on Delivery,1,FALSE,Delivered,7
ORD-01725,02/07/2022,2022,Q3,July,Saturday,CUST13925,Sanjay Nair,3,Child & Teen,Female,Central,Raipur,Furniture,Sofa,5,26645.28,0.03,Low,122381.62,39%,47367.72,56.14,Debit Card,4,FALSE,Delivered,2
ORD-03404,13/01/2024,2024,Q1,January,Saturday,CUST89207,Pooja Nair,3,Child & Teen,Other,North,Chandigarh,Groceries,Cooking Oil,4,252.07,0.15,Medium,798.95,9%,72.2,40.96,Debit Card,2,FALSE,Delivered,1
ORD-03109,09/05/2023,2023,Q2,May,Tuesday,CUST93512,Priya Sharma,35,Young Adult,Other,West,Mumbai,Books,Textbook,3,482.83,0.14,Medium,1565.69,48%,752.92,50.18,Cash on Delivery,4,FALSE,Pending,4
ORD-00111,02/10/2020,2020,Q4,October,Friday,CUST10397,Pooja Chatterjee,67,Senior,Female,East,Guwahati,Furniture,Chair,7,2426.56,0.27,High,10073.57,24%,2367.69,93.56,Credit Card,,FALSE,Delivered,8
ORD-00160,03/08/2020,2020,Q3,August,Monday,CUST53976,Sanjay Kapoor,35,Young Adult,Female,South,Kochi,Groceries,Rice (5kg),1,430.25,0.17,Medium,361.14,7%,25.31,56.91,Credit Card,2,TRUE,Returned,5
ORD-02937,28/06/2023,2023,Q2,June,Wednesday,CUST46894,Nisha Iyer,49,Adult,Female,East,Guwahati,Electronics,Smartwatch,10,13230.15,0.38,Very High,122855.89,14%,16653.59,74.38,EMI,5,FALSE,Delivered,10
ORD-00610,29/09/2020,2020,Q3,September,Tuesday,CUST16419,Nisha Mehta,31,Young Adult,Male,South,Chennai,Beauty,Sunscreen,6,1767.5,0.05,Low,10129.66,63%,6354.06,91.71,Cash on Delivery,3,FALSE,Delivered,10
ORD-00916,17/02/2021,2021,Q1,February,Wednesday,CUST66419,Sanjay Singh,44,Adult,Male,South,Chennai,Groceries,Sugar,7,245.03,0.09,Low,1547.66,6%,97.99,69.71,UPI,3,FALSE,Delivered,7
ORD-00292,05/08/2020,2020,Q3,August,Wednesday,CUST37047,Nikhil Mishra,43,Adult,Male,North,Chandigarh,Beauty,Perfume,1,258.67,0.13,Medium,241.29,34%,82.38,62.33,Net Banking,5,FALSE,Delivered,5
ORD-02975,07/11/2023,2023,Q4,November,Tuesday,CUST47576,Sunita Rao,27,Young Adult,Male,West,Pune,Sports,Football,1,8472.58,0.37,Very High,7626.2,14%,1056.58,42.85,UPI,5,FALSE,Delivered,10
ORD-00746,12/05/2020,2020,Q2,May,Tuesday,CUST77230,Aarav Sharma,52,Adult,Other,West,Pune,Electronics,Smartphone,1,55374.2,0.03,Low,37343.19,12%,4332.69,42.92,Net Banking,4,TRUE,Returned,9
ORD-03832,24/07/2024,2024,Q3,July,Wednesday,CUST67339,Vikram Bhat,31,Young Adult,Other,North,Delhi,Books,Fiction Novel,9,592.57,0.31,Very High,5565.17,47%,2593.15,60.15,Net Banking,4,TRUE,Returned,10
ORD-00776,18/12/2020,2020,Q4,December,Friday,CUST87733,Rahul Chatterjee,6,Child & Teen,Other,East,Bhubaneswar,Books,Textbook,4,1126.12,0.11,Medium,2407.39,48%,1167.52,87.28,Cash on Delivery,,FALSE,Shipped,5
ORD-03789,07/04/2024,2024,Q2,April,Sunday,CUST30468,Shreya Patel,42,Adult,Other,Central,Bhopal,Clothing,T-Shirt,4,766.4,0.12,Medium,4071.69,28%,1156.28,41.96,Net Banking,3,FALSE,Delivered,10
ORD-03071,19/08/2023,2023,Q3,August,Saturday,CUST66429,Arjun Bose,52,Adult,Other,West,Mumbai,Books,Textbook,8,1135.99,0.33,Very High,8820.52,42%,3707.82,66.97,Cash on Delivery,4,TRUE,Returned,6
ORD-00578,15/09/2020,2020,Q3,September,Tuesday,CUST42662,Kavya Bhat,43,Adult,Female,East,Guwahati,Beauty,Perfume,8,590.22,0.03,Low,4644.44,32%,1500.51,63.44,EMI,,FALSE,Delivered,9
ORD-01458,22/10/2021,2021,Q4,October,Friday,CUST39952,Sanjay Iyer,27,Young Adult,Other,Central,Bhopal,Electronics,Camera,7,38149.2,0.2,Medium,183278.19,12%,21290.22,53.93,Cash on Delivery,4,TRUE,Returned,8
ORD-03236,31/10/2023,2023,Q4,October,Tuesday,CUST98300,Arjun Das,28,Young Adult,Male,Central,Bhopal,Sports,Dumbbells,3,3481.8,0.38,Very High,7463.99,23%,1681.91,55.2,UPI,5,FALSE,Delivered,8
ORD-00264,26/04/2020,2020,Q2,April,Sunday,CUST64327,Nikhil Joshi,14,Child & Teen,Other,South,Kochi,Groceries,Dal (1kg),2,208.29,0.04,Low,498.65,10%,50.37,77.65,Cash on Delivery,,TRUE,Returned,6
ORD-01256,20/07/2021,2021,Q3,July,Tuesday,CUST36428,Ritu Singh,5,Child & Teen,Female,North,Ludhiana,Sports,Cricket Bat,10,8620.94,0.04,Low,126401.53,23%,29243.76,63.69,EMI,1,FALSE,Cancelled,3
ORD-00303,05/11/2020,2020,Q4,November,Thursday,CUST62197,Amit Mehta,34,Young Adult,Male,North,Ludhiana,Groceries,Dal (1kg),4,87.62,0.26,High,338.94,9%,30.3,56.98,Net Banking,3,TRUE,Returned,4
ORD-01772,23/02/2022,2022,Q1,February,Wednesday,CUST66243,Sanjay Mehta,36,Adult,Other,South,Chennai,Clothing,T-Shirt,4,3567.47,0.14,Medium,11439.79,26%,2952.33,90.15,Cash on Delivery,4,FALSE,Cancelled,4
ORD-02976,07/11/2023,2023,Q4,November,Tuesday,CUST38282,Arjun Reddy,,,Male,East,Kolkata,Electronics,Tablet,10,46486.3,0.35,Very High,435101.24,11%,46106.98,68.33,EMI,2,FALSE,Delivered,10
ORD-01200,25/06/2021,2021,Q2,June,Friday,CUST04926,Meera Mishra,32,Young Adult,Female,East,Kolkata,Groceries,Dal (1kg),8,243.87,0.24,High,2091.15,8%,159.38,107.16,EMI,4,FALSE,Delivered,8
ORD-03952,09/01/2024,2024,Q1,January,Tuesday,CUST83301,Ananya Gupta,,,Female,West,Mumbai,Sports,Cricket Bat,1,14106.55,0.03,Low,17029.82,28%,4828.67,41.95,Debit Card,2,FALSE,Delivered,10
ORD-00150,03/02/2020,2020,Q1,February,Monday,CUST65041,Sunita Shah,28,Young Adult,Other,North,Delhi,Beauty,Shampoo,8,2402.3,0.14,Medium,17325.76,45%,7864.22,28.34,Credit Card,2,FALSE,Delivered,5
ORD-03495,28/02/2024,2024,Q1,February,Wednesday,CUST83702,Meera Chatterjee,57,Senior,Other,North,Chandigarh,Furniture,Wardrobe,10,7864.24,0.07,Low,79635.39,33%,26334.69,41.39,UPI,3,FALSE,Delivered,8
ORD-00815,01/08/2021,2021,Q3,August,Sunday,CUST16348,Priya Singh,29,Young Adult,Female,West,Ahmedabad,Groceries,Tea,3,124.54,0.06,Low,312.48,9%,27.23,67.18,Credit Card,1,FALSE,Shipped,10
ORD-00072,28/01/2020,2020,Q1,January,Tuesday,CUST86139,Nisha Mishra,35,Young Adult,Male,South,Bangalore,Beauty,Hair Oil,3,464.07,0.37,Very High,595.39,58%,342.46,60.75,UPI,5,FALSE,Delivered,5
ORD-02504,22/12/2022,2022,Q4,December,Thursday,CUST98767,Aarav Sharma,53,Adult,Other,East,Kolkata,Electronics,Headphones,8,77398.42,0.26,High,353697.54,10%,33920.05,94.39,Net Banking,3,FALSE,Cancelled,10
ORD-00090,05/02/2020,2020,Q1,February,Wednesday,CUST87850,Ananya Joshi,,,Female,East,Patna,Clothing,Kurta,7,1318.24,0.06,Low,6767.09,42%,2866.08,77.9,Net Banking,5,FALSE,Delivered,
ORD-00118,02/12/2020,2020,Q4,December,Wednesday,CUST27542,Rahul Shah,32,Young Adult,Female,North,Chandigarh,Sports,Cricket Bat,2,9059.97,0.28,High,10634.92,26%,2775.6,59.56,EMI,3,FALSE,Delivered,7
ORD-01512,11/12/2021,2021,Q4,December,Saturday,CUST69324,Kavya Kapoor,19,Young Adult,Female,Central,Nagpur,Clothing,Saree,7,2886.34,0.25,High,9941.05,39%,3851.17,58.88,Debit Card,4,FALSE,Delivered,3
ORD-02370,21/10/2022,2022,Q4,October,Friday,CUST09289,Nisha Bose,28,Young Adult,Other,North,Ludhiana,Sports,Tennis Racket,3,10631.58,0.1,Low,23303.04,19%,4472.16,31.86,Debit Card,4,FALSE,Delivered,5
ORD-04173,17/12/2024,2024,Q4,December,Tuesday,CUST95025,Aditya Kapoor,18,Young Adult,Female,North,Ludhiana,Furniture,Sofa,6,29938.75,0.17,Medium,139138.9,32%,44922.96,34.46,Cash on Delivery,1,FALSE,Delivered,9
ORD-04038,17/10/2024,2024,Q4,October,Thursday,CUST48507,Deepa Mehta,7,Child & Teen,Other,South,Chennai,Sports,Cycle,5,8321.61,0.29,High,32551.28,23%,7415.49,82.48,EMI,2,FALSE,Delivered,2
ORD-00460,21/07/2020,2020,Q3,July,Tuesday,CUST75610,Amit Shah,41,Adult,Female,North,Delhi,Sports,Cycle,5,14409.79,0.06,Low,88266,17%,14684.99,44.5,EMI,5,FALSE,Delivered,8
ORD-02218,26/08/2022,2022,Q3,August,Friday,CUST37517,Ritu Bhat,33,Young Adult,Other,South,Chennai,Sports,Football,3,4765.92,0.05,Low,17857.42,27%,4889.44,59.58,Net Banking,2,FALSE,Delivered,9
ORD-03885,08/09/2024,2024,Q3,September,Sunday,CUST10547,Vikram Shah,36,Adult,Other,Central,Raipur,Groceries,Cooking Oil,5,230.1,0.23,High,1261.38,6%,74.15,44.66,Debit Card,5,FALSE,Delivered,1
ORD-03646,05/04/2024,2024,Q2,April,Friday,CUST63505,Karan Bose,52,Adult,Female,South,Kochi,Clothing,Jeans,3,2490.42,0.12,Medium,9565,43%,4135.15,56.66,Debit Card,5,FALSE,Cancelled,8
ORD-00242,15/04/2020,2020,Q2,April,Wednesday,CUST17001,Ananya Kumar,31,Young Adult,Male,Central,Nagpur,Furniture,Desk,3,14067.89,0.13,Medium,40312.78,21%,8649.34,64.02,EMI,1,FALSE,Delivered,10
ORD-02747,04/04/2023,2023,Q2,April,Tuesday,CUST34843,Sanjay Verma,21,Young Adult,Male,South,Hyderabad,Beauty,Lipstick,9,1568.38,0.02,Low,21256.5,47%,9913.18,96.17,Debit Card,5,FALSE,Delivered,7
ORD-00842,20/01/2021,2021,Q1,January,Wednesday,CUST65032,Rahul Patel,35,Young Adult,Female,North,Ludhiana,Furniture,Desk,6,10881.01,0.28,High,36305.93,36%,13223.63,78.19,Debit Card,3,FALSE,Cancelled,5
ORD-01938,05/05/2022,2022,Q2,May,Thursday,CUST09891,Ananya Rao,42,Adult,Female,Central,Indore,Books,Fiction Novel,7,1019.7,0.33,Very High,6327.55,51%,3242.6,49.01,Credit Card,5,FALSE,Delivered,6
ORD-00745,12/04/2020,2020,Q2,April,Sunday,CUST39674,Meera Rao,32,Young Adult,Male,West,Mumbai,Electronics,Tablet,7,63547.4,0.18,Medium,260057.28,17%,44746.11,73.72,Debit Card,1,FALSE,Shipped,7
ORD-02751,04/06/2023,2023,Q2,June,Sunday,CUST41956,Ritu Gupta,58,Senior,Male,Central,Raipur,Furniture,Sofa,7,21084.54,0.39,Very High,140156.32,21%,29805.11,42.37,EMI,5,TRUE,Returned,8
ORD-03004,24/07/2023,2023,Q3,July,Monday,CUST37873,Karan Shah,24,Young Adult,Female,Central,Bhopal,Groceries,Sugar,7,223.54,0.05,Low,2428.43,8%,183.01,54.19,Debit Card,1,FALSE,Delivered,10
ORD-02633,15/02/2023,2023,Q1,February,Wednesday,CUST27793,Nikhil Kumar,34,Young Adult,Male,Central,Indore,Sports,Cycle,7,8623.2,,,64006.89,25%,15740.76,32.22,Cash on Delivery,1,TRUE,Returned,1
ORD-03028,08/04/2023,2023,Q2,April,Saturday,CUST60297,Arjun Gupta,31,Young Adult,Female,West,Mumbai,Books,Cook Book,6,210.75,0.19,Medium,1487.4,27%,408.37,45.71,Cash on Delivery,4,FALSE,Delivered,2
ORD-02319,10/05/2022,2022,Q2,May,Tuesday,CUST10347,Aditya Nair,24,Young Adult,Other,Central,Raipur,Sports,Yoga Mat,2,14531.26,0.22,High,19868.59,12%,2388.6,58.71,UPI,5,FALSE,Delivered,1
ORD-03184,10/08/2023,2023,Q3,August,Thursday,CUST43954,Nikhil Joshi,6,Child & Teen,Other,North,Chandigarh,Books,Biography,5,652.44,0.01,Low,2663.55,46%,1220.85,35.83,Debit Card,1,FALSE,Delivered,9
ORD-02644,17/02/2023,2023,Q1,February,Friday,CUST02050,Deepa Pillai,23,Young Adult,Male,North,Amritsar,Beauty,Sunscreen,4,800.18,0.19,Medium,2969.81,38%,1136.84,57.24,Net Banking,5,FALSE,Pending,10
ORD-00786,25/12/2020,2020,Q4,December,Friday,CUST94074,Nikhil Singh,47,Adult,Female,Central,Raipur,Furniture,Bed Frame,5,4377.66,0.24,High,12728.48,20%,2557.64,49.31,Debit Card,5,FALSE,Delivered,7
ORD-03589,04/10/2024,2024,Q4,October,Friday,CUST32659,Meera Pillai,23,Young Adult,Female,South,Bangalore,Clothing,Kurta,10,2503.17,0.04,Low,37794.25,33%,12461.38,67.3,UPI,4,FALSE,Delivered,3
ORD-03299,27/11/2023,2023,Q4,November,Monday,CUST51100,Ananya Bose,45,Adult,Other,West,Mumbai,Clothing,Dress,10,1349.67,0.11,Medium,12320.37,38%,4637.25,55.35,Debit Card,,FALSE,Delivered,10
ORD-00497,08/05/2020,2020,Q2,May,Friday,CUST61540,Deepa Gupta,22,Young Adult,Male,Central,Indore,Furniture,Wardrobe,9,9703.47,0.12,Medium,91868.53,22%,20614.96,74.73,Credit Card,1,FALSE,Delivered,7
ORD-01866,04/03/2022,2022,Q1,March,Friday,CUST49530,Rohan Nair,29,Young Adult,Female,West,Pune,Electronics,Laptop,7,64794.43,0.05,Low,532883.15,14%,75066.29,73.84,Debit Card,2,TRUE,Returned,5
ORD-01523,16/11/2021,2021,Q4,November,Tuesday,CUST70600,Sanjay Patel,51,Adult,Male,Central,Bhopal,Electronics,Smartwatch,6,17253.71,0.18,Medium,63164.34,15%,9312.1,57.28,Cash on Delivery,,FALSE,Delivered,1
ORD-00221,04/05/2020,2020,Q2,May,Monday,CUST73936,Kavya Singh,19,Young Adult,Male,East,Patna,Sports,Cricket Bat,3,10399.3,0.02,Low,32336.4,22%,7236.11,59.2,Debit Card,5,FALSE,Delivered,2
ORD-00405,25/06/2020,2020,Q2,June,Thursday,CUST07439,Vikram Pillai,58,Senior,Female,North,Ludhiana,Groceries,Cooking Oil,2,68.21,0.21,High,144.62,5%,7.79,51.11,Cash on Delivery,2,FALSE,Delivered,6
ORD-03268,11/11/2023,2023,Q4,November,Saturday,CUST08884,Meera Chatterjee,,,Other,East,Patna,Sports,Tennis Racket,8,517.73,0.16,Medium,3181.45,23%,738.99,109.47,Net Banking,3,FALSE,Delivered,7
ORD-01361,09/04/2021,2021,Q2,April,Friday,CUST40439,Ananya Patel,3,Child & Teen,Female,North,Ludhiana,Beauty,Face Cream,,1406.05,0.34,Very High,1053,50%,521.93,51.51,EMI,2,TRUE,Returned,7
ORD-02926,20/06/2023,2023,Q2,June,Tuesday,CUST07282,Nisha Nair,31,Young Adult,Female,East,Patna,Beauty,Face Cream,8,203.71,0.16,Medium,2533.79,43%,1078.45,40.28,Debit Card,3,FALSE,Delivered,9
ORD-00921,21/02/2021,2021,Q1,February,Sunday,CUST77784,Aditya Reddy,46,Adult,Other,Central,Raipur,Books,Comic Book,,1150.62,0.16,Medium,1012.64,37%,376.47,51.2,Cash on Delivery,5,FALSE,Delivered,6
ORD-04146,12/06/2024,2024,Q2,June,Wednesday,CUST52053,Nikhil Joshi,18,Young Adult,Male,South,Hyderabad,Beauty,Face Cream,2,1657.33,0.02,Low,3020.21,50%,1521.99,48.9,UPI,5,FALSE,Shipped,4
ORD-00985,24/03/2021,2021,Q1,March,Wednesday,CUST89273,Sunita Sharma,,,Other,West,Pune,Groceries,Tea,7,150.71,0.21,High,896.68,9%,76.54,48,UPI,4,FALSE,Delivered,4
ORD-03965,09/06/2024,2024,Q2,June,Sunday,CUST16673,Ritu Kapoor,18,Young Adult,Other,North,Chandigarh,Groceries,Flour,8,144.95,0.02,Low,1586.94,9%,135.23,33.74,Net Banking,5,FALSE,Delivered,2
ORD-01334,23/08/2021,2021,Q3,August,Monday,CUST72253,Ananya Verma,6,Child & Teen,Other,Central,Indore,Furniture,Wardrobe,6,14866.07,0.15,Medium,93295.26,37%,34155.92,69.82,UPI,2,FALSE,Delivered,9
ORD-01916,27/04/2022,2022,Q2,April,Wednesday,CUST40084,Aarav Rao,47,Adult,Male,South,Chennai,Groceries,Tea,4,288.13,0.01,Low,1536.04,8%,122.61,62.28,Net Banking,2,FALSE,shipped,7
ORD-03210,20/10/2023,2023,Q4,October,Friday,CUST36370,Deepa Chatterjee,43,Adult,Female,East,Bhubaneswar,Beauty,Hair Oil,3,1474.43,0.4,Very High,2579.45,43%,1120.36,85.55,UPI,1,FALSE,Delivered,3
ORD-00313,17/05/2020,2020,Q2,May,Sunday,CUST46769,Meera Reddy,51,Adult,Female,West,Pune,Groceries,Dal (1kg),6,476.07,0.37,Very High,2456.4,11%,258.13,45,Debit Card,3,FALSE,Delivered,1
ORD-03601,16/04/2024,2024,Q2,April,Tuesday,CUST84390,Ritu Verma,31,Young Adult,Female,South,Hyderabad,Books,Textbook,8,1069.54,0.23,High,10281.57,37%,3761.19,77.99,Credit Card,,FALSE,Delivered,1
ORD-03038,08/07/2023,2023,Q3,July,Saturday,CUST42431,Vikram Iyer,1,Child & Teen,Female,East,Guwahati,Books,Cook Book,4,846.94,0.1,Low,4126.13,44%,1830.29,103.8,Credit Card,3,FALSE,Delivered,10
ORD-02556,13/01/2023,2023,Q1,January,Friday,CUST44541,Priya Iyer,45,Adult,Other,South,Chennai,Clothing,T-Shirt,7,3456.76,0.34,Very High,15504.08,23%,3634.35,86.38,Credit Card,1,FALSE,Delivered,3
ORD-03214,21/10/2023,2023,Q4,October,Saturday,CUST26653,Priya Verma,34,Young Adult,Female,South,Hyderabad,Beauty,Perfume,2,2318.99,0.34,Very High,3235.02,56%,1825.36,54.61,UPI,1,FALSE,Pending,6
ORD-02442,26/11/2022,2022,Q4,November,Saturday,CUST44235,Rahul Iyer,58,Senior,Other,East,Patna,Groceries,Flour,6,487.77,0.31,Very High,1675.82,7%,120.68,82.58,Credit Card,5,FALSE,Delivered,6
ORD-03455,02/07/2024,2024,Q3,July,Tuesday,CUST85337,Nisha Patel,37,Adult,Male,North,Chandigarh,Clothing,Kurta,3,497.57,0.15,Medium,1277.03,38%,481.63,64.84,Cash on Delivery,5,FALSE,Delivered,8
ORD-03294,25/11/2023,2023,Q4,November,Saturday,CUST10406,Shreya Sharma,46,Adult,Female,East,Kolkata,Clothing,Saree,8,2163.34,0.09,Low,14389.27,48%,6967.35,86.07,Debit Card,4,TRUE,Returned,2
ORD-02458,12/01/2022,2022,Q1,January,Wednesday,CUST84016,Meera Verma,12,Child & Teen,Male,East,Patna,Books,Self-Help Book,5,374.99,0.2,Medium,1324.11,44%,579.51,83.9,Cash on Delivery,3,FALSE,Delivered,8
ORD-00678,11/02/2020,2020,Q1,February,Tuesday,CUST41806,Kavya Pillai,45,Adult,Male,West,Ahmedabad,Electronics,Tablet,10,57547.36,0,No Discount,412747.46,9%,38336.33,95.34,EMI,1,FALSE,Shipped,1
ORD-03001,23/07/2023,2023,Q3,July,Sunday,CUST72975,Deepa Singh,22,Young Adult,Female,North,Delhi,Sports,Dumbbells,7,5217.82,0.38,Very High,29460.53,17%,4891.91,48.5,Cash on Delivery,2,FALSE,Delivered,4
ORD-00166,13/03/2020,2020,Q1,March,Friday,CUST75367,Nisha Patel,45,Adult,Female,East,Kolkata,Books,Self-Help Book,8,518.2,0.01,Low,4524.52,41%,1853.7,90.45,Debit Card,,FALSE,Delivered,6
ORD-00329,23/05/2020,2020,Q2,May,Saturday,CUST33284,Vikram Mishra,35,Young Adult,Male,West,Mumbai,Electronics,Camera,8,66799.88,0,No Discount,700450.24,12%,86189.72,63.99,Debit Card,1,FALSE,Delivered,2
ORD-01037,15/04/2021,2021,Q2,April,Thursday,CUST43607,Nikhil Kapoor,51,Adult,Other,West,Ahmedabad,Books,Biography,7,529.64,0.15,Medium,4411.53,38%,1663.96,71.05,EMI,,FALSE,Delivered,10
ORD-02134,25/07/2022,2022,Q3,July,Monday,CUST70079,Aditya Shah,33,Young Adult,Male,West,Mumbai,Beauty,Shampoo,2,879.32,0.11,Medium,2351.24,45%,1051.59,52.42,Cash on Delivery,5,FALSE,Delivered,5
ORD-02132,24/07/2022,2022,Q3,July,Sunday,CUST62399,Rohan Bose,45,Adult,Other,South,Chennai,Furniture,Sofa,4,25587.02,0.31,Very High,106262.43,23%,24161.7,68.96,Debit Card,2,FALSE,Delivered,2
ORD-02255,09/09/2022,2022,Q3,September,Friday,CUST86286,Amit Verma,23,Young Adult,Female,North,Delhi,Sports,Yoga Mat,1,10374.72,0.04,Low,10806.31,20%,2109.69,63.95,Cash on Delivery,3,FALSE,Cancelled,3
ORD-00104,02/09/2020,2020,Q3,September,Wednesday,CUST30691,Ritu Mishra,47,Adult,Other,Central,Indore,Sports,Tennis Racket,9,13043.73,0.25,High,74033.85,25%,18187.78,74.92,Debit Card,3,FALSE,Delivered,3
ORD-03382,01/03/2024,2024,Q1,March,Friday,CUST08459,Nikhil Mishra,35,Young Adult,Male,West,Ahmedabad,Sports,Tennis Racket,8,13871.72,0.03,Low,104587.68,20%,20681.46,87.71,UPI,5,FALSE,Shipped,8
ORD-03267,11/11/2023,2023,Q4,November,Saturday,CUST39102,Meera Kapoor,31,Young Adult,Other,East,Kolkata,Electronics,Laptop,10,19168.2,0.09,Low,157139.2,10%,15931.28,92.38,UPI,1,TRUE,Returned,10
ORD-00735,12/01/2020,2020,Q1,January,Sunday,CUST45620,Aditya Patel,59,Senior,Female,East,Patna,Clothing,Kurta,6,2055.61,0.19,Medium,7361.83,33%,2436.42,87.2,Debit Card,3,FALSE,pending,7
ORD-03738,18/06/2024,2024,Q2,June,Tuesday,CUST81515,Shreya Reddy,44,Adult,Female,West,Ahmedabad,Clothing,Saree,8,318.72,0.2,Medium,3315.64,41%,1361.66,66.35,Cash on Delivery,3,FALSE,Delivered,6
ORD-01205,29/06/2021,2021,Q2,June,Tuesday,CUST52200,Nisha Bhat,28,Young Adult,Male,West,Pune,Books,Fiction Novel,3,332.5,0.1,Low,1131.28,65%,733.38,62.24,Debit Card,5,FALSE,Delivered,2
ORD-00695,11/11/2020,2020,Q4,November,Wednesday,CUST09687,Karan Bose,25,Young Adult,Male,North,Chandigarh,Clothing,Dress,4,1315.54,0.06,Low,3873.18,30%,1168.41,30.16,Net Banking,4,FALSE,Cancelled,6
ORD-03238,11/01/2023,2023,Q1,January,Wednesday,CUST14045,Sunita Kumar,59,Senior,Other,West,Mumbai,Groceries,Rice (5kg),8,147.66,0.12,Medium,936.68,8%,78.45,58.97,Debit Card,1,TRUE,Returned,10
ORD-00498,08/06/2020,2020,Q2,June,Monday,CUST22854,Arjun Patel,37,Adult,Female,South,Chennai,Beauty,Lipstick,4,1620.93,0,No Discount,7373.98,49%,3625.25,54.81,UPI,4,FALSE,Cancelled,6
ORD-01341,26/08/2021,2021,Q3,August,Thursday,CUST78913,Meera Sharma,25,Young Adult,Female,South,Bangalore,Electronics,Headphones,6,33295.33,0.22,High,190618.8,15%,28846.6,81.68,EMI,3,FALSE,Delivered,4
ORD-01166,07/06/2021,2021,Q2,June,Monday,CUST18237,Nikhil Reddy,59,Senior,Male,East,Kolkata,Electronics,Tablet,7,15552.34,0.22,High,129304.85,18%,22699.93,46.69,Credit Card,5,TRUE,Returned,6
ORD-01349,30/08/2021,2021,Q3,August,Monday,CUST06490,Shreya Shah,21,Young Adult,Female,North,Chandigarh,Clothing,Dress,4,2556.35,0.19,Medium,9517.59,20%,1946.08,45.36,UPI,5,FALSE,Delivered,2
ORD-02376,25/10/2022,2022,Q4,October,Tuesday,CUST02576,Pooja Verma,38,Adult,Other,East,Patna,Beauty,Shampoo,9,2282.24,0.27,High,15517.58,38%,5898.92,86.96,UPI,3,FALSE,Cancelled,7
ORD-02709,21/03/2023,2023,Q1,March,Tuesday,CUST89135,Vikram Gupta,45,Adult,Other,South,Chennai,Electronics,Smartphone,5,8426.05,0.4,Very High,28260.49,19%,5271.23,43.17,Net Banking,3,TRUE,Returned,
ORD-00347,29/05/2020,2020,Q2,May,Friday,CUST36973,Nikhil Das,38,Adult,Male,Central,Bhopal,Furniture,Wardrobe,9,15163.14,0.05,Low,165300.99,28%,45730.93,52.98,Credit Card,,FALSE,Delivered,4
ORD-01853,30/03/2022,2022,Q1,March,Wednesday,CUST27427,Ritu Reddy,49,Adult,Female,East,Patna,Books,Cook Book,7,1034.3,0.21,High,7324.98,35%,2536.09,60.36,Credit Card,5,FALSE,Delivered,4
ORD-02259,09/10/2022,2022,Q4,October,Sunday,CUST42519,Meera Reddy,46,Adult,Male,Central,Nagpur,Sports,Football,2,2331.76,0,No Discount,5912.22,24%,1433.92,38.85,Debit Card,5,FALSE,Delivered,1
ORD-02616,02/10/2023,2023,Q4,October,Monday,CUST89095,Karan Kumar,33,Young Adult,Male,East,Bhubaneswar,Books,Cook Book,2,1201.89,,,2704.17,54%,1451.59,59.47,Net Banking,4,FALSE,Delivered,5
ORD-02191,15/08/2022,2022,Q3,August,Monday,CUST30252,Amit Rao,53,Adult,Female,South,Bangalore,Books,Self-Help Book,5,1366.96,0.33,Very High,5049.74,41%,2062.06,90.56,Cash on Delivery,1,FALSE,Delivered,8
ORD-00515,15/08/2020,2020,Q3,August,Saturday,CUST29764,Ritu Patel,58,Senior,Female,North,Amritsar,Clothing,Jacket,9,3838.67,0.38,Very High,25652.22,36%,9320.76,35.65,Credit Card,2,TRUE,Returned,8
ORD-03435,29/01/2024,2024,Q1,January,Monday,CUST98330,Ananya Nair,65,Senior,Female,East,Bhubaneswar,Furniture,Bookshelf,,10083.15,0.15,Medium,7994.96,25%,1999.65,46.72,Net Banking,4,FALSE,Delivered,1
ORD-01029,04/11/2021,2021,Q4,November,Thursday,CUST37505,Nikhil Patel,41,Adult,Female,West,Ahmedabad,Sports,Dumbbells,,1145.45,0.11,Medium,1338.53,17%,222.57,56.78,Debit Card,1,FALSE,Delivered,8
ORD-03117,09/08/2023,2023,Q3,August,Wednesday,CUST41510,Arjun Rao,31,Young Adult,Female,North,Delhi,Beauty,Lipstick,8,1386.11,0.36,Very High,8949.36,43%,3833.84,80.48,UPI,,FALSE,Delivered,7
ORD-00865,30/01/2021,2021,Q1,January,Saturday,CUST81979,Kavya Nair,47,Adult,Other,South,Chennai,Sports,Football,4,4061.87,0.15,Medium,11296.47,21%,2369.95,68.59,EMI,2,FALSE,Shipped,1
ORD-03354,21/12/2023,2023,Q4,December,Thursday,CUST67353,Sunita Nair,4,Child & Teen,Other,West,Mumbai,Groceries,Dal (1kg),8,133.54,0.25,High,700.62,7%,48.03,54.62,Cash on Delivery,2,FALSE,Delivered,7
ORD-02940,29/06/2023,2023,Q2,June,Thursday,CUST98397,Priya Patel,33,Young Adult,Male,East,Kolkata,Furniture,Desk,7,29626.67,0.25,High,260198.32,21%,54990.37,89.07,Credit Card,3,FALSE,Delivered,2
ORD-01227,07/07/2021,2021,Q3,July,Wednesday,CUST51884,Kavya Iyer,29,Young Adult,Female,South,Chennai,Clothing,Jeans,8,3027.66,0.22,High,24537.25,33%,8111.2,67.06,Cash on Delivery,,TRUE,Returned,9
ORD-02863,30/05/2023,2023,Q2,May,Tuesday,CUST63160,Meera Mehta,39,Adult,Other,South,Bangalore,Books,Self-Help Book,8,786.23,0.23,High,7962.8,36%,2889.1,89.79,Cash on Delivery,4,TRUE,Returned,3
ORD-03937,26/08/2024,2024,Q3,August,Monday,CUST26174,Sunita Mishra,26,Young Adult,Female,North,Ludhiana,Clothing,Dress,2,2273.43,0.19,Medium,6399.63,34%,2166.56,65.89,Credit Card,1,FALSE,Delivered,5
ORD-03431,26/01/2024,2024,Q1,January,Friday,CUST60027,Sunita Kapoor,2,Child & Teen,Female,North,Chandigarh,Groceries,Rice (5kg),5,293.8,0.38,Very High,1025.8,6%,60.61,39.26,Net Banking,2,FALSE,Delivered,1
ORD-00564,09/07/2020,2020,Q3,July,Thursday,CUST18845,Sunita Reddy,37,Adult,Male,Central,Nagpur,Sports,Cricket Bat,8,1081.89,0.17,Medium,7052.66,24%,1691.65,68.34,Net Banking,3,FALSE,Delivered,7
ORD-03849,29/07/2024,2024,Q3,July,Monday,CUST29433,Priya Chatterjee,25,Young Adult,Male,West,Surat,Beauty,Shampoo,8,142.19,0.04,Low,1840.58,45%,820.61,75.73,EMI,3,FALSE,Delivered,5
ORD-02420,11/11/2022,2022,Q4,November,Friday,CUST51531,Vikram Verma,15,Child & Teen,Female,Central,Nagpur,Groceries,Cooking Oil,8,125.37,0.31,Very High,588.74,7%,40.34,44.85,EMI,1,TRUE,Returned,5
ORD-03230,29/10/2023,2023,Q4,October,Sunday,CUST12331,Nikhil Singh,28,Young Adult,Other,West,Ahmedabad,Furniture,Bed Frame,2,28320.84,0.09,Low,52512.57,24%,12726.17,51.84,EMI,2,FALSE,Delivered,4
ORD-01012,04/03/2021,2021,Q1,March,Thursday,CUST71352,Priya Pillai,38,Adult,Other,West,Pune,Clothing,T-Shirt,7,3514.94,0.24,High,21904.97,40%,8841.56,59.33,Net Banking,4,FALSE,Delivered,10
ORD-01304,08/10/2021,2021,Q4,October,Friday,CUST66175,Aarav Das,26,Young Adult,Male,Central,Raipur,Furniture,Sofa,8,29112.08,0.18,Medium,251589.73,30%,75733.79,27.35,EMI,1,FALSE,Delivered,3
ORD-00891,02/04/2021,2021,Q2,April,Friday,CUST89847,Pooja Sharma,35,Young Adult,Other,South,Chennai,Beauty,Face Cream,9,616.58,0.36,Very High,3400.49,38%,1300.95,91.17,Cash on Delivery,4,FALSE,Delivered,10
ORD-02792,23/04/2023,2023,Q2,April,Sunday,CUST84330,Kavya Verma,32,Young Adult,Female,South,Bangalore,Clothing,Jacket,6,3592.92,,,32152.59,40%,12889.05,58.05,Cash on Delivery,4,TRUE,Returned,3
ORD-01262,23/07/2021,2021,Q3,July,Friday,CUST53403,Karan Shah,29,Young Adult,Female,Central,Indore,Sports,Cricket Bat,6,4001.67,0.03,Low,34048.21,22%,7434.44,68.1,UPI,5,FALSE,Delivered,7
ORD-04030,15/10/2024,2024,Q4,October,Tuesday,CUST64389,Shreya Joshi,38,Adult,Other,South,Bangalore,Books,Textbook,,1347.11,0.05,Low,1522.28,48%,738.02,52.55,Net Banking,5,FALSE,Delivered,4
ORD-02732,30/03/2023,2023,Q1,March,Thursday,CUST23366,Priya Kumar,32,Young Adult,Male,North,Amritsar,Clothing,Jacket,8,1060.79,0.16,Medium,8629.82,25%,2159.2,51.46,UPI,4,FALSE,Pending,7
ORD-03346,18/12/2023,2023,Q4,December,Monday,CUST20166,Sunita Das,,,Other,East,Kolkata,Furniture,Bed Frame,9,33868,0.31,Very High,167839.68,19%,31658.39,110.02,EMI,2,FALSE,Delivered,7
ORD-03461,02/09/2024,2024,Q3,September,Monday,CUST10511,Priya Das,52,Adult,Other,East,Guwahati,Groceries,Tea,8,465.1,0.31,Very High,2873.98,9%,258.85,68.06,Debit Card,4,FALSE,Delivered,6
ORD-00633,10/11/2020,2020,Q4,November,Tuesday,CUST53440,Nisha Sharma,44,Adult,Male,East,Kolkata,Groceries,Dal (1kg),4,311.1,0.01,Low,1035.45,9%,92.22,75.24,UPI,2,FALSE,Delivered,1
ORD-00195,27/03/2020,2020,Q1,March,Friday,CUST10870,Deepa Bhat,26,Young Adult,Female,Central,Raipur,Beauty,Shampoo,10,2466.88,0.25,High,17991.29,33%,5973.34,34.92,Net Banking,4,FALSE,Delivered,9
ORD-00514,15/08/2020,2020,Q3,August,Saturday,CUST86166,Shreya Rao,48,Adult,Other,Central,Indore,Furniture,Bed Frame,2,17924.25,0.15,Medium,40170.17,34%,13769.68,75.45,Cash on Delivery,5,FALSE,Delivered,10
ORD-01639,31/12/2021,2021,Q4,December,Friday,CUST37611,Aditya Sharma,48,Adult,Female,North,Amritsar,Furniture,Bookshelf,10,33336.04,0.22,High,196057.15,32%,62738.27,43.07,EMI,2,FALSE,Delivered,10
ORD-01456,21/10/2021,2021,Q4,October,Thursday,CUST75629,Vikram Kapoor,38,Adult,Male,Central,Raipur,Groceries,Dal (1kg),1,229.1,0.04,Low,210.21,7%,15.48,70.47,Net Banking,5,FALSE,Delivered,
ORD-03747,21/06/2024,2024,Q2,June,Friday,CUST30878,Karan Kumar,42,Adult,Male,East,Bhubaneswar,Electronics,Smartphone,6,72110.58,0.37,Very High,450289.54,14%,65004.31,70.74,Cash on Delivery,3,FALSE,Pending,9
ORD-03842,27/07/2024,2024,Q3,July,Saturday,CUST75870,Meera Mishra,2,Child & Teen,Other,East,Patna,Groceries,Cooking Oil,7,75.8,0.05,Low,782.05,9%,70.98,62.63,Net Banking,4,FALSE,Delivered,8
ORD-00210,04/01/2020,2020,Q1,January,Saturday,CUST41794,Arjun Kapoor,29,Young Adult,Female,Central,Raipur,Electronics,Headphones,7,48050.22,0.32,Very High,237090.85,12%,29156.24,35.88,Debit Card,4,FALSE,Cancelled,3
ORD-03049,08/12/2023,2023,Q4,December,Friday,CUST94965,Amit Joshi,26,Young Adult,Other,East,Bhubaneswar,Sports,Tennis Racket,9,905.34,0.05,Low,10046.96,23%,2301.49,59.24,Net Banking,1,FALSE,Delivered,6
ORD-01187,17/06/2021,2021,Q2,June,Thursday,CUST93071,Vikram Joshi,22,Young Adult,Female,West,Ahmedabad,Electronics,Smartphone,3,76896.61,0.07,Low,332318.85,11%,37948.79,73.13,Cash on Delivery,3,FALSE,Shipped,5
ORD-00636,10/11/2020,2020,Q4,November,Tuesday,CUST37768,Vikram Iyer,1,Child & Teen,Female,Central,Indore,Books,Comic Book,1,1078.1,0.04,Low,862.77,41%,356.63,30.25,UPI,4,FALSE,Delivered,6
ORD-03962,09/05/2024,2024,Q2,May,Thursday,CUST29392,Aditya Das,26,Young Adult,Female,East,Guwahati,Groceries,Cooking Oil,7,461.68,,,3878.43,10%,381.32,109.75,Debit Card,1,FALSE,Pending,7
ORD-04094,11/11/2024,2024,Q4,November,Monday,CUST70447,Rohan Kumar,38,Adult,Other,Central,Nagpur,Electronics,Smartphone,,32962.49,0.19,Medium,24684.25,11%,2696.36,60.59,EMI,2,FALSE,Cancelled,2
ORD-03583,04/08/2024,2024,Q3,August,Sunday,CUST63387,Priya Bose,23,Young Adult,Female,East,Guwahati,Groceries,Tea,6,392.2,0.26,High,2621.04,8%,207.12,70.3,UPI,,FALSE,Delivered,9
ORD-00088,02/04/2020,2020,Q2,April,Thursday,CUST25625,Meera Kapoor,34,Young Adult,Other,North,Delhi,Electronics,Camera,7,60474.12,0.04,Low,377022.96,10%,37668.94,62.96,Net Banking,4,FALSE,Shipped,7
ORD-01370,09/09/2021,2021,Q3,September,Thursday,CUST44583,Aarav Rao,48,Adult,Male,East,Bhubaneswar,Electronics,Headphones,5,77055.5,0.09,Low,398426.64,13%,51765.01,68.43,EMI,5,FALSE,Delivered,6
ORD-04005,26/09/2024,2024,Q3,September,Thursday,CUST65030,Nisha Rao,35,Young Adult,Male,South,Hyderabad,Clothing,T-Shirt,7,1062.11,0.24,High,8280.13,16%,1296.33,57.64,UPI,,TRUE,Returned,3
ORD-01980,25/05/2022,2022,Q2,May,Wednesday,CUST69864,Vikram Iyer,31,Young Adult,Male,South,Kochi,Groceries,Dal (1kg),6,181.78,0.38,Very High,888.33,5%,43.28,64.13,UPI,,FALSE,Delivered,9
ORD-02958,07/05/2023,2023,Q2,May,Sunday,CUST02784,Sunita Gupta,25,Young Adult,Male,North,Amritsar,Sports,Cycle,3,13054.7,0.2,Medium,50129.67,19%,9740.83,41.44,UPI,2,TRUE,Returned,9
ORD-03790,07/05/2024,2024,Q2,May,Tuesday,CUST81850,Karan Das,7,Child & Teen,Other,East,Guwahati,Beauty,Lipstick,3,1906.13,0.35,Very High,5546.63,40%,2206.08,75.13,UPI,5,FALSE,Delivered,6
ORD-00191,26/03/2020,2020,Q1,March,Thursday,CUST37196,Pooja Chatterjee,37,Adult,Other,South,Chennai,Clothing,T-Shirt,2,2822.43,0.32,Very High,3893.81,28%,1101.47,41.8,Cash on Delivery,2,FALSE,Delivered,4
ORD-03825,21/07/2024,2024,Q3,July,Sunday,CUST88226,Aditya Verma,47,Adult,Male,West,Surat,Groceries,Tea,7,488.22,0.38,Very High,2672.94,6%,163.37,60.37,EMI,1,TRUE,Returned,8
ORD-00179,19/03/2020,2020,Q1,March,Thursday,CUST72035,Ritu Pillai,39,Adult,Male,South,Chennai,Beauty,Hair Oil,2,691.8,0.4,Very High,832.4,44%,369.92,65.91,Debit Card,5,FALSE,Delivered,9
ORD-03841,27/07/2024,2024,Q3,July,Saturday,CUST55175,Pooja Verma,36,Adult,Female,North,Ludhiana,Sports,Cycle,4,4702.62,0.3,High,23223.7,16%,3762.63,66.86,Net Banking,2,FALSE,Delivered,5
ORD-02605,02/05/2023,2023,Q2,May,Tuesday,CUST70348,Sanjay Chatterjee,33,Young Adult,Other,East,Guwahati,Groceries,Dal (1kg),2,458.79,0.24,High,719.16,8%,59.83,86.04,EMI,3,FALSE,Cancelled,6
ORD-02589,30/01/2023,2023,Q1,January,Monday,CUST13119,Priya Bose,39,Adult,Other,West,Ahmedabad,Furniture,Bookshelf,8,8213.91,,,64071.92,20%,12928.63,87.38,Net Banking,,FALSE,Delivered,9
ORD-03465,02/09/2024,2024,Q3,September,Monday,CUST56248,Aarav Bhat,42,Adult,Female,Central,Indore,Groceries,Cooking Oil,7,359.97,0.04,Low,2544.36,13%,337.93,52.95,UPI,5,FALSE,Cancelled,5
ORD-02024,06/11/2022,2022,Q4,November,Sunday,CUST02250,Rahul Verma,33,Young Adult,Female,North,Ludhiana,Books,Fiction Novel,1,910.26,0.04,Low,1273.33,44%,558.58,27.4,Net Banking,,FALSE,Delivered,3
ORD-02104,15/07/2022,2022,Q3,July,Friday,CUST15485,Sanjay Iyer,49,Adult,Female,North,Ludhiana,Groceries,Cooking Oil,4,363.4,0.33,Very High,1689.72,9%,153.17,55.45,Cash on Delivery,1,FALSE,Delivered,3
ORD-01688,22/01/2022,2022,Q1,January,Saturday,CUST53680,Amit Shah,18,Young Adult,Other,North,Delhi,Electronics,Smartphone,5,65121.61,0,No Discount,278858.29,12%,33377.09,75.22,Net Banking,,FALSE,Shipped,2
ORD-03916,19/08/2024,2024,Q3,August,Monday,CUST33656,Ritu Rao,5,Child & Teen,Male,East,Patna,Groceries,Cooking Oil,4,169.97,0.11,Medium,978.94,9%,86.75,73.04,Debit Card,1,FALSE,Delivered,9
ORD-02793,24/04/2023,2023,Q2,April,Monday,CUST32818,Kavya Kumar,,,Other,West,Surat,Clothing,Dress,4,882.01,0.05,Low,4873.47,21%,1032.3,65.21,Credit Card,2,FALSE,Delivered,3
ORD-03322,12/09/2023,2023,Q3,September,Tuesday,CUST90480,Nisha Patel,31,Young Adult,Other,East,Kolkata,Groceries,Rice (5kg),8,314.32,0.03,Low,2055.55,9%,180.84,99.45,Debit Card,1,FALSE,Cancelled,2
ORD-01129,25/05/2021,2021,Q2,May,Tuesday,CUST51027,Nikhil Bose,14,Child & Teen,Other,West,Surat,Books,Cook Book,10,363.79,0.14,Medium,5020.88,37%,1879.15,43.41,Net Banking,,FALSE,Cancelled,8
ORD-03068,18/08/2023,2023,Q3,August,Friday,CUST89345,Deepa Iyer,3,Child & Teen,Other,East,Guwahati,Beauty,Shampoo,1,133.98,0.16,Medium,157,41%,64.55,59.05,Credit Card,5,FALSE,Delivered,4
ORD-03146,25/09/2023,2023,Q3,September,Monday,CUST78079,Meera Gupta,27,Young Adult,Male,South,Bangalore,Electronics,Smartwatch,3,40582.57,0.22,High,118400.61,12%,13936.96,91.9,Debit Card,3,FALSE,Cancelled,4
ORD-01813,03/12/2022,2022,Q4,December,Saturday,CUST37116,Nisha Das,47,Adult,Other,Central,Nagpur,Clothing,T-Shirt,1,1385.37,0.08,Low,1543.45,43%,661.84,62.19,Credit Card,2,FALSE,Delivered,5
ORD-02560,14/01/2023,2023,Q1,January,Saturday,CUST90788,Kavya Kapoor,,,Female,South,Kochi,Electronics,Tablet,999,18619.45,0,No Discount,17360314.17,14%,2445648.43,82.19,EMI,1,FALSE,Delivered,5
ORD-04019,10/07/2024,2024,Q3,July,Wednesday,CUST33185,Aditya Bose,3,Child & Teen,Female,Central,Nagpur,Sports,Cycle,8,11748.72,0.34,Very High,67592.29,25%,16805.64,44.93,UPI,,TRUE,Returned,10
ORD-03512,03/07/2024,2024,Q3,July,Wednesday,CUST61863,Shreya Nair,41,Adult,Female,East,Kolkata,Clothing,Jeans,10,1320.43,0.25,High,13732.16,41%,5671.18,74.31,Debit Card,2,FALSE,Shipped,6
ORD-01024,04/08/2021,2021,Q3,August,Wednesday,CUST22670,Sanjay Joshi,49,Adult,Female,East,Patna,Furniture,Bed Frame,10,14892.78,0.21,High,168394.7,38%,64660.74,118.18,Credit Card,2,FALSE,Shipped,8
ORD-01753,17/02/2022,2022,Q1,February,Thursday,CUST62689,Ananya Das,32,Young Adult,Female,North,Delhi,Clothing,Jeans,3,3289.49,0.2,Medium,6684.85,39%,2606.38,68.78,UPI,5,FALSE,Delivered,
ORD-00472,27/07/2020,2020,Q3,July,Monday,CUST21284,Aarav Joshi,44,Adult,Other,East,Patna,Groceries,Flour,1,117.22,0.26,High,124.38,9%,11.08,84.2,Credit Card,2,FALSE,Delivered,5
ORD-00399,21/06/2020,2020,Q2,June,Sunday,CUST01014,Aditya Chatterjee,27,Young Adult,Other,West,Pune,Sports,Dumbbells,9,14879.68,0.25,High,128980.52,22%,28846.04,60,Credit Card,3,FALSE,Delivered,10
ORD-03499,29/02/2024,2024,Q1,February,Thursday,CUST16184,Rahul Kumar,39,Adult,Female,West,Surat,Electronics,Tablet,8,22744.84,0.03,Low,181169.01,8%,15125.76,75.81,EMI,1,FALSE,Shipped,3
ORD-00036,14/01/2020,2020,Q1,January,Tuesday,CUST38423,Kavya Nair,26,Young Adult,Female,East,Patna,Furniture,Desk,3,12822.15,0.01,Low,29713.41,36%,10599.17,86.21,UPI,2,TRUE,Returned,9
ORD-02254,09/09/2022,2022,Q3,September,Friday,CUST33459,Nisha Sharma,33,Young Adult,Female,North,Delhi,Furniture,Desk,10,5472.78,0.24,High,53170.77,30%,15999.21,73.94,Debit Card,4,FALSE,Delivered,9
ORD-02657,24/02/2023,2023,Q1,February,Friday,CUST66904,Kavya Chatterjee,41,Adult,Other,East,Kolkata,Groceries,Cooking Oil,5,97.04,0.07,Low,446.89,11%,48.71,82.24,Net Banking,1,FALSE,delivered,3
ORD-00253,22/04/2020,2020,Q2,April,Wednesday,CUST11397,Aarav Verma,5,Child & Teen,Male,East,Patna,Books,Comic Book,8,724.91,0.39,Very High,3949.85,36%,1441.05,80.32,Net Banking,3,FALSE,Pending,1
ORD-02656,24/02/2023,2023,Q1,February,Friday,CUST34846,Vikram Singh,46,Adult,Female,North,Chandigarh,Furniture,Bookshelf,8,24561.25,0.33,Very High,140193.36,22%,31348.77,47.2,Credit Card,2,FALSE,Delivered,1
ORD-01068,28/04/2021,2021,Q2,April,Wednesday,CUST93899,Meera Kapoor,49,Adult,Male,South,Hyderabad,Furniture,Chair,8,13756.55,0.36,Very High,88558.6,35%,31183.12,80.06,Credit Card,2,FALSE,Delivered,10
ORD-01286,08/03/2021,2021,Q1,March,Monday,CUST73360,Nisha Sharma,3,Child & Teen,Female,West,Surat,Electronics,Smartwatch,5,53420.53,0.16,Medium,268730.15,7%,18234.55,49.75,Debit Card,4,FALSE,Delivered,3
ORD-03221,24/10/2023,2023,Q4,October,Tuesday,CUST96034,Rohan Singh,3,Child & Teen,Male,North,Chandigarh,Books,Textbook,6,452.9,0.01,Low,2766.66,38%,1043.1,58.82,Net Banking,1,FALSE,Delivered,3
ORD-02478,12/12/2022,2022,Q4,December,Monday,CUST02396,Karan Sharma,32,Young Adult,Male,South,Hyderabad,Electronics,Tablet,3,58643.55,0.18,Medium,104290.62,10%,10501.29,67.56,Credit Card,3,FALSE,Cancelled,2
ORD-02941,29/06/2023,2023,Q2,June,Thursday,CUST16576,Aditya Mehta,53,Adult,Female,North,Amritsar,Books,Fiction Novel,4,254.4,0.04,Low,1971.55,39%,765.6,70.91,Cash on Delivery,4,FALSE,Delivered,7
ORD-01876,04/07/2022,2022,Q3,July,Monday,CUST64959,Aditya Sharma,47,Adult,Other,East,Patna,Books,Fiction Novel,,1466.44,0.02,Low,1925.9,31%,587.73,74.59,Net Banking,,FALSE,Delivered,6
ORD-00229,04/10/2020,2020,Q4,October,Sunday,CUST23370,Kavya Pillai,37,Adult,Female,West,Surat,Books,Self-Help Book,2,979.23,0.26,High,1381.44,41%,565.67,57.1,Cash on Delivery,,TRUE,Returned,9
ORD-03052,13/08/2023,2023,Q3,August,Sunday,CUST62695,Vikram Bhat,38,Adult,Other,East,Guwahati,Sports,Dumbbells,7,13199.66,0.23,High,101253.81,23%,23525.51,75.76,Cash on Delivery,4,FALSE,Delivered,9
ORD-01749,15/02/2022,2022,Q1,February,Tuesday,CUST77699,Deepa Joshi,17,Child & Teen,Other,South,Chennai,Sports,Football,5,5142.95,0.05,Low,24280.58,16%,4000.08,50.97,EMI,1,TRUE,Returned,3
ORD-03078,21/08/2023,2023,Q3,August,Monday,CUST46478,Aarav Nair,32,Young Adult,Female,East,Bhubaneswar,Books,Textbook,3,761.02,0.23,High,2331.91,51%,1183.07,118.86,Credit Card,3,FALSE,Delivered,7
ORD-01645,01/03/2022,2022,Q1,March,Tuesday,CUST58522,Priya Kumar,27,Young Adult,Male,South,Bangalore,Beauty,Sunscreen,1,277.9,0.12,Medium,229.86,35%,81.58,50.51,EMI,4,FALSE,Cancelled,
ORD-04194,28/12/2024,2024,Q4,December,Saturday,CUST18508,Sunita Sharma,56,Senior,Male,North,Ludhiana,Books,Biography,2,709.51,0.08,Low,1228.87,39%,481.53,18.48,Net Banking,5,FALSE,Cancelled,5
ORD-01610,20/12/2021,2021,Q4,December,Monday,CUST76313,Arjun Pillai,4,Child & Teen,Other,Central,Bhopal,Books,Textbook,7,1347.81,0.14,Medium,5535.71,36%,1992.64,32.85,Credit Card,2,FALSE,delivered,9
ORD-02776,16/04/2023,2023,Q2,April,Sunday,CUST86061,Kavya Rao,45,Adult,Male,Central,Indore,Sports,Football,8,8715.32,,,96549.16,23%,22685.06,74.22,Cash on Delivery,1,FALSE,Delivered,8
ORD-02367,20/10/2022,2022,Q4,October,Thursday,CUST71730,Meera Kapoor,33,Young Adult,Female,East,Patna,Books,Biography,6,353.19,0.37,Very High,1424.52,45%,640.89,87.77,Net Banking,3,FALSE,Delivered,7
ORD-00630,10/09/2020,2020,Q3,September,Thursday,CUST57628,Rohan Chatterjee,42,Adult,Female,South,Kochi,Furniture,Wardrobe,7,31760.09,,,198861.51,39%,77339.31,62.01,Debit Card,3,FALSE,Delivered,3
ORD-00926,23/02/2021,2021,Q1,February,Tuesday,CUST42894,Sanjay Patel,3,Child & Teen,Male,West,Ahmedabad,Clothing,Jeans,9,1846.99,0.32,Very High,9441.56,34%,3194.01,82.33,Debit Card,3,FALSE,Delivered,6
ORD-02942,30/06/2023,2023,Q2,June,Friday,CUST41370,Amit Verma,4,Child & Teen,Male,North,Delhi,Groceries,Dal (1kg),5,306.51,0.18,Medium,2204.96,8%,174.67,63.22,Cash on Delivery,3,FALSE,Delivered,3
ORD-01020,04/05/2021,2021,Q2,May,Tuesday,CUST24177,Rohan Reddy,4,Child & Teen,Male,South,Chennai,Furniture,Sofa,,2090.33,0.29,High,1783.33,17%,304.35,82.39,Cash on Delivery,2,FALSE,Pending,
ORD-02083,07/07/2022,2022,Q3,July,Thursday,CUST58154,Karan Chatterjee,33,Young Adult,Other,West,Surat,Furniture,Bookshelf,6,6433.11,0.05,Low,51511.32,21%,11059.52,68.21,Net Banking,1,FALSE,Delivered,7
ORD-03385,01/04/2024,2024,Q2,April,Monday,CUST57537,Meera Reddy,23,Young Adult,Male,East,Guwahati,Books,Textbook,9,1151.99,0.36,Very High,5781.66,43%,2458.52,80.27,EMI,5,FALSE,Delivered,6
ORD-01787,03/03/2022,2022,Q1,March,Thursday,CUST70372,Deepa Verma,16,Child & Teen,Female,West,Surat,Beauty,Hair Oil,8,1468.81,0.02,Low,12672.79,38%,4798.36,35.31,Cash on Delivery,4,FALSE,Delivered,8
ORD-02124,23/07/2022,2022,Q3,July,Saturday,CUST24923,Karan Mishra,23,Young Adult,Male,West,Pune,Books,Cook Book,6,1164.68,0.35,Very High,5939.75,26%,1561.14,57.35,Debit Card,2,TRUE,Returned,5
ORD-02222,28/08/2022,2022,Q3,August,Sunday,CUST57957,Rohan Iyer,33,Young Adult,Male,Central,Raipur,Beauty,Face Cream,5,1366.62,0.31,Very High,7613.24,53%,4061.59,45.32,Net Banking,4,FALSE,Shipped,7
ORD-01076,05/02/2021,2021,Q1,February,Friday,CUST34738,Ananya Kapoor,49,Adult,Female,South,Bangalore,Furniture,Bookshelf,1,28157.96,0.28,High,31874.43,25%,7988.88,86.82,Credit Card,2,TRUE,Returned,5
ORD-03624,25/04/2024,2024,Q2,April,Thursday,CUST39929,Pooja Bose,5,Child & Teen,Male,Central,Indore,Sports,Yoga Mat,,7799.14,0.34,Very High,8584.8,18%,1529.95,45.36,Debit Card,2,FALSE,Delivered,2
ORD-02950,07/01/2023,2023,Q1,January,Saturday,CUST02564,Nisha Gupta,57,Senior,Other,Central,Raipur,Furniture,Wardrobe,7,7949.66,0.29,High,60207.42,22%,13411.24,66.87,Credit Card,4,FALSE,Delivered,2
ORD-03861,08/04/2024,2024,Q2,April,Monday,CUST90757,Arjun Verma,46,Adult,Male,East,Kolkata,Furniture,Bookshelf,8,7679.41,0.39,Very High,56785.85,28%,15647.23,83.32,Cash on Delivery,,FALSE,Shipped,1
ORD-04181,23/12/2024,2024,Q4,December,Monday,CUST34843,Rohan Chatterjee,5,Child & Teen,Male,South,Bangalore,Beauty,Sunscreen,4,270.17,0.27,High,766.64,39%,297.01,54.45,UPI,2,FALSE,Pending,3
ORD-03904,15/08/2024,2024,Q3,August,Thursday,CUST28988,Meera Das,29,Young Adult,Other,West,Mumbai,Groceries,Tea,6,212.91,0.28,High,1250.12,8%,97.83,63.02,Debit Card,3,FALSE,Delivered,10
ORD-01850,30/03/2022,2022,Q1,March,Wednesday,CUST64792,Amit Kumar,38,Adult,Male,South,Hyderabad,Sports,Cycle,4,14204.71,0.27,High,54400.72,25%,13383.31,93.83,UPI,1,TRUE,Returned,10
ORD-02796,27/04/2023,2023,Q2,April,Thursday,CUST56780,Arjun Chatterjee,24,Young Adult,Other,East,Guwahati,Groceries,Cooking Oil,8,132.4,0.32,Very High,1145.95,8%,93.32,91.9,Debit Card,2,FALSE,Delivered,2
ORD-01245,16/07/2021,2021,Q3,July,Friday,CUST94664,Aarav Pillai,51,Adult,Female,East,Guwahati,Sports,Tennis Racket,3,14773.91,0.31,Very High,39228.73,29%,11423.75,63.56,Net Banking,3,FALSE,Delivered,4
ORD-03321,12/09/2023,2023,Q3,September,Tuesday,CUST48101,Sanjay Kumar,38,Adult,Male,East,Patna,Clothing,Jacket,7,2311.75,0.14,Medium,11373.42,36%,4064.18,93.86,Net Banking,4,FALSE,Delivered,10
ORD-00509,13/08/2020,2020,Q3,August,Thursday,CUST37820,Pooja Bhat,22,Young Adult,Other,Central,Bhopal,Books,Textbook,7,286.07,0.28,High,1349.48,35%,474.55,52.35,Cash on Delivery,3,FALSE,Delivered,4
ORD-00711,21/11/2020,2020,Q4,November,Saturday,CUST81896,Meera Gupta,51,Adult,Male,West,Mumbai,Clothing,Jeans,5,3038.32,0.08,Low,11598.72,39%,4520.11,46.38,UPI,3,FALSE,Delivered,8
ORD-01145,30/05/2021,2021,Q2,May,Sunday,CUST43834,Ritu Joshi,2,Child & Teen,Male,North,Delhi,Sports,Cricket Bat,7,14524.03,0.17,Medium,124422.97,23%,28871.78,52.9,EMI,4,FALSE,Delivered,9
ORD-00608,28/09/2020,2020,Q3,September,Monday,CUST06194,Nisha Joshi,24,Young Adult,Male,North,Chandigarh,Groceries,Dal (1kg),6,56.45,0.07,Low,342.17,6%,22.1,41.2,UPI,2,TRUE,Returned,6
ORD-00388,14/06/2020,2020,Q2,June,Sunday,CUST45393,Rahul Pillai,37,Adult,Male,East,Patna,Beauty,Lipstick,9,2334.19,0.05,Low,26537.21,36%,9468.13,62.79,Credit Card,,FALSE,Delivered,10
ORD-03166,10/03/2023,2023,Q1,March,Friday,CUST06674,Sanjay Pillai,47,Adult,Female,Central,Bhopal,Furniture,Bookshelf,9,22760.46,0.37,Very High,145109.61,27%,39767.62,72.02,EMI,1,FALSE,Shipped,3
ORD-00868,31/01/2021,2021,Q1,January,Sunday,CUST94965,Kavya Sharma,38,Adult,Female,South,Hyderabad,Electronics,Smartwatch,3,42838.23,0.09,Low,107037.9,14%,14607.13,87.84,Debit Card,1,TRUE,Returned,1
ORD-02800,29/04/2023,2023,Q2,April,Saturday,CUST56256,Ananya Patel,45,Adult,Female,East,Patna,Sports,Cycle,4,10550.62,0.36,Very High,42878.34,17%,7286.48,64.73,Net Banking,,TRUE,Returned,3
ORD-00912,13/02/2021,2021,Q1,February,Saturday,CUST49621,Kavya Pillai,31,Young Adult,Male,Central,Nagpur,Furniture,Chair,7,16795.84,0.36,Very High,56221.37,22%,12491.37,56.62,Cash on Delivery,2,TRUE,Returned,2
ORD-03990,18/09/2024,2024,Q3,September,Wednesday,CUST81510,Ritu Chatterjee,5,Child & Teen,Other,West,Ahmedabad,Clothing,Jeans,10,3403.06,0.39,Very High,22886.16,21%,4900.02,44.69,EMI,,FALSE,Shipped,1
ORD-01922,30/04/2022,2022,Q2,April,Saturday,CUST64561,Deepa Das,55,Adult,Other,South,Hyderabad,Groceries,Rice (5kg),1,116.8,0.34,Very High,98.72,8%,7.87,74.41,Credit Card,4,FALSE,Delivered,3
ORD-03724,13/06/2024,2024,Q2,June,Thursday,CUST07562,Aditya Verma,29,Young Adult,Male,East,Patna,Furniture,Bookshelf,4,29351.23,0.19,Medium,174388.71,21%,36069.54,82.28,Net Banking,4,FALSE,Delivered,9
ORD-00149,03/01/2020,2020,Q1,January,Friday,CUST13333,Deepa Iyer,32,Young Adult,Male,West,Pune,Furniture,Bookshelf,5,31560.75,0.37,Very High,117876.02,30%,35282.21,38.48,Cash on Delivery,4,FALSE,Delivered,5
ORD-00754,12/08/2020,2020,Q3,August,Wednesday,CUST33308,Meera Rao,46,Adult,Other,East,Kolkata,Electronics,Headphones,9,9975.05,0.28,High,38987.93,10%,3991.52,83.83,EMI,1,TRUE,Returned,5
ORD-03555,24/03/2024,2024,Q1,March,Sunday,CUST21921,Vikram Verma,44,Adult,Female,Central,Indore,Clothing,Dress,8,825.43,0.3,High,6590.81,38%,2481.12,48.12,Net Banking,1,FALSE,Delivered,2
ORD-02451,28/11/2022,2022,Q4,November,Monday,CUST04161,Arjun Singh,58,Senior,Female,West,Pune,Sports,Dumbbells,9,13538.61,0.04,Low,98932.09,25%,24598.22,64.82,Credit Card,3,FALSE,Delivered,1
ORD-01274,28/07/2021,2021,Q3,July,Wednesday,CUST42513,Deepa Joshi,29,Young Adult,Female,East,Bhubaneswar,Furniture,Chair,2,3092.5,0.03,Low,7652.46,28%,2113.54,62.46,Credit Card,4,FALSE,Delivered,3
ORD-00341,28/05/2020,2020,Q2,May,Thursday,CUST77930,Nisha Das,34,Young Adult,Male,Central,Nagpur,Groceries,Sugar,7,369.81,0.4,Very High,1896.12,5%,92.88,65.27,Credit Card,2,FALSE,Shipped,4
ORD-04110,20/11/2024,2024,Q4,November,Wednesday,CUST48614,Sanjay Bose,31,Young Adult,Female,South,Bangalore,Groceries,Tea,1,281.65,0.11,Medium,268.27,10%,27.01,73.96,UPI,1,TRUE,Returned,7
ORD-03036,08/05/2023,2023,Q2,May,Monday,CUST13591,Nikhil Reddy,57,Senior,Female,Central,Indore,Electronics,Smartwatch,4,5288.54,0.19,Medium,27570.77,13%,3492.82,95.83,Debit Card,3,FALSE,delivered,5
ORD-02249,08/09/2022,2022,Q3,September,Thursday,CUST22912,Aarav Bhat,22,Young Adult,Female,East,Bhubaneswar,Groceries,Cooking Oil,6,129.66,0.08,Low,1008.28,6%,60.96,63.39,Net Banking,5,FALSE,Delivered,3
ORD-03715,06/08/2024,2024,Q3,August,Tuesday,CUST55215,Karan Das,3,Child & Teen,Other,West,Ahmedabad,Furniture,Chair,,11535.35,0.32,Very High,13286.27,30%,3991.87,54.19,Credit Card,5,FALSE,Delivered,3
ORD-01116,18/05/2021,2021,Q2,May,Tuesday,CUST04558,Karan Kapoor,15,Child & Teen,Male,North,Chandigarh,Sports,Cycle,2,4814.42,0.29,High,9405.05,21%,1987.38,50.43,EMI,3,FALSE,Cancelled,5
ORD-02781,18/04/2023,2023,Q2,April,Tuesday,CUST33751,Nikhil Singh,43,Adult,Other,Central,Raipur,Groceries,Cooking Oil,7,287.94,0.34,Very High,1907.63,9%,168.82,48.27,Credit Card,4,FALSE,Delivered,5
ORD-00541,29/08/2020,2020,Q3,August,Saturday,CUST83050,Nikhil Bhat,31,Young Adult,Male,South,Chennai,Furniture,Bed Frame,10,26964.22,,,296094.49,21%,62330.58,62.72,Cash on Delivery,5,FALSE,Pending,7
ORD-02740,31/03/2023,2023,Q1,March,Friday,CUST90154,Arjun Rao,39,Adult,Female,West,Mumbai,Beauty,Sunscreen,3,1932.05,0.12,Medium,6749.05,44%,2983.29,47.16,UPI,1,FALSE,Pending,5
ORD-03657,05/08/2024,2024,Q3,August,Monday,CUST04582,Kavya Kumar,43,Adult,Female,East,Bhubaneswar,Furniture,Chair,7,16570.92,0.33,Very High,122079.93,33%,40801.29,111.73,Net Banking,1,FALSE,Shipped,9
ORD-01467,23/10/2021,2021,Q4,October,Saturday,CUST97904,Sanjay Bhat,36,Adult,Male,West,Ahmedabad,Clothing,Kurta,10,2394.19,0.18,Medium,18412.38,35%,6424.53,80.64,Cash on Delivery,4,FALSE,Delivered,5
ORD-02658,25/02/2023,2023,Q1,February,Saturday,CUST50190,Aarav Mehta,29,Young Adult,Female,Central,Bhopal,Clothing,T-Shirt,4,2095.6,0.36,Very High,5514.66,27%,1469.25,50.22,Net Banking,4,FALSE,Delivered,6
ORD-02096,07/11/2022,2022,Q4,November,Monday,CUST11002,Ritu Reddy,43,Adult,Other,South,Bangalore,Furniture,Bookshelf,8,32713.93,,,353477.73,27%,94752.3,78.56,EMI,3,FALSE,Delivered,6
ORD-00956,03/10/2021,2021,Q4,October,Sunday,CUST26332,Karan Bhat,38,Adult,Male,West,Pune,Books,Fiction Novel,10,1207.23,0.16,Medium,10978.87,26%,2840.09,56.99,Cash on Delivery,2,FALSE,Delivered,6
ORD-00281,05/05/2020,2020,Q2,May,Tuesday,CUST57517,Pooja Joshi,36,Adult,Male,West,Ahmedabad,Groceries,Flour,2,306.74,0.09,Low,620.3,7%,44.87,67.78,Credit Card,,FALSE,Delivered,4
ORD-02459,12/02/2022,2022,Q1,February,Saturday,CUST97641,Ananya Reddy,33,Young Adult,Male,South,Hyderabad,Clothing,T-Shirt,4,1231.26,0.07,Low,3543.81,39%,1397.23,42.37,Debit Card,3,FALSE,Delivered,9
ORD-00511,14/08/2020,2020,Q3,August,Friday,CUST50410,Nikhil Verma,44,Adult,Male,North,Delhi,Furniture,Wardrobe,,6721.75,0.19,Medium,6015.58,25%,1506.36,22.19,Credit Card,5,FALSE,Shipped,9
ORD-02650,21/02/2023,2023,Q1,February,Tuesday,CUST24055,Ananya Mehta,47,Adult,Female,East,Bhubaneswar,Clothing,Saree,6,3972.74,0.19,Medium,21803.58,46%,9997.37,46.75,Debit Card,2,FALSE,Delivered,1
ORD-01593,12/12/2021,2021,Q4,December,Sunday,CUST14125,Sunita Singh,37,Adult,Female,North,Amritsar,Groceries,Sugar,5,225.72,0.01,Low,877.93,13%,110.9,57.3,Cash on Delivery,2,TRUE,Returned,7
ORD-02606,02/05/2023,2023,Q2,May,Tuesday,CUST20519,Aarav Rao,48,Adult,Other,South,Kochi,Clothing,T-Shirt,9,1032.03,0.33,Very High,6175.76,25%,1554.99,79.74,UPI,4,TRUE,Returned,7
ORD-03767,27/06/2024,2024,Q2,June,Thursday,CUST10979,Pooja Kapoor,41,Adult,Female,East,Guwahati,Furniture,Sofa,1,31109.85,0.22,High,44220.44,25%,11000.78,97.57,Debit Card,3,FALSE,Delivered,3
ORD-01515,13/11/2021,2021,Q4,November,Saturday,CUST36636,Arjun Kumar,34,Young Adult,Other,East,Bhubaneswar,Sports,Cycle,10,8236.27,0.04,Low,66408.75,17%,10958.97,69.62,Debit Card,3,TRUE,Returned,7
ORD-00688,11/08/2020,2020,Q3,August,Tuesday,CUST98974,Shreya Reddy,22,Young Adult,Female,North,Ludhiana,Furniture,Desk,6,21919.09,0.17,Medium,80745.64,25%,19787.94,53.3,Debit Card,5,FALSE,Delivered,9
ORD-00336,25/05/2020,2020,Q2,May,Monday,CUST51371,Sanjay Shah,27,Young Adult,Female,Central,Nagpur,Furniture,Desk,5,6765.44,0.33,Very High,31049.48,20%,6138.52,54.05,UPI,2,FALSE,Cancelled,6
ORD-02363,18/10/2022,2022,Q4,October,Tuesday,CUST91997,Karan Bose,38,Adult,Male,West,Surat,Electronics,Laptop,5,5729.21,0.26,High,21082.56,11%,2258.77,47.72,Net Banking,4,FALSE,Cancelled,8
ORD-02028,13/06/2022,2022,Q2,June,Monday,CUST57353,Meera Singh,28,Young Adult,Male,Central,Bhopal,Groceries,Tea,1,431.51,0.26,High,545.27,4%,23.26,56.68,UPI,3,FALSE,Delivered,5
ORD-00783,21/12/2020,2020,Q4,December,Monday,CUST34065,Nikhil Nair,42,Adult,Other,West,Pune,Furniture,Desk,8,14923.8,0.19,Medium,74800.01,34%,25405.51,42.54,Credit Card,2,FALSE,Delivered,4
ORD-04016,10/02/2024,2024,Q1,February,Saturday,CUST07018,Sanjay Kumar,39,Adult,Male,Central,Bhopal,Electronics,Tablet,2,24384.77,0.4,Very High,33639.93,15%,4904.58,40.95,Credit Card,3,FALSE,Delivered,9
ORD-00061,22/01/2020,2020,Q1,January,Wednesday,CUST42186,Priya Mehta,1,Child & Teen,Female,West,Mumbai,Sports,Football,9,6264.59,0.37,Very High,26063.19,27%,6986.91,56.65,Net Banking,2,TRUE,Returned,4
ORD-00622,10/05/2020,2020,Q2,May,Sunday,CUST27267,Kavya Pillai,27,Young Adult,Male,North,Delhi,Beauty,Shampoo,2,662.8,0.3,High,887.58,57%,508.29,51.48,Credit Card,2,FALSE,Delivered,10
ORD-03579,04/04/2024,2024,Q2,April,Thursday,CUST20050,Rohan Sharma,31,Young Adult,Male,North,Amritsar,Electronics,Laptop,3,40441.12,0.06,Low,167514.18,10%,15922.46,37.81,Credit Card,3,FALSE,Shipped,3
ORD-03323,12/09/2023,2023,Q3,September,Tuesday,CUST01601,Sanjay Singh,43,Adult,Other,North,Amritsar,Books,Biography,6,816.54,0.12,Medium,3736.19,48%,1793.27,39.88,Net Banking,2,FALSE,Pending,7
ORD-01158,06/04/2021,2021,Q2,April,Tuesday,CUST43022,Ananya Mishra,41,Adult,Other,South,Chennai,Clothing,Kurta,2,838.89,0.15,Medium,2075.32,40%,829.82,52.06,Cash on Delivery,4,TRUE,Returned,2
ORD-02141,28/07/2022,2022,Q3,July,Thursday,CUST81398,Ananya Reddy,53,Adult,Female,North,Delhi,Books,Comic Book,10,772.14,0.4,Very High,6278.32,47%,2969.03,72.12,Cash on Delivery,2,FALSE,Cancelled,4
ORD-00835,17/01/2021,2021,Q1,January,Sunday,CUST51769,Amit Das,23,Young Adult,Male,East,Bhubaneswar,Groceries,Rice (5kg),9,358.92,0.08,Low,2353.07,5%,122.29,84.03,Debit Card,4,FALSE,Delivered,6
ORD-02641,17/02/2023,2023,Q1,February,Friday,CUST93173,Rahul Shah,3,Child & Teen,Female,West,Surat,Clothing,Kurta,8,3934.14,0.01,Low,31003.27,32%,9818.15,59.66,Credit Card,1,FALSE,Delivered,5
ORD-02580,27/01/2023,2023,Q1,January,Friday,CUST20280,Priya Patel,46,Adult,Other,West,Surat,Beauty,Hair Oil,4,1660.82,0.21,High,5505.54,44%,2444.92,41.4,Debit Card,3,FALSE,Delivered,7
ORD-02044,18/06/2022,2022,Q2,June,Saturday,CUST01603,Kavya Verma,3,Child & Teen,Female,South,Chennai,Furniture,Desk,8,25000.7,0.06,Low,272564.22,28%,76789.22,67.03,Debit Card,4,FALSE,Delivered,1
ORD-01451,18/10/2021,2021,Q4,October,Monday,CUST83181,Priya Sharma,48,Adult,Male,North,Delhi,Clothing,T-Shirt,8,983.33,0.33,Very High,5486.4,36%,1956.84,48,Debit Card,1,TRUE,Returned,9
ORD-00395,18/06/2020,2020,Q2,June,Thursday,CUST69444,Rohan Das,16,Child & Teen,Female,South,Bangalore,Beauty,Hair Oil,2,572.31,,,1734.87,38%,658.78,88.09,Credit Card,1,FALSE,Delivered,6
ORD-00846,21/01/2021,2021,Q1,January,Thursday,CUST86953,Karan Kumar,31,Young Adult,Other,Central,Nagpur,Beauty,Face Cream,2,2449.97,0.36,Very High,2301.25,38%,882.12,63.24,UPI,5,FALSE,Delivered,5
ORD-03118,09/09/2023,2023,Q3,September,Saturday,CUST99970,Meera Kumar,32,Young Adult,Female,North,Amritsar,Sports,Cycle,4,4072.52,0.37,Very High,12014.98,22%,2649.18,60.13,Net Banking,3,FALSE,Delivered,4
ORD-02624,02/12/2023,2023,Q4,December,Saturday,CUST85938,Aarav Reddy,28,Young Adult,Female,East,Guwahati,Electronics,Headphones,1,34782.2,0.31,Very High,23810.12,12%,2943.23,73.54,UPI,5,FALSE,Delivered,4
ORD-02622,02/11/2023,2023,Q4,November,Thursday,CUST47032,Deepa Rao,,,Male,Central,Indore,Clothing,Jeans,9,1137.56,0.16,Medium,7041.76,24%,1704.37,70.39,Cash on Delivery,1,FALSE,Delivered,3
ORD-03351,20/12/2023,2023,Q4,December,Wednesday,CUST68480,Rahul Pillai,37,Adult,Male,North,Delhi,Clothing,Saree,6,3307.09,0.32,Very High,13005.72,31%,4025.44,56.56,Net Banking,,FALSE,Delivered,1
ORD-02784,20/04/2023,2023,Q2,April,Thursday,CUST25444,Priya Mehta,52,Adult,Male,Central,Bhopal,Beauty,Perfume,8,2413.19,0.25,High,18757.8,34%,6413.01,55.59,EMI,3,FALSE,Delivered,10
ORD-00950,03/07/2021,2021,Q3,July,Saturday,CUST77157,Vikram Shah,25,Young Adult,Female,East,Bhubaneswar,Clothing,Jeans,1,2017.09,0.05,Low,2090.57,39%,823.03,84.95,Credit Card,2,FALSE,Pending,1
ORD-01762,19/02/2022,2022,Q1,February,Saturday,CUST02740,Kavya Gupta,41,Adult,Female,West,Ahmedabad,Electronics,Smartphone,9,9157.81,0.33,Very High,55730.83,14%,7761.83,67.23,EMI,3,FALSE,Delivered,3
ORD-02328,10/08/2022,2022,Q3,August,Wednesday,CUST09166,Ananya Mishra,21,Young Adult,Male,West,Pune,Groceries,Dal (1kg),5,142.7,0.29,High,560.89,5%,25.3,26.87,EMI,5,FALSE,Delivered,8
ORD-03712,06/05/2024,2024,Q2,May,Monday,CUST26187,Arjun Nair,28,Young Adult,Female,South,Hyderabad,Electronics,Headphones,4,12995.6,0.3,High,55079.39,11%,5983.03,50.54,UPI,,TRUE,Returned,6
ORD-00338,26/05/2020,2020,Q2,May,Tuesday,CUST54853,Deepa Mehta,12,Child & Teen,Male,Central,Indore,Groceries,Cooking Oil,4,446.87,0.37,Very High,1373.02,10%,134.17,55.36,Net Banking,1,TRUE,Returned,1
ORD-02276,16/09/2022,2022,Q3,September,Friday,CUST27939,Aarav Pillai,37,Adult,Female,North,Delhi,Sports,Yoga Mat,4,590.58,0.26,High,2166.86,17%,376.29,74.83,Cash on Delivery,1,FALSE,Pending,5
ORD-03771,29/06/2024,2024,Q2,June,Saturday,CUST79702,Priya Sharma,38,Adult,Female,South,Hyderabad,Clothing,Jacket,6,3840.34,0.23,High,33201.77,39%,12918.61,69.58,Cash on Delivery,3,FALSE,Pending,1
ORD-02057,25/06/2022,2022,Q2,June,Saturday,CUST88172,Pooja Sharma,44,Adult,Female,East,Bhubaneswar,Furniture,Bed Frame,4,34052.07,0.07,Low,210338.05,33%,69009.61,65.24,UPI,2,FALSE,Pending,2
ORD-01110,15/05/2021,2021,Q2,May,Saturday,CUST00210,Pooja Patel,29,Young Adult,Female,North,Delhi,Electronics,Smartphone,6,48230.85,0.35,Very High,245712.19,9%,22881.08,68.73,Debit Card,1,FALSE,Shipped,9
ORD-04156,12/09/2024,2024,Q3,September,Thursday,CUST37501,Rohan Bose,4,Child & Teen,Other,Central,Raipur,Electronics,Tablet,4,23593.16,0.39,Very High,50867.37,13%,6623.39,41.37,Net Banking,4,FALSE,Delivered,9
ORD-00294,05/09/2020,2020,Q3,September,Saturday,CUST22246,Ananya Kumar,23,Young Adult,Female,East,Kolkata,Books,Textbook,9,1441.87,0.09,Low,15544.23,39%,6061.53,61.52,Debit Card,4,FALSE,Shipped,1
ORD-02117,20/07/2022,2022,Q3,July,Wednesday,CUST85337,Ananya Bose,5,Child & Teen,Female,North,Delhi,Clothing,Jeans,,3757.22,0.03,Low,6146.46,29%,1762.91,46.04,Cash on Delivery,3,FALSE,Delivered,3
ORD-02206,19/08/2022,2022,Q3,August,Friday,CUST90477,Amit Nair,41,Adult,Male,East,Bhubaneswar,Books,Fiction Novel,2,766.12,,,1911.88,21%,403.99,94.88,Cash on Delivery,2,FALSE,Delivered,7
ORD-03169,10/04/2023,2023,Q2,April,Monday,CUST57585,Karan Kapoor,36,Adult,Male,West,Pune,Sports,Tennis Racket,7,11959.3,0.06,Low,80013.65,23%,18319.5,55.16,Cash on Delivery,1,FALSE,Shipped,1
ORD-03414,18/01/2024,2024,Q1,January,Thursday,CUST92259,Pooja Verma,28,Young Adult,Female,East,Guwahati,Beauty,Shampoo,10,103.75,0.26,High,763.63,62%,473.48,78.5,Credit Card,1,FALSE,Cancelled,7
ORD-03194,14/10/2023,2023,Q4,October,Saturday,CUST46133,Sunita Patel,35,Young Adult,Female,Central,Nagpur,Groceries,Rice (5kg),1,466.8,0.37,Very High,312.81,6%,17.47,67.52,EMI,4,FALSE,Delivered,7
ORD-03229,28/10/2023,2023,Q4,October,Saturday,CUST44015,Nisha Shah,1,Child & Teen,Other,North,Amritsar,Sports,Cricket Bat,4,10506.22,0.26,High,31932.89,13%,4266.19,51.99,Credit Card,1,TRUE,Returned,10
ORD-02594,02/01/2023,2023,Q1,January,Monday,CUST20482,Karan Das,35,Young Adult,Female,Central,Nagpur,Sports,Cricket Bat,10,856.51,0.39,Very High,5930.43,23%,1385.75,57.74,Net Banking,3,FALSE,Delivered,4
ORD-02682,03/08/2023,2023,Q3,August,Thursday,CUST50033,Ritu Joshi,51,Adult,Other,South,Bangalore,Clothing,Dress,8,3911.66,0.3,High,25920.44,44%,11329.49,76.96,Debit Card,3,FALSE,Cancelled,3
ORD-00471,26/07/2020,2020,Q3,July,Sunday,CUST70383,Vikram Bose,46,Adult,Female,North,Delhi,Electronics,Smartphone,7,64119.9,0.37,Very High,328579.52,8%,27779.3,23.56,Credit Card,4,FALSE,Shipped,3
ORD-00558,09/05/2020,2020,Q2,May,Saturday,CUST39230,Amit Gupta,33,Young Adult,Female,Central,Bhopal,Electronics,Smartphone,4,61889.58,0.28,High,188994.43,16%,30756.01,79.61,EMI,2,FALSE,Delivered,5
ORD-02039,17/06/2022,2022,Q2,June,Friday,CUST14314,Karan Singh,38,Adult,Other,East,Patna,Sports,Yoga Mat,6,14693.99,0.23,High,98156.4,23%,22834.62,68.94,Debit Card,2,FALSE,Delivered,4
ORD-03796,07/07/2024,2024,Q3,July,Sunday,CUST82853,Sanjay Chatterjee,18,Young Adult,Other,Central,Raipur,Clothing,Dress,10,1784.51,0.18,Medium,22208.97,52%,11474.7,69.08,Cash on Delivery,4,FALSE,Delivered,8
ORD-02342,10/11/2022,2022,Q4,November,Thursday,CUST03284,Pooja Bhat,31,Young Adult,Male,East,Kolkata,Electronics,Headphones,9,58781.51,0.2,Medium,399047.78,11%,43776.4,94.29,EMI,4,FALSE,Delivered,2
ORD-02821,05/10/2023,2023,Q4,October,Thursday,CUST76939,Ananya Bose,56,Senior,Other,North,Delhi,Electronics,Smartphone,8,29764.18,0.21,High,268708.58,9%,24851.54,45.84,Cash on Delivery,2,FALSE,delivered,2
ORD-01439,10/10/2021,2021,Q4,October,Sunday,CUST93212,Priya Mishra,37,Adult,Male,Central,Nagpur,Sports,Dumbbells,3,13108.91,0.14,Medium,30143.82,28%,8326.51,55.08,Credit Card,1,FALSE,Delivered,10
ORD-01263,24/07/2021,2021,Q3,July,Saturday,CUST75667,Pooja Pillai,63,Senior,Male,West,Mumbai,Sports,Cricket Bat,10,5417.12,0.21,High,55413.45,28%,15661.22,56.55,UPI,1,FALSE,Cancelled,5
ORD-03237,31/10/2023,2023,Q4,October,Tuesday,CUST62193,Ananya Rao,48,Adult,Other,East,Kolkata,Beauty,Perfume,3,434.81,0.39,Very High,892.79,41%,365.96,77.89,Debit Card,2,FALSE,Delivered,5
ORD-01023,04/07/2021,2021,Q3,July,Sunday,CUST74961,Kavya Iyer,28,Young Adult,Female,East,Patna,Beauty,Hair Oil,4,1885.47,0.39,Very High,6078.11,35%,2097.44,72.41,Cash on Delivery,4,FALSE,Delivered,10
ORD-00121,16/02/2020,2020,Q1,February,Sunday,CUST87494,Deepa Verma,62,Senior,Male,South,Hyderabad,Beauty,Shampoo,4,965.04,0.32,Very High,2121.23,57%,1209.88,58.85,EMI,1,TRUE,Returned,6
ORD-00906,02/09/2021,2021,Q3,September,Thursday,CUST56644,Sanjay Iyer,5,Child & Teen,Other,North,Delhi,Electronics,Headphones,7,10081.67,0.03,Low,59897.17,8%,4993.59,16.94,Credit Card,5,FALSE,Delivered,7
ORD-03769,28/06/2024,2024,Q2,June,Friday,CUST52834,Priya Shah,43,Adult,Other,West,Mumbai,Furniture,Bed Frame,3,20889.94,0.28,High,70530.85,23%,15914.76,86.28,UPI,5,FALSE,delivered,2
ORD-01307,08/11/2021,2021,Q4,November,Monday,CUST83913,Rohan Rao,28,Young Adult,Male,North,Delhi,Books,Comic Book,4,268,0.31,Very High,983.11,40%,397.26,58.22,UPI,4,FALSE,Cancelled,4
ORD-01389,19/09/2021,2021,Q3,September,Sunday,CUST70094,Deepa Joshi,29,Young Adult,Other,East,Guwahati,Sports,Dumbbells,5,5472.78,0.09,Low,26718.92,22%,5839.8,85.38,Net Banking,3,FALSE,shipped,7
ORD-03819,19/07/2024,2024,Q3,July,Friday,CUST71900,Amit Kapoor,48,Adult,Male,East,Kolkata,Furniture,Chair,3,10939.89,0.37,Very High,35018.76,23%,7992.14,99.95,Cash on Delivery,1,FALSE,Delivered,9
ORD-01335,23/08/2021,2021,Q3,August,Monday,CUST27800,Meera Shah,38,Adult,Other,Central,Indore,Furniture,Sofa,8,27002.71,0.1,Low,247619.21,31%,75880.4,107.71,UPI,1,FALSE,Delivered,3
ORD-02559,14/01/2023,2023,Q1,January,Saturday,CUST02955,Aarav Sharma,46,Adult,Female,East,Patna,Beauty,Hair Oil,1,1511.99,0.39,Very High,914.13,44%,402.56,88.69,UPI,1,FALSE,Cancelled,7
ORD-02228,29/08/2022,2022,Q3,August,Monday,CUST45867,Pooja Gupta,53,Adult,Other,Central,Raipur,Furniture,Bed Frame,5,16148.89,0.31,Very High,65510.48,26%,17083.16,56.19,Cash on Delivery,5,FALSE,Delivered,1
ORD-01936,05/05/2022,2022,Q2,May,Thursday,CUST63093,Nikhil Gupta,35,Young Adult,Other,West,Mumbai,Electronics,Laptop,4,35805.64,0.22,High,175898.51,10%,16761.62,64.56,Net Banking,2,FALSE,Cancelled,9
ORD-03882,08/09/2024,2024,Q3,September,Sunday,CUST84457,Sanjay Singh,3,Child & Teen,Female,Central,Raipur,Electronics,Camera,1,8508.27,0.12,Medium,10874.57,13%,1416.52,82.74,UPI,3,FALSE,Pending,1
ORD-03893,08/12/2024,2024,Q4,December,Sunday,CUST06918,Amit Nair,33,Young Adult,Female,West,Mumbai,Groceries,Sugar,9,346.57,,,5197.61,7%,352.44,77.75,Credit Card,4,FALSE,Delivered,6
ORD-01094,05/08/2021,2021,Q3,August,Thursday,CUST74740,Karan Chatterjee,43,Adult,Other,West,Surat,Electronics,Smartwatch,10,65812.2,0.14,Medium,755611.74,13%,101212.3,48.25,Net Banking,4,FALSE,Delivered,8
ORD-03856,08/02/2024,2024,Q1,February,Thursday,CUST67383,Arjun Singh,3,Child & Teen,Female,Central,Bhopal,Clothing,Jeans,10,978.2,0.29,High,11603.1,42%,4868.18,34.04,Debit Card,,FALSE,Delivered,1
ORD-01560,30/11/2021,2021,Q4,November,Tuesday,CUST99753,Sunita Singh,58,Senior,Female,West,Pune,Sports,Football,10,12971.47,0.35,Very High,65353.81,24%,15914.47,51.11,Credit Card,3,FALSE,Delivered,7
ORD-03232,29/10/2023,2023,Q4,October,Sunday,CUST26327,Arjun Mishra,1,Child & Teen,Female,North,Chandigarh,Electronics,Tablet,5,29580.52,0.4,Very High,105263.11,15%,15663.51,86.48,Cash on Delivery,4,FALSE,Delivered,2
ORD-03877,08/08/2024,2024,Q3,August,Thursday,CUST87297,Sanjay Rao,44,Adult,Other,Central,Indore,Electronics,Smartwatch,3,21470.45,0.02,Low,92585,6%,5457.16,77.05,Credit Card,5,FALSE,Delivered,9
ORD-00816,01/09/2021,2021,Q3,September,Wednesday,CUST98871,Aarav Rao,48,Adult,Female,East,Guwahati,Clothing,Jeans,4,1333.04,0.15,Medium,3641.6,43%,1576,89.29,Net Banking,5,FALSE,Delivered,9
ORD-00864,30/01/2021,2021,Q1,January,Saturday,CUST83666,Priya Bhat,42,Adult,Female,West,Surat,Furniture,Wardrobe,2,7904.49,0.29,High,10748.23,21%,2246.83,58.23,Credit Card,,FALSE,Delivered,3
ORD-01083,05/04/2021,2021,Q2,April,Monday,CUST10450,Sunita Iyer,21,Young Adult,Male,North,Amritsar,Groceries,Sugar,6,195,0.01,Low,1590.89,10%,163.31,46.08,Net Banking,2,FALSE,Cancelled,7
ORD-01209,29/06/2021,2021,Q2,June,Tuesday,CUST12905,Rahul Shah,36,Adult,Other,West,Surat,Electronics,Smartwatch,6,35685.36,0.3,High,182448.8,12%,21541.19,65.92,EMI,4,FALSE,Delivered,2
ORD-01290,08/04/2021,2021,Q2,April,Thursday,CUST20750,Rohan Joshi,,,Male,Central,Bhopal,Groceries,Cooking Oil,9,271.01,0.02,Low,2992.24,10%,289.77,60.94,UPI,3,FALSE,Delivered,5
ORD-01858,04/01/2022,2022,Q1,January,Tuesday,CUST00213,Arjun Verma,,,Male,South,Chennai,Beauty,Hair Oil,4,1182.99,0.03,Low,5426.76,57%,3103.03,94.88,Debit Card,2,FALSE,Pending,1
ORD-00096,02/07/2020,2020,Q3,July,Thursday,CUST66932,Shreya Reddy,38,Adult,Other,North,Amritsar,Sports,Dumbbells,3,2728.31,0.24,High,5207.64,15%,802.54,36.26,Credit Card,1,TRUE,Returned,10
ORD-04184,24/12/2024,2024,Q4,December,Tuesday,CUST57246,Shreya Patel,34,Young Adult,Male,East,Guwahati,Furniture,Chair,9,17949.6,0.08,Low,129636.87,32%,41301.73,79.91,UPI,5,FALSE,Delivered,3
ORD-02429,16/11/2022,2022,Q4,November,Wednesday,CUST34276,Sanjay Verma,35,Young Adult,Female,North,Amritsar,Furniture,Desk,4,9446.44,0.3,High,22683.91,24%,5513.68,58.8,Debit Card,5,FALSE,Cancelled,9
ORD-00605,26/09/2020,2020,Q3,September,Saturday,CUST07202,Amit Shah,39,Adult,Other,South,Hyderabad,Beauty,Shampoo,7,387.9,0.09,Low,2585.03,49%,1269.63,57.88,EMI,1,FALSE,Pending,3
ORD-03112,09/05/2023,2023,Q2,May,Tuesday,CUST75819,Aarav Gupta,48,Adult,Other,South,Hyderabad,Clothing,Dress,8,771.59,0.37,Very High,4477.38,35%,1547,66.22,Net Banking,5,FALSE,Delivered,2
ORD-02115,19/07/2022,2022,Q3,July,Tuesday,CUST34821,Sunita Mehta,58,Senior,Female,East,Kolkata,Furniture,Wardrobe,8,6806.19,0.1,Low,67597,40%,26754.18,63.82,Net Banking,5,FALSE,Delivered,1
ORD-00551,09/01/2020,2020,Q1,January,Thursday,CUST09601,Sunita Gupta,21,Young Adult,Other,East,Guwahati,Groceries,Flour,4,119.74,,,435.44,6%,24.64,108.57,EMI,3,FALSE,Delivered,6
ORD-03220,24/10/2023,2023,Q4,October,Tuesday,CUST05571,Vikram Mehta,44,Adult,Other,West,Ahmedabad,Books,Fiction Novel,6,1199.21,0.09,Low,7876.86,48%,3776.83,61.99,EMI,5,FALSE,Shipped,3
ORD-02300,24/09/2022,2022,Q3,September,Saturday,CUST99451,Nikhil Joshi,3,Child & Teen,Other,North,Amritsar,Books,Fiction Novel,,1447.1,0.07,Low,1543.04,38%,589.91,58.15,Cash on Delivery,,FALSE,Delivered,2
ORD-00476,29/07/2020,2020,Q3,July,Wednesday,CUST99185,Rahul Das,46,Adult,Female,West,Surat,Clothing,T-Shirt,7,359.64,0.12,Medium,2673.78,48%,1271.43,58.05,Debit Card,3,FALSE,Delivered,3
ORD-01500,11/03/2021,2021,Q1,March,Thursday,CUST23783,Meera Nair,,,Female,Central,Bhopal,Books,Comic Book,7,1014.7,0.07,Low,5508.78,31%,1716.12,31.99,Debit Card,2,FALSE,Delivered,8
ORD-00213,04/02/2020,2020,Q1,February,Tuesday,CUST16925,Rohan Sharma,33,Young Adult,Male,Central,Nagpur,Beauty,Lipstick,3,538.36,0.03,Low,1938.58,50%,978.3,42,UPI,1,FALSE,Delivered,10
ORD-03513,03/08/2024,2024,Q3,August,Saturday,CUST75619,Rahul Joshi,45,Adult,Other,East,Guwahati,Electronics,Smartwatch,7,70949.08,0.21,High,539413.9,11%,58300.98,79.98,Cash on Delivery,4,FALSE,Shipped,4
ORD-04144,12/05/2024,2024,Q2,May,Sunday,CUST34339,Rahul Shah,46,Adult,Other,West,Pune,Groceries,Dal (1kg),3,461.92,0.09,Low,1136.17,10%,111.05,92.19,Net Banking,,FALSE,Cancelled,1
ORD-01589,12/10/2021,2021,Q4,October,Tuesday,CUST24981,Rohan Mehta,29,Young Adult,Female,East,Patna,Sports,Dumbbells,8,14455.23,0.07,Low,81451.9,17%,14095.31,69.38,Credit Card,1,FALSE,Delivered,1
ORD-02025,06/11/2022,2022,Q4,November,Sunday,CUST09860,Vikram Mehta,39,Adult,Female,West,Pune,Books,Fiction Novel,7,1326.05,0.17,Medium,12840.19,44%,5604.53,48.98,Net Banking,3,TRUE,Returned,
ORD-02379,27/10/2022,2022,Q4,October,Thursday,CUST74898,Sanjay Bose,,,Other,South,Kochi,Electronics,Laptop,6,35566.78,0.17,Medium,207943.15,13%,27899.28,65.72,Cash on Delivery,5,FALSE,Pending,3
ORD-02481,12/12/2022,2022,Q4,December,Monday,CUST18007,Arjun Patel,3,Child & Teen,Other,West,Mumbai,Groceries,Tea,10,93.18,0.11,Medium,717.1,9%,61.36,39.09,Net Banking,1,FALSE,Delivered,8
ORD-00277,05/03/2020,2020,Q1,March,Thursday,CUST65185,Nisha Reddy,59,Senior,Other,South,Chennai,Groceries,Dal (1kg),10,217.3,0.05,Low,2227.02,6%,142.65,53.01,Debit Card,5,FALSE,Delivered,7
ORD-00506,08/12/2020,2020,Q4,December,Tuesday,CUST53218,Vikram Gupta,23,Young Adult,Other,North,Chandigarh,Electronics,Headphones,8,61264.42,0.05,Low,463985.67,18%,82726.06,50.65,Credit Card,2,TRUE,Returned,7
ORD-01336,23/08/2021,2021,Q3,August,Monday,CUST25698,Pooja Patel,2,Child & Teen,Female,West,Pune,Beauty,Face Cream,10,547,0.32,Very High,4726.28,53%,2513.67,65.08,Cash on Delivery,2,FALSE,Cancelled,7
ORD-02340,10/10/2022,2022,Q4,October,Monday,CUST46573,Sunita Mishra,43,Adult,Male,East,Kolkata,Books,Comic Book,1,269.23,0.35,Very High,146.46,35%,51.64,77.26,Debit Card,2,FALSE,Delivered,8
ORD-00902,02/09/2021,2021,Q3,September,Thursday,CUST55154,Priya Verma,56,Senior,Male,North,Chandigarh,Electronics,Tablet,1,39881.71,0.04,Low,30194.77,10%,2984.54,21.56,Net Banking,3,FALSE,Delivered,1
ORD-00449,16/07/2020,2020,Q3,July,Thursday,CUST70202,Aditya Gupta,41,Adult,Male,Central,Nagpur,Clothing,Dress,8,1227.51,0.31,Very High,7184.61,29%,2117.53,55.16,Credit Card,5,FALSE,Delivered,2
ORD-01410,27/09/2021,2021,Q3,September,Monday,CUST74811,Aditya Rao,32,Young Adult,Other,East,Patna,Beauty,Face Cream,7,1026.47,0.07,Low,6772.95,41%,2747.24,58.92,Cash on Delivery,1,TRUE,Returned,9
ORD-02535,01/05/2023,2023,Q2,May,Monday,CUST40704,Karan Singh,36,Adult,Female,North,Delhi,Furniture,Wardrobe,1,10813.51,0.12,Medium,8770.86,18%,1573.05,58.09,UPI,1,TRUE,Returned,1
ORD-03597,13/04/2024,2024,Q2,April,Saturday,CUST83582,Aditya Shah,32,Young Adult,Other,West,Ahmedabad,Sports,Cricket Bat,2,10269.18,0.09,Low,24486.71,23%,5686.61,76.3,Cash on Delivery,3,FALSE,Delivered,10
ORD-00990,28/03/2021,2021,Q1,March,Sunday,CUST08092,Meera Bose,,,Other,Central,Raipur,Books,Comic Book,9,742.78,,,6117.76,50%,3038.08,76.92,Debit Card,4,FALSE,Delivered,8
ORD-00304,05/12/2020,2020,Q4,December,Saturday,CUST28932,Arjun Kumar,41,Adult,Male,Central,Bhopal,Books,Fiction Novel,7,513.52,0.38,Very High,2985.15,34%,1015.8,35.5,Net Banking,2,FALSE,Delivered,10
ORD-03560,27/03/2024,2024,Q1,March,Wednesday,CUST76119,Kavya Mehta,14,Child & Teen,Female,East,Kolkata,Groceries,Tea,7,422.63,0.39,Very High,2225.48,11%,251.22,58.49,UPI,1,FALSE,Delivered,3
ORD-04148,12/07/2024,2024,Q3,July,Friday,CUST97586,Ananya Mishra,33,Young Adult,Female,North,Ludhiana,Clothing,T-Shirt,5,614.15,0.17,Medium,2315.9,42%,981.99,65.63,UPI,1,TRUE,Returned,8
ORD-00824,01/12/2021,2021,Q4,December,Wednesday,CUST93771,Ananya Mishra,25,Young Adult,Female,East,Bhubaneswar,Electronics,Smartwatch,10,62379.19,0.06,Low,476054.02,9%,44865.32,83.61,Debit Card,3,FALSE,Delivered,4
ORD-02989,18/07/2023,2023,Q3,July,Tuesday,CUST00835,Kavya Patel,38,Adult,Other,North,Ludhiana,Electronics,Camera,2,77260.63,0.28,High,179057.38,15%,27038.61,72.59,UPI,4,FALSE,Delivered,4
ORD-01997,06/01/2022,2022,Q1,January,Thursday,CUST56393,Sunita Rao,32,Young Adult,Male,North,Chandigarh,Groceries,Dal (1kg),9,493.26,0.08,Low,6307.15,8%,506.13,45.11,UPI,3,FALSE,Cancelled,9
ORD-02116,20/07/2022,2022,Q3,July,Wednesday,CUST15879,Amit Pillai,26,Young Adult,Female,South,Kochi,Clothing,T-Shirt,6,711.19,0.24,High,4522.36,47%,2124.71,82.5,Net Banking,,FALSE,Delivered,3
ORD-02068,07/02/2022,2022,Q1,February,Monday,CUST60687,Rahul Joshi,4,Child & Teen,Female,West,Surat,Furniture,Sofa,9,33837.01,0.22,High,353282.34,33%,116653.75,42.65,Net Banking,1,FALSE,Delivered,4
ORD-01902,20/04/2022,2022,Q2,April,Wednesday,CUST14081,Nikhil Reddy,26,Young Adult,Other,Central,Bhopal,Electronics,Laptop,5,8793.32,0.25,High,45113.12,15%,6647.66,30.21,UPI,1,FALSE,Delivered,10
ORD-00325,22/05/2020,2020,Q2,May,Friday,CUST90197,Ananya Sharma,38,Adult,Male,East,Patna,Electronics,Headphones,2,5256.57,0.26,High,10092.16,8%,822.2,111.69,Net Banking,4,FALSE,Delivered,4
ORD-03333,12/12/2023,2023,Q4,December,Tuesday,CUST27128,Karan Verma,36,Adult,Other,East,Patna,Groceries,Tea,8,244.23,0.21,High,1268.84,10%,127.92,76.52,Debit Card,3,FALSE,Delivered,6
ORD-01155,06/03/2021,2021,Q1,March,Saturday,CUST00350,Deepa Iyer,32,Young Adult,Other,East,Kolkata,Electronics,Tablet,1,29383.37,0.06,Low,38160.26,9%,3473.46,76.02,Cash on Delivery,3,TRUE,Returned,2
ORD-01434,10/08/2021,2021,Q3,August,Tuesday,CUST32355,Priya Verma,31,Young Adult,Male,South,Chennai,Clothing,T-Shirt,9,2943.22,0.02,Low,22356.5,35%,7881.59,58.83,EMI,5,FALSE,Shipped,5
ORD-03473,16/02/2024,2024,Q1,February,Friday,CUST92267,Aarav Sharma,49,Adult,Female,East,Bhubaneswar,Sports,Cycle,10,5314.23,0.11,Medium,49274.68,22%,10849.9,99,UPI,,FALSE,Delivered,4
ORD-01474,25/10/2021,2021,Q4,October,Monday,CUST18611,Sunita Shah,27,Young Adult,Male,East,Guwahati,Electronics,Smartphone,6,6119.98,0.29,High,25738.91,12%,3137.93,74.62,Debit Card,1,TRUE,Returned,5
ORD-02103,14/07/2022,2022,Q3,July,Thursday,CUST67925,Sanjay Gupta,32,Young Adult,Other,North,Delhi,Beauty,Perfume,7,920.5,0.1,Low,8123.9,49%,4006.12,47.75,Debit Card,1,FALSE,Shipped,4
ORD-03012,28/07/2023,2023,Q3,July,Friday,CUST28387,Aditya Bose,42,Adult,Male,East,Patna,Electronics,Headphones,3,73866.57,0.26,High,269224.59,12%,33151.92,88.4,Cash on Delivery,4,FALSE,Delivered,5
ORD-02980,15/07/2023,2023,Q3,July,Saturday,CUST27360,Pooja Mishra,58,Senior,Other,West,Pune,Groceries,Sugar,6,290.29,0.28,High,2095.81,9%,197.15,73.31,Cash on Delivery,3,FALSE,Delivered,8
ORD-00151,03/02/2020,2020,Q1,February,Monday,CUST17244,Pooja Verma,36,Adult,Male,Central,Raipur,Furniture,Chair,3,5678.86,0.33,Very High,10585.41,32%,3430.87,66.63,Debit Card,5,FALSE,delivered,6
ORD-04118,26/11/2024,2024,Q4,November,Tuesday,CUST48264,Aarav Chatterjee,56,Senior,Other,North,Amritsar,Clothing,Saree,9,2252.16,0.09,Low,17908.2,25%,4417.35,42.65,Net Banking,5,FALSE,Shipped,5
ORD-01697,28/01/2022,2022,Q1,January,Friday,CUST17647,Nikhil Joshi,3,Child & Teen,Male,North,Amritsar,Clothing,Kurta,8,670.37,0.4,Very High,2707.64,33%,886.76,85.42,Cash on Delivery,1,TRUE,Returned,7
ORD-01122,22/05/2021,2021,Q2,May,Saturday,CUST22847,Arjun Sharma,45,Adult,Male,East,Guwahati,Groceries,Rice (5kg),7,261.15,0.3,High,1938.7,7%,126.72,75.32,UPI,3,FALSE,Delivered,3
ORD-04123,28/11/2024,2024,Q4,November,Thursday,CUST56868,Ananya Pillai,17,Child & Teen,Other,East,Patna,Books,Comic Book,9,1408.86,0.16,Medium,10070.83,38%,3795.39,79.06,EMI,4,FALSE,Delivered,2
ORD-04075,11/01/2024,2024,Q1,January,Thursday,CUST56692,Vikram Chatterjee,14,Child & Teen,Male,Central,Raipur,Groceries,Rice (5kg),8,109.34,0.02,Low,835.1,7%,59.29,46.15,UPI,4,FALSE,delivered,3
ORD-01131,25/05/2021,2021,Q2,May,Tuesday,CUST55050,Nikhil Pillai,31,Young Adult,Female,North,Chandigarh,Groceries,Rice (5kg),,356.64,0.39,Very High,290.93,6%,17.29,74.52,Net Banking,3,FALSE,Delivered,5
ORD-03955,02/09/2024,2024,Q3,September,Monday,CUST57188,Amit Nair,21,Young Adult,Other,West,Mumbai,Electronics,Laptop,5,63280.32,0.01,Low,478410.73,12%,55973.13,51.92,EMI,,FALSE,Delivered,10
ORD-02798,28/04/2023,2023,Q2,April,Friday,CUST05716,Arjun Nair,35,Young Adult,Male,North,Amritsar,Electronics,Tablet,4,22399.3,0.34,Very High,85795.74,12%,10309.74,54.13,EMI,4,FALSE,Cancelled,8
ORD-02804,30/04/2023,2023,Q2,April,Sunday,CUST37928,Arjun Chatterjee,24,Young Adult,Female,North,Delhi,Books,Textbook,8,1123.69,0.12,Medium,10485.92,34%,3534.73,78.68,EMI,,FALSE,Delivered,2
ORD-01049,20/04/2021,2021,Q2,April,Tuesday,CUST90241,Sanjay Bhat,54,Adult,Other,North,Ludhiana,Beauty,Shampoo,5,2321.44,0.34,Very High,10030.62,36%,3661.06,74.83,Cash on Delivery,4,FALSE,Delivered,8
ORD-00812,01/07/2021,2021,Q3,July,Thursday,CUST90877,Sanjay Kumar,37,Adult,Female,South,Chennai,Electronics,Smartwatch,10,60534.21,0.01,Low,501766.48,16%,79842.6,52,Debit Card,4,FALSE,Delivered,2
ORD-02710,22/03/2023,2023,Q1,March,Wednesday,CUST02291,Sanjay Mehta,34,Young Adult,Male,East,Guwahati,Electronics,Smartwatch,2,10193.98,0.38,Very High,14993.54,8%,1174.9,86.74,EMI,4,FALSE,Pending,5
ORD-03911,16/08/2024,2024,Q3,August,Friday,CUST56239,Arjun Bose,51,Adult,Male,North,Amritsar,Sports,Dumbbells,10,786.71,0.03,Low,11951.87,15%,1750.05,48.55,Net Banking,1,FALSE,delivered,8
ORD-01558,29/11/2021,2021,Q4,November,Monday,CUST50687,Rahul Nair,21,Young Adult,Female,East,Patna,Books,Fiction Novel,10,722.86,0.15,Medium,5123.02,48%,2442.73,55.76,UPI,1,FALSE,Delivered,4
ORD-01064,27/04/2021,2021,Q2,April,Tuesday,CUST14319,Aarav Shah,27,Young Adult,Male,Central,Nagpur,Beauty,Lipstick,6,2416.31,0.13,Medium,15688.04,50%,7768.7,37.54,Cash on Delivery,4,FALSE,Delivered,4
ORD-03155,29/09/2023,2023,Q3,September,Friday,CUST59557,Meera Chatterjee,25,Young Adult,Other,South,Chennai,Clothing,Jacket,6,2996.07,0.39,Very High,13261.21,47%,6275.03,75.18,Cash on Delivery,2,FALSE,Delivered,1
ORD-02304,27/09/2022,2022,Q3,September,Tuesday,CUST81774,Meera Iyer,34,Young Adult,Male,East,Guwahati,Beauty,Hair Oil,8,1956.04,0.05,Low,16158.29,48%,7683.48,90.07,EMI,1,FALSE,Cancelled,4
ORD-02983,15/07/2023,2023,Q3,July,Saturday,CUST47590,Aarav Kumar,25,Young Adult,Male,East,Patna,Beauty,Shampoo,8,524.72,0.11,Medium,6161.59,54%,3302.07,74.59,Net Banking,,FALSE,Delivered,9
ORD-00893,02/05/2021,2021,Q2,May,Sunday,CUST82516,Aarav Kapoor,48,Adult,Other,South,Hyderabad,Groceries,Tea,4,405.74,0.06,Low,1652.51,8%,140.36,111.98,Credit Card,5,FALSE,Shipped,7
ORD-02922,18/06/2023,2023,Q2,June,Sunday,CUST45653,Aditya Reddy,27,Young Adult,Male,East,Kolkata,Furniture,Bed Frame,6,18974.28,0.32,Very High,137423.69,5%,7548.58,78.91,Net Banking,,FALSE,Delivered,6
ORD-01101,05/11/2021,2021,Q4,November,Friday,CUST25632,Rohan Mehta,23,Young Adult,Other,East,Bhubaneswar,Beauty,Perfume,4,2455.13,0.04,Low,12314.54,44%,5429.24,86.94,EMI,5,FALSE,Delivered,2
ORD-02437,22/11/2022,2022,Q4,November,Tuesday,CUST57020,Rahul Bhat,35,Young Adult,Other,East,Guwahati,Furniture,Bed Frame,10,5117.29,0.35,Very High,29419.75,27%,8052.09,61.97,UPI,,FALSE,Delivered,8
ORD-02985,15/07/2023,2023,Q3,July,Saturday,CUST52758,Meera Pillai,42,Adult,Male,East,Guwahati,Sports,Tennis Racket,3,13447.87,0.03,Low,63861.69,22%,14051.98,89.88,Credit Card,1,TRUE,Returned,1
ORD-01316,15/08/2021,2021,Q3,August,Sunday,CUST62751,Vikram Mishra,27,Young Adult,Female,East,Kolkata,Sports,Tennis Racket,2,11208.34,,,28031.47,19%,5448.35,65.42,EMI,3,FALSE,Delivered,10
ORD-01649,01/05/2022,2022,Q2,May,Sunday,CUST44360,Vikram Iyer,28,Young Adult,Other,North,Amritsar,Furniture,Bed Frame,10,9788.59,0.18,Medium,56440.79,28%,15796.43,48.09,Net Banking,1,TRUE,Returned,7
ORD-03104,03/09/2023,2023,Q3,September,Sunday,CUST21518,Karan Pillai,26,Young Adult,Male,West,Ahmedabad,Clothing,Saree,1,1916.17,0.22,High,1845.9,32%,598.99,47.98,Net Banking,4,FALSE,Delivered,10
ORD-00796,28/12/2020,2020,Q4,December,Monday,CUST33825,Aarav Reddy,44,Adult,Other,West,Pune,Clothing,T-Shirt,8,1635.94,0.17,Medium,7364.45,27%,1973.68,58.56,EMI,4,FALSE,Delivered,7
ORD-00590,21/09/2020,2020,Q3,September,Monday,CUST39103,Aditya Reddy,,,Other,Central,Raipur,Groceries,Flour,6,197.31,0.38,Very High,809.88,6%,50.36,60.78,Credit Card,1,FALSE,delivered,3
ORD-00074,28/01/2020,2020,Q1,January,Tuesday,CUST91087,Meera Shah,4,Child & Teen,Female,East,Patna,Furniture,Chair,8,33648.87,0.27,High,165959.55,35%,58848.22,90.58,Net Banking,4,TRUE,Returned,9
ORD-00461,21/07/2020,2020,Q3,July,Tuesday,CUST87839,Priya Kumar,36,Adult,Other,North,Ludhiana,Sports,Yoga Mat,6,11043.66,0.36,Very High,52329.61,20%,10394.78,45.19,UPI,1,FALSE,Delivered,3
ORD-00487,08/03/2020,2020,Q1,March,Sunday,CUST82166,Shreya Gupta,36,Adult,Female,North,Amritsar,Clothing,Jeans,1,2218.42,0.01,Low,2825.18,31%,885.38,25.22,Net Banking,2,FALSE,Delivered,6
ORD-02139,28/07/2022,2022,Q3,July,Thursday,CUST46079,Ananya Chatterjee,4,Child & Teen,Other,North,Delhi,Beauty,Hair Oil,8,1990.6,0.37,Very High,14038.19,43%,5997.36,71.99,UPI,2,FALSE,Delivered,9
ORD-01230,07/08/2021,2021,Q3,August,Saturday,CUST23256,Vikram Shah,13,Child & Teen,Male,South,Kochi,Groceries,Rice (5kg),2,347.75,0.37,Very High,629.36,8%,48.84,91.05,UPI,4,FALSE,Cancelled,7
ORD-00493,08/04/2020,2020,Q2,April,Wednesday,CUST79400,Meera Shah,52,Adult,Other,West,Mumbai,Furniture,Wardrobe,3,14320.7,0.28,High,33717.7,27%,8980.94,51.39,Debit Card,1,FALSE,delivered,3
ORD-03694,23/05/2024,2024,Q2,May,Thursday,CUST98806,Nisha Reddy,25,Young Adult,Other,East,Kolkata,Furniture,Bed Frame,,30173.9,0.19,Medium,36271.56,27%,9793.25,81.77,Net Banking,1,TRUE,Returned,4
ORD-02105,16/07/2022,2022,Q3,July,Saturday,CUST23451,Rahul Reddy,28,Young Adult,Other,West,Mumbai,Books,Comic Book,10,1326.18,0.2,Medium,16441.16,35%,5803.82,73.42,Cash on Delivery,3,FALSE,Delivered,5
ORD-01266,25/07/2021,2021,Q3,July,Sunday,CUST72321,Arjun Iyer,13,Child & Teen,Other,North,Ludhiana,Clothing,T-Shirt,5,1881.57,0.4,Very High,7457.36,25%,1842.91,43.33,UPI,1,FALSE,Delivered,2
ORD-03419,22/01/2024,2024,Q1,January,Monday,CUST03566,Pooja Joshi,37,Adult,Other,South,Chennai,Sports,Cricket Bat,6,548.7,0.13,Medium,2818.03,28%,795.42,59.32,EMI,3,FALSE,delivered,2
ORD-00098,02/07/2020,2020,Q3,July,Thursday,CUST47981,Arjun Kumar,45,Adult,Female,Central,Raipur,Furniture,Chair,4,14589.56,,,50502.4,36%,18143.47,60.59,Cash on Delivery,5,FALSE,Delivered,
ORD-03274,16/11/2023,2023,Q4,November,Thursday,CUST59021,Nisha Iyer,,,Other,East,Bhubaneswar,Electronics,Smartwatch,10,61623.34,0.1,Low,514325.26,8%,41031.36,69,UPI,4,FALSE,Delivered,5
ORD-02528,01/02/2023,2023,Q1,February,Wednesday,CUST85727,Nisha Pillai,38,Adult,Female,South,Bangalore,Clothing,Jacket,9,2765.83,0.09,Low,21588.14,33%,7174.59,83.41,Cash on Delivery,5,FALSE,Cancelled,4
ORD-01773,23/02/2022,2022,Q1,February,Wednesday,CUST06303,Arjun Shah,44,Adult,Female,North,Chandigarh,Furniture,Bed Frame,10,18135.2,0.08,Low,146993.72,25%,36601.82,42.09,Cash on Delivery,2,FALSE,Shipped,7
ORD-01468,23/10/2021,2021,Q4,October,Saturday,CUST62484,Karan Gupta,24,Young Adult,Female,West,Pune,Groceries,Cooking Oil,9,63.47,0.15,Medium,477.64,7%,35.42,44.96,Credit Card,3,FALSE,Delivered,8
ORD-01750,16/02/2022,2022,Q1,February,Wednesday,CUST58944,Sunita Verma,12,Child & Teen,Male,West,Mumbai,Furniture,Sofa,6,15789.89,0.27,High,56911.9,23%,13231.78,66.76,Credit Card,1,TRUE,Returned,2
ORD-01479,26/10/2021,2021,Q4,October,Tuesday,CUST30026,Vikram Gupta,28,Young Adult,Male,South,Kochi,Beauty,Face Cream,1,703.89,0.12,Medium,594.21,35%,209.92,68.12,Credit Card,1,TRUE,Returned,4
ORD-01891,15/04/2022,2022,Q2,April,Friday,CUST26370,Deepa Mishra,23,Young Adult,Other,West,Pune,Furniture,Desk,8,34992.04,0.11,Medium,286556.78,29%,82342.39,35.17,EMI,4,FALSE,Pending,1
ORD-03141,20/09/2023,2023,Q3,September,Wednesday,CUST51444,Rohan Kapoor,34,Young Adult,Female,Central,Indore,Sports,Cricket Bat,9,3722.56,0.09,Low,35748.44,24%,8661.64,41.2,UPI,4,FALSE,Cancelled,2
ORD-02345,10/11/2022,2022,Q4,November,Thursday,CUST71392,Kavya Shah,21,Young Adult,Male,South,Chennai,Books,Self-Help Book,4,1497.67,0.21,High,4793.89,28%,1329.44,68.06,Net Banking,5,FALSE,Delivered,7
ORD-02951,07/01/2023,2023,Q1,January,Saturday,CUST74188,Aarav Singh,46,Adult,Male,West,Mumbai,Sports,Football,2,10865.46,0.25,High,25165.9,28%,6993.08,49.79,Cash on Delivery,1,TRUE,Returned,7
ORD-00602,26/09/2020,2020,Q3,September,Saturday,CUST38438,Priya Das,5,Child & Teen,Other,South,Bangalore,Groceries,Flour,9,60.08,0.36,Very High,346.37,4%,13.3,67.3,UPI,4,FALSE,delivered,3
ORD-03943,27/08/2024,2024,Q3,August,Tuesday,CUST79156,Ritu Bhat,26,Young Adult,Female,South,Hyderabad,Groceries,Rice (5kg),5,228.28,0.29,High,1160.5,8%,93.76,62.68,Net Banking,4,FALSE,Delivered,8
ORD-03222,25/10/2023,2023,Q4,October,Wednesday,CUST90239,Pooja Patel,31,Young Adult,Female,East,Kolkata,Books,Comic Book,9,224.99,0.21,High,1955.07,25%,489.85,81.53,EMI,3,FALSE,Shipped,1
ORD-00396,20/06/2020,2020,Q2,June,Saturday,CUST01484,Priya Reddy,51,Adult,Male,West,Surat,Books,Textbook,4,579.35,0.35,Very High,1835.02,58%,1058.65,60.19,EMI,2,FALSE,Shipped,7
ORD-00427,07/08/2020,2020,Q3,August,Friday,CUST70997,Nisha Iyer,46,Adult,Male,South,Hyderabad,Sports,Cycle,8,14501.84,0.35,Very High,102399.25,24%,25057.46,74.64,Debit Card,1,FALSE,Delivered,5
ORD-00022,01/09/2020,2020,Q3,September,Tuesday,CUST85754,Meera Bose,54,Adult,Male,South,Kochi,Groceries,Sugar,1,454.8,0.36,Very High,220.25,10%,21.68,67.9,Cash on Delivery,2,FALSE,Delivered,6
ORD-01039,15/04/2021,2021,Q2,April,Thursday,CUST90995,Aditya Joshi,33,Young Adult,Other,South,Kochi,Electronics,Smartphone,10,76400.64,0.21,High,741543.82,11%,80532.82,72.35,Credit Card,2,FALSE,Pending,9
ORD-02301,25/09/2022,2022,Q3,September,Sunday,CUST94749,Aarav Patel,52,Adult,Other,South,Hyderabad,Beauty,Hair Oil,3,1334.72,0.14,Medium,4167.5,36%,1517.77,68.86,Net Banking,1,FALSE,Delivered,5
ORD-00845,20/01/2021,2021,Q1,January,Wednesday,CUST66370,Sanjay Kumar,43,Adult,Other,South,Hyderabad,Sports,Tennis Racket,7,12247.06,0.07,Low,61250.51,19%,11670.83,87.17,Credit Card,4,FALSE,Pending,5
ORD-03358,23/12/2023,2023,Q4,December,Saturday,CUST82460,Nikhil Pillai,,,Other,East,Guwahati,Electronics,Smartwatch,9,17538.79,0.28,High,86347.39,11%,9279.29,93.75,EMI,1,FALSE,Delivered,9
ORD-02894,06/06/2023,2023,Q2,June,Tuesday,CUST87652,Nikhil Patel,25,Young Adult,Other,East,Bhubaneswar,Beauty,Shampoo,1,123.79,0.17,Medium,167.72,40%,67.47,49.95,Credit Card,3,FALSE,Delivered,3
ORD-02603,02/04/2023,2023,Q2,April,Sunday,CUST47968,Vikram Pillai,27,Young Adult,Female,North,Amritsar,Beauty,Shampoo,5,1931.12,0.02,Low,10949.84,31%,3362.6,79.88,Net Banking,1,FALSE,Delivered,9
ORD-03418,22/01/2024,2024,Q1,January,Monday,CUST18997,Arjun Verma,47,Adult,Other,South,Chennai,Groceries,Dal (1kg),7,317.18,0.04,Low,2340.06,9%,216.78,80.19,Cash on Delivery,4,FALSE,Delivered,9
ORD-01670,15/01/2022,2022,Q1,January,Saturday,CUST23703,Aditya Kapoor,29,Young Adult,Female,North,Chandigarh,Clothing,Saree,2,2248.1,0.26,High,3192.69,50%,1599.72,34.36,Cash on Delivery,4,TRUE,Returned,5
ORD-03485,23/02/2024,2024,Q1,February,Friday,CUST71463,Kavya Rao,7,Child & Teen,Other,East,Bhubaneswar,Clothing,Jeans,2,3938.35,0.27,High,6459.25,42%,2710.16,80.77,Credit Card,4,FALSE,Delivered,2
ORD-03503,03/03/2024,2024,Q1,March,Sunday,CUST59996,Sunita Mehta,43,Adult,Female,Central,Nagpur,Clothing,Jacket,,1168.05,0.04,Low,1472.47,42%,611.4,51.85,Credit Card,3,TRUE,Returned,8
ORD-01315,14/08/2021,2021,Q3,August,Saturday,CUST19293,Ananya Joshi,44,Adult,Other,South,Kochi,Furniture,Bed Frame,3,6100.73,0.35,Very High,16831.69,28%,4667.9,82.45,Cash on Delivery,5,FALSE,Shipped,2
ORD-01847,27/03/2022,2022,Q1,March,Sunday,CUST23650,Sanjay Patel,43,Adult,Male,South,Bangalore,Electronics,Headphones,6,36964.92,0.07,Low,229078.34,10%,22543.08,71.02,UPI,3,FALSE,Delivered,6
ORD-03089,28/08/2023,2023,Q3,August,Monday,CUST94322,Shreya Kapoor,19,Young Adult,Other,East,Patna,Books,Textbook,7,1441.05,0.29,High,9079.99,31%,2820.94,86.34,Debit Card,3,TRUE,Returned,10
ORD-00244,17/04/2020,2020,Q2,April,Friday,CUST99038,Shreya Verma,4,Child & Teen,Female,East,Kolkata,Groceries,Rice (5kg),3,211.24,0.18,Medium,628.26,9%,55.71,90.81,Credit Card,3,FALSE,Delivered,10
ORD-04163,12/11/2024,2024,Q4,November,Tuesday,CUST00013,Rahul Nair,29,Young Adult,Female,South,Hyderabad,Books,Self-Help Book,,294.33,0.19,Medium,222.9,35%,77.47,95.45,Net Banking,2,FALSE,Delivered,2
ORD-00934,25/02/2021,2021,Q1,February,Thursday,CUST57153,Nikhil Mishra,33,Young Adult,Other,South,Chennai,Electronics,Camera,10,39470.47,0.03,Low,381281.41,16%,61665.08,68.19,Debit Card,1,TRUE,Returned,9
ORD-02408,11/06/2022,2022,Q2,June,Saturday,CUST35312,Aarav Joshi,45,Adult,Male,South,Chennai,Books,Biography,6,922.08,0.39,Very High,2622.16,46%,1193.45,101.28,UPI,5,FALSE,Delivered,9
ORD-02144,30/07/2022,2022,Q3,July,Saturday,CUST57185,Aditya Pillai,45,Adult,Other,West,Ahmedabad,Clothing,Jacket,3,1239.18,0.11,Medium,4592.68,29%,1338.61,61.11,EMI,1,FALSE,Cancelled,10
ORD-01529,18/11/2021,2021,Q4,November,Thursday,CUST01982,Meera Rao,15,Child & Teen,Male,Central,Bhopal,Clothing,Dress,6,574.04,0.07,Low,2308.91,35%,810.17,68.91,Credit Card,3,FALSE,Delivered,5
ORD-01497,11/02/2021,2021,Q1,February,Thursday,CUST49401,Ritu Mehta,52,Adult,Other,West,Mumbai,Groceries,Sugar,3,398.14,0.25,High,680.62,7%,46.49,38.92,EMI,1,TRUE,Returned,10
ORD-02570,24/01/2023,2023,Q1,January,Tuesday,CUST14169,Deepa Gupta,33,Young Adult,Male,Central,Indore,Books,Cook Book,6,1149.86,0.21,High,5203.29,43%,2215.79,26.1,Debit Card,4,TRUE,Returned,8
ORD-01555,28/11/2021,2021,Q4,November,Sunday,CUST84373,Deepa Gupta,32,Young Adult,Male,East,Kolkata,Beauty,Hair Oil,8,1512.26,0.29,High,7442.04,23%,1712.58,87.62,Net Banking,3,FALSE,Delivered,3
ORD-03023,08/01/2023,2023,Q1,January,Sunday,CUST97888,Deepa Gupta,16,Child & Teen,Female,East,Kolkata,Sports,Cricket Bat,4,2506.3,0.16,Medium,11720.71,29%,3383.09,80.27,Net Banking,3,FALSE,Delivered,2
ORD-03224,26/10/2023,2023,Q4,October,Thursday,CUST38211,Ananya Pillai,37,Adult,Male,Central,Indore,Clothing,Saree,4,594.33,0.07,Low,2462.17,32%,786.24,84.06,UPI,1,FALSE,Delivered,8
ORD-03400,13/01/2024,2024,Q1,January,Saturday,CUST16290,Shreya Gupta,34,Young Adult,Female,West,Ahmedabad,Beauty,Shampoo,4,1042.68,0.12,Medium,3735.87,51%,1923.69,43.55,Net Banking,4,FALSE,Delivered,4
ORD-03329,12/11/2023,2023,Q4,November,Sunday,CUST84812,Amit Singh,29,Young Adult,Male,North,Amritsar,Beauty,Hair Oil,7,1649.29,0.18,Medium,7846.93,45%,3544.75,37.21,Net Banking,2,FALSE,delivered,2
ORD-02360,17/10/2022,2022,Q4,October,Monday,CUST30543,Meera Patel,35,Young Adult,Female,East,Bhubaneswar,Furniture,Wardrobe,7,26524.4,0.29,High,121709.51,26%,31637.28,92.09,Credit Card,,FALSE,Shipped,4
ORD-01809,03/11/2022,2022,Q4,November,Thursday,CUST33015,Sunita Iyer,25,Young Adult,Other,South,Bangalore,Electronics,Headphones,9,15199.01,0.23,High,129545.79,15%,19098.67,60.16,Cash on Delivery,1,FALSE,Delivered,6
ORD-02891,06/05/2023,2023,Q2,May,Saturday,CUST13778,Amit Pillai,41,Adult,Female,South,Hyderabad,Beauty,Sunscreen,2,1297.33,0.22,High,3312.56,46%,1518.57,46.51,Debit Card,1,FALSE,Delivered,9
ORD-02462,12/03/2022,2022,Q1,March,Saturday,CUST93409,Kavya Sharma,51,Adult,Female,South,Chennai,Clothing,Kurta,4,3481.94,0.35,Very High,6409.77,44%,2804.01,71.75,EMI,,FALSE,Delivered,9
ORD-02507,24/12/2022,2022,Q4,December,Saturday,CUST89268,Amit Sharma,36,Adult,Other,Central,Indore,Sports,Dumbbells,9,5484.95,0.09,Low,32970.07,17%,5646.17,31.22,Debit Card,3,FALSE,Delivered,9
ORD-01186,17/06/2021,2021,Q2,June,Thursday,CUST18863,Nikhil Iyer,28,Young Adult,Female,South,Kochi,Books,Comic Book,10,1470.66,0,No Discount,19373.32,44%,8438.27,64.66,Credit Card,2,FALSE,Delivered,
ORD-02388,30/10/2022,2022,Q4,October,Sunday,CUST96079,Kavya Bose,33,Young Adult,Male,West,Ahmedabad,Clothing,Kurta,8,3591.12,0.04,Low,23914.76,27%,6348.6,50.27,Cash on Delivery,2,FALSE,Cancelled,8
ORD-02554,01/12/2023,2023,Q4,December,Friday,CUST72987,Sanjay Verma,32,Young Adult,Male,North,Ludhiana,Beauty,Lipstick,5,1481.3,0.31,Very High,4531.15,30%,1360.74,44.59,Cash on Delivery,2,FALSE,Pending,2
ORD-03926,22/08/2024,2024,Q3,August,Thursday,CUST32277,Priya Shah,14,Child & Teen,Other,North,Ludhiana,Electronics,Tablet,7,56616.08,0.37,Very High,409146.2,13%,52669.59,72.56,Net Banking,1,FALSE,Delivered,9
ORD-01761,19/02/2022,2022,Q1,February,Saturday,CUST42165,Vikram Joshi,6,Child & Teen,Female,East,Kolkata,Clothing,Saree,1,944.02,0.18,Medium,670.28,27%,181.9,78.51,Credit Card,5,FALSE,Delivered,3
ORD-03280,17/11/2023,2023,Q4,November,Friday,CUST58917,Rohan Joshi,4,Child & Teen,Other,East,Kolkata,Books,Cook Book,6,1395.75,0.22,High,5091,41%,2066.28,73.1,Debit Card,2,FALSE,Delivered,7
ORD-01966,18/05/2022,2022,Q2,May,Wednesday,CUST97427,Priya Bose,15,Child & Teen,Female,North,Amritsar,Sports,Tennis Racket,1,2681.34,0.12,Medium,3807.13,15%,587.09,75.5,UPI,3,TRUE,Returned,4
ORD-02949,07/01/2023,2023,Q1,January,Saturday,CUST29456,Priya Sharma,2,Child & Teen,Other,East,Bhubaneswar,Groceries,Flour,3,108.19,0.4,Very High,272.74,7%,18.29,82.45,Cash on Delivery,2,FALSE,Cancelled,5
ORD-03143,21/09/2023,2023,Q3,September,Thursday,CUST43908,Nisha Iyer,31,Young Adult,Male,Central,Bhopal,Electronics,Laptop,3,56628.56,0.32,Very High,145921.2,11%,15624.65,47.88,Credit Card,1,FALSE,Shipped,8
ORD-00445,16/07/2020,2020,Q3,July,Thursday,CUST52068,Deepa Reddy,48,Adult,Male,East,Guwahati,Electronics,Smartphone,10,19028.6,0.16,Medium,211424.88,7%,15185.24,90.95,UPI,4,FALSE,Delivered,7
ORD-02088,07/09/2022,2022,Q3,September,Wednesday,CUST29896,Amit Verma,43,Adult,Other,West,Mumbai,Beauty,Sunscreen,6,2056.5,0.18,Medium,13191.89,41%,5400.15,38.67,Net Banking,5,FALSE,Cancelled,5
ORD-01265,25/07/2021,2021,Q3,July,Sunday,CUST61301,Rohan Singh,43,Adult,Male,West,Pune,Furniture,Bed Frame,3,6493.94,0.18,Medium,18197.59,28%,5074.92,35.8,Net Banking,4,FALSE,Shipped,8
ORD-02754,04/06/2023,2023,Q2,June,Sunday,CUST60353,Aarav Kumar,52,Adult,Female,East,Patna,Sports,Cycle,5,12633.19,0.18,Medium,75906,25%,19171.82,62.92,Cash on Delivery,2,TRUE,Returned,8
ORD-02566,17/01/2023,2023,Q1,January,Tuesday,CUST73248,Sunita Nair,18,Young Adult,Other,North,Amritsar,Clothing,Kurta,5,3294.49,0.36,Very High,11296.68,39%,4457.73,69.79,Cash on Delivery,,FALSE,Delivered,3
ORD-03930,23/08/2024,2024,Q3,August,Friday,CUST89734,Aditya Kapoor,15,Child & Teen,Female,Central,Nagpur,Electronics,Smartwatch,10,30417.77,0.12,Medium,407424.79,15%,59491.68,54,Debit Card,3,FALSE,Shipped,
ORD-01077,05/02/2021,2021,Q1,February,Friday,CUST86865,Amit Pillai,29,Young Adult,Female,West,Mumbai,Groceries,Rice (5kg),2,413.27,0.22,High,843.51,7%,59.92,45.09,UPI,1,FALSE,Delivered,8
ORD-02888,06/04/2023,2023,Q2,April,Thursday,CUST23652,Kavya Mehta,39,Adult,Male,West,Mumbai,Sports,Football,9,3434.17,0.08,Low,46040.29,23%,10782.3,55.14,UPI,2,FALSE,Delivered,5
ORD-03271,14/11/2023,2023,Q4,November,Tuesday,CUST54392,Aarav Mishra,31,Young Adult,Male,Central,Raipur,Groceries,Dal (1kg),6,470.13,0.34,Very High,1607.31,9%,145.53,73.23,Debit Card,4,FALSE,Delivered,2
ORD-01228,07/07/2021,2021,Q3,July,Wednesday,CUST18110,Karan Rao,31,Young Adult,Female,East,Patna,Books,Self-Help Book,3,453.81,0.14,Medium,1633.5,40%,658.01,88.97,Cash on Delivery,2,FALSE,Delivered,6
ORD-01152,06/01/2021,2021,Q1,January,Wednesday,CUST51781,Karan Verma,5,Child & Teen,Female,West,Ahmedabad,Books,Fiction Novel,10,736.78,0.05,Low,8312.64,40%,3354.33,65.76,Credit Card,3,FALSE,Delivered,9
ORD-03728,13/06/2024,2024,Q2,June,Thursday,CUST36060,Aditya Bose,48,Adult,Female,South,Bangalore,Beauty,Face Cream,3,1059.55,0.29,High,3720.84,48%,1778.64,88.2,Credit Card,4,FALSE,Shipped,6
ORD-04031,16/10/2024,2024,Q4,October,Wednesday,CUST16901,Aarav Singh,36,Adult,Other,Central,Raipur,Sports,Cycle,4,10043.46,0.01,Low,42595.96,21%,8765.23,45.62,EMI,4,FALSE,Cancelled,2
ORD-03935,25/08/2024,2024,Q3,August,Sunday,CUST84410,Ananya Pillai,37,Adult,Female,South,Kochi,Beauty,Sunscreen,3,1547.78,0.27,High,4796.68,45%,2149.21,79.74,Debit Card,4,FALSE,Delivered,6
ORD-00418,07/04/2020,2020,Q2,April,Tuesday,CUST85780,Rahul Pillai,28,Young Adult,Female,North,Ludhiana,Groceries,Flour,,88.16,0.25,High,81.73,10%,8.41,26.09,Cash on Delivery,1,FALSE,Delivered,7
ORD-01243,14/07/2021,2021,Q3,July,Wednesday,CUST88419,Amit Pillai,39,Adult,Female,North,Delhi,Sports,Cycle,9,8547.46,0.01,Low,109622.85,13%,14504.29,50.6,Net Banking,3,FALSE,Delivered,1
ORD-01867,04/03/2022,2022,Q1,March,Friday,CUST11136,Meera Gupta,39,Adult,Other,East,Kolkata,Sports,Cricket Bat,4,1061.59,0.01,Low,5761.67,17%,990.61,66.63,Credit Card,1,FALSE,Delivered,7
ORD-03167,10/03/2023,2023,Q1,March,Friday,CUST14358,Arjun Singh,45,Adult,Female,South,Bangalore,Groceries,Cooking Oil,2,487.25,0.31,Very High,715.47,8%,59.76,64.43,Debit Card,1,FALSE,Delivered,6
ORD-03664,13/05/2024,2024,Q2,May,Monday,CUST92119,Amit Singh,39,Adult,Male,South,Kochi,Groceries,Cooking Oil,9,188.1,0.08,Low,2301.06,8%,192.79,67.95,EMI,2,TRUE,Returned,9
ORD-03716,06/08/2024,2024,Q3,August,Tuesday,CUST52321,Rohan Pillai,21,Young Adult,Other,South,Hyderabad,Beauty,Sunscreen,,1069.36,0.29,High,1279.93,50%,639.85,62.49,EMI,2,FALSE,Delivered,8
ORD-01279,31/07/2021,2021,Q3,July,Saturday,CUST14981,Nikhil Pillai,4,Child & Teen,Other,West,Surat,Sports,Cricket Bat,,1698.17,0.21,High,1998.56,17%,334.69,57.32,EMI,1,FALSE,Delivered,7
ORD-02638,16/02/2023,2023,Q1,February,Thursday,CUST24560,Ritu Pillai,34,Young Adult,Male,West,Mumbai,Furniture,Bookshelf,4,17789.72,0.07,Low,69297.43,29%,19802.24,80.3,EMI,3,FALSE,Delivered,5
ORD-03111,09/05/2023,2023,Q2,May,Tuesday,CUST09406,Meera Nair,66,Senior,Other,South,Hyderabad,Sports,Cricket Bat,2,548.2,0.12,Medium,1180.05,24%,281.25,57.13,Net Banking,,FALSE,Delivered,9
ORD-00621,10/05/2020,2020,Q2,May,Sunday,CUST05543,Vikram Bose,32,Young Adult,Female,West,Ahmedabad,Electronics,Camera,6,25397.18,0.27,High,82799.59,17%,14030.93,71.52,Credit Card,4,FALSE,Delivered,3
ORD-02552,01/12/2023,2023,Q4,December,Friday,CUST30853,Ritu Singh,4,Child & Teen,Female,North,Delhi,Beauty,Lipstick,10,544.06,0.02,Low,4863.92,49%,2369.17,69.04,Cash on Delivery,3,FALSE,Shipped,6
ORD-02971,07/09/2023,2023,Q3,September,Thursday,CUST11958,Rahul Bose,41,Adult,Female,East,Guwahati,Clothing,Saree,2,1764.31,0.05,Low,4950.24,34%,1681.63,91.22,EMI,5,FALSE,Delivered,7
ORD-02208,21/08/2022,2022,Q3,August,Sunday,CUST55072,Rohan Pillai,35,Young Adult,Other,West,Surat,Electronics,Laptop,7,5978.14,0.38,Very High,31403.12,10%,3202.9,68.28,EMI,2,FALSE,Cancelled,9
ORD-03467,13/02/2024,2024,Q1,February,Tuesday,CUST83168,Nisha Kapoor,3,Child & Teen,Female,North,Chandigarh,Furniture,Wardrobe,1,34040.99,0.35,Very High,24095.35,28%,6731.99,44,EMI,2,FALSE,Cancelled,7
ORD-00538,25/08/2020,2020,Q3,August,Tuesday,CUST99927,Nikhil Kapoor,41,Adult,Female,Central,Raipur,Groceries,Flour,5,195.75,0.23,High,857.03,8%,70.85,48.01,Cash on Delivery,1,TRUE,Returned,7
ORD-03768,28/06/2024,2024,Q2,June,Friday,CUST05494,Rahul Kumar,42,Adult,Female,West,Pune,Clothing,Saree,9,419.53,0.09,Low,6597.21,34%,2226.42,55.39,EMI,1,FALSE,Delivered,6
ORD-02289,20/09/2022,2022,Q3,September,Tuesday,CUST74884,Kavya Mishra,28,Young Adult,Other,East,Bhubaneswar,Electronics,Laptop,5,76773.58,0.12,Medium,367938.22,12%,45756.9,84.18,UPI,2,FALSE,Delivered,5
ORD-00014,01/05/2020,2020,Q2,May,Friday,CUST18131,Karan Sharma,52,Adult,Male,West,Surat,Clothing,Dress,3,471.05,0.16,Medium,815.57,51%,414.35,64.24,Cash on Delivery,2,FALSE,Delivered,6
ORD-01682,20/01/2022,2022,Q1,January,Thursday,CUST60153,Meera Verma,3,Child & Teen,Male,North,Chandigarh,Beauty,Sunscreen,3,790.57,0.33,Very High,1419.61,53%,752.09,45.71,UPI,1,FALSE,Delivered,2
ORD-00741,12/03/2020,2020,Q1,March,Thursday,CUST07400,Arjun Pillai,39,Adult,Male,South,Chennai,Electronics,Smartwatch,5,17354.95,0.32,Very High,42550.65,13%,5443.79,87.73,UPI,3,FALSE,Delivered,4
ORD-02977,13/07/2023,2023,Q3,July,Thursday,CUST30941,Amit Rao,36,Adult,Male,South,Kochi,Clothing,Dress,3,3416.07,0.14,Medium,15099.86,45%,6787.12,56.49,Cash on Delivery,4,FALSE,shipped,8
ORD-03387,01/04/2024,2024,Q2,April,Monday,CUST28149,Sunita Kapoor,3,Child & Teen,Female,West,Surat,Furniture,Bookshelf,6,20348.09,0.27,High,89448.76,27%,23773.69,74.42,EMI,2,FALSE,Cancelled,1
ORD-01386,18/09/2021,2021,Q3,September,Saturday,CUST40254,Shreya Mehta,26,Young Adult,Male,East,Bhubaneswar,Beauty,Sunscreen,9,1633.93,0.26,High,13364.21,46%,6165.22,62.78,UPI,4,FALSE,delivered,2
ORD-02844,24/05/2023,2023,Q2,May,Wednesday,CUST72283,Aarav Reddy,48,Adult,Male,West,Mumbai,Furniture,Chair,2,16498.44,0.32,Very High,35854.5,31%,11294.07,57.11,Credit Card,4,FALSE,Delivered,5
ORD-02404,11/05/2022,2022,Q2,May,Wednesday,CUST20182,Kavya Joshi,33,Young Adult,Male,West,Surat,Electronics,Laptop,4,6142.5,0.28,High,15055.56,17%,2596.19,76.47,EMI,5,FALSE,Delivered,4
ORD-00335,25/05/2020,2020,Q2,May,Monday,CUST11141,Aarav Chatterjee,45,Adult,Female,West,Pune,Clothing,Dress,2,2283.88,0.38,Very High,3053.06,36%,1108.5,35.32,Debit Card,4,TRUE,Returned,5
ORD-02737,30/03/2023,2023,Q1,March,Thursday,CUST77328,Meera Pillai,34,Young Adult,Other,East,Bhubaneswar,Clothing,Dress,4,1407.93,0.05,Low,6398.88,37%,2389.35,107.41,Debit Card,5,FALSE,Delivered,2
ORD-03496,29/02/2024,2024,Q1,February,Thursday,CUST72195,Rohan Kapoor,26,Young Adult,Female,West,Ahmedabad,Clothing,Dress,3,1849.16,0.24,High,4817.35,44%,2118.33,38.42,Net Banking,2,FALSE,Delivered,4
ORD-02990,18/07/2023,2023,Q3,July,Tuesday,CUST58369,Aditya Kumar,25,Young Adult,Other,East,Patna,Beauty,Perfume,2,524.06,0.35,Very High,992.13,71%,703.91,91.44,Cash on Delivery,5,FALSE,Delivered,3
ORD-03398,01/12/2024,2024,Q4,December,Sunday,CUST65122,Rahul Mehta,27,Young Adult,Other,West,Mumbai,Groceries,Tea,8,381.64,0.15,Medium,2926.92,7%,195.11,61.1,Net Banking,1,FALSE,Shipped,1
ORD-03050,08/12/2023,2023,Q4,December,Friday,CUST75754,Karan Das,48,Adult,Other,North,Chandigarh,Furniture,Sofa,5,2325.92,0.02,Low,17516.82,25%,4426.97,68.39,Cash on Delivery,1,FALSE,Delivered,5
ORD-02236,09/01/2022,2022,Q1,January,Sunday,CUST58809,Rohan Iyer,34,Young Adult,Female,South,Chennai,Beauty,Shampoo,9,1011.72,0.19,Medium,8905.76,33%,2925.83,96.59,Net Banking,1,FALSE,Delivered,4
ORD-00942,03/02/2021,2021,Q1,February,Wednesday,CUST93436,Rohan Bose,26,Young Adult,Other,West,Pune,Beauty,Sunscreen,10,1967.69,0.12,Medium,19952.42,42%,8446.34,29.78,Credit Card,4,FALSE,Shipped,4
ORD-02948,07/01/2023,2023,Q1,January,Saturday,CUST47347,Deepa Mishra,36,Adult,Male,North,Chandigarh,Beauty,Hair Oil,9,384.12,0.06,Low,5112.14,50%,2559.12,26.49,UPI,3,FALSE,Delivered,8
ORD-01185,16/06/2021,2021,Q2,June,Wednesday,CUST20075,Deepa Bhat,48,Adult,Other,West,Ahmedabad,Sports,Tennis Racket,7,13866.5,0.4,Very High,89463.92,31%,27530.1,63.5,EMI,2,TRUE,Returned,9
ORD-02278,16/09/2022,2022,Q3,September,Friday,CUST26869,Aarav Mehta,28,Young Adult,Female,East,Bhubaneswar,Sports,Cycle,5,10621.22,0.03,Low,58513.74,24%,13918.5,72.95,Credit Card,4,FALSE,Pending,3
ORD-03932,25/08/2024,2024,Q3,August,Sunday,CUST12409,Sunita Iyer,45,Adult,Female,Central,Raipur,Furniture,Bookshelf,7,26483.31,0.19,Medium,218498.09,27%,59352.07,51.56,Debit Card,2,FALSE,Delivered,8
ORD-01852,30/03/2022,2022,Q1,March,Wednesday,CUST44543,Shreya Nair,21,Young Adult,Female,Central,Nagpur,Beauty,Shampoo,1,2086.47,0.4,Very High,1378.93,56%,777.51,51,EMI,5,FALSE,Shipped,6
ORD-04138,12/04/2024,2024,Q2,April,Friday,CUST97139,Rohan Bhat,25,Young Adult,Male,Central,Nagpur,Books,Cook Book,1,395.88,0.05,Low,323.03,47%,152.9,52.45,Cash on Delivery,3,FALSE,Delivered,5
ORD-02797,28/04/2023,2023,Q2,April,Friday,CUST19934,Vikram Shah,37,Adult,Female,West,Surat,Groceries,Dal (1kg),7,345.21,0.31,Very High,2467.58,9%,210.23,60.08,EMI,4,FALSE,Delivered,10
ORD-01887,13/04/2022,2022,Q2,April,Wednesday,CUST32630,Vikram Shah,27,Young Adult,Male,Central,Raipur,Sports,Tennis Racket,8,10307.31,0.04,Low,110726.11,31%,34280.73,65.12,UPI,4,FALSE,Delivered,8
ORD-03660,05/09/2024,2024,Q3,September,Thursday,CUST42839,Ananya Pillai,24,Young Adult,Other,West,Pune,Furniture,Bookshelf,6,28581.8,0.38,Very High,181310.38,26%,46448.05,45.42,Cash on Delivery,,FALSE,Delivered,9
ORD-03616,22/04/2024,2024,Q2,April,Monday,CUST58545,Pooja Das,33,Young Adult,Other,East,Kolkata,Furniture,Desk,9,14817.04,0,No Discount,202150.56,31%,62640.08,83.25,UPI,2,FALSE,Delivered,2
ORD-02398,11/03/2022,2022,Q1,March,Friday,CUST32655,Shreya Gupta,23,Young Adult,Male,East,Kolkata,Clothing,Dress,1,978.49,0.12,Medium,736.31,43%,317.25,92.46,EMI,2,FALSE,Delivered,2
ORD-02094,07/10/2022,2022,Q4,October,Friday,CUST96963,Pooja Singh,28,Young Adult,Female,East,Kolkata,Sports,Football,8,3340.32,0.25,High,28705.04,21%,6012.3,87.45,Net Banking,3,FALSE,Shipped,5
ORD-02157,08/04/2022,2022,Q2,April,Friday,CUST68003,Rahul Iyer,31,Young Adult,Other,Central,Indore,Beauty,Sunscreen,10,1462.52,0.36,Very High,14294.75,58%,8359.96,63.11,Credit Card,,FALSE,Cancelled,4
ORD-03690,22/05/2024,2024,Q2,May,Wednesday,CUST65586,Aditya Rao,42,Adult,Other,Central,Bhopal,Electronics,Camera,1,44361.97,0.28,High,54397.95,13%,6985.15,30.74,Credit Card,4,FALSE,Delivered,2
ORD-00030,01/11/2020,2020,Q4,November,Sunday,CUST05185,Sanjay Rao,35,Young Adult,Other,East,Kolkata,Books,Fiction Novel,2,1132.17,0.12,Medium,1451.01,32%,458.01,90.46,UPI,5,FALSE,Cancelled,6
ORD-02670,28/02/2023,2023,Q1,February,Tuesday,CUST97284,Priya Bose,39,Adult,Female,North,Ludhiana,Sports,Cricket Bat,3,12089.59,0.15,Medium,27702.22,19%,5345.08,42.62,UPI,5,FALSE,Shipped,5
ORD-03492,26/02/2024,2024,Q1,February,Monday,CUST31030,Vikram Rao,4,Child & Teen,Female,East,Guwahati,Beauty,Hair Oil,1,2292.18,,,2545.3,58%,1471.5,115.4,Cash on Delivery,5,FALSE,Delivered,7
ORD-04157,12/10/2024,2024,Q4,October,Saturday,CUST48612,Nisha Bose,56,Senior,Male,South,Hyderabad,Furniture,Bookshelf,6,10501.71,0.38,Very High,35801.2,36%,13056.43,75.18,Credit Card,1,FALSE,Cancelled,6
ORD-01108,14/05/2021,2021,Q2,May,Friday,CUST42651,Amit Pillai,25,Young Adult,Female,West,Ahmedabad,Furniture,Chair,1,5140.19,0.1,Low,6859.73,24%,1640.29,59.15,EMI,3,FALSE,Delivered,4
ORD-00491,08/04/2020,2020,Q2,April,Wednesday,CUST01461,Priya Kumar,28,Young Adult,Male,East,Patna,Sports,Dumbbells,10,9368.59,0.14,Medium,92987.57,25%,23130.27,86.8,Net Banking,3,FALSE,Delivered,2
ORD-00316,18/05/2020,2020,Q2,May,Monday,CUST46191,Nisha Shah,19,Young Adult,Other,Central,Bhopal,Books,Comic Book,,231.93,0.18,Medium,194.19,24%,47.57,54.75,EMI,1,FALSE,Delivered,6
ORD-01475,25/10/2021,2021,Q4,October,Monday,CUST99554,Pooja Singh,34,Young Adult,Male,South,Bangalore,Groceries,Sugar,2,94.21,0.04,Low,161.58,8%,12.72,51.52,Debit Card,3,FALSE,delivered,7
ORD-00382,06/12/2020,2020,Q4,December,Sunday,CUST28553,Nikhil Rao,25,Young Adult,Male,North,Chandigarh,Books,Textbook,9,1096.64,0.38,Very High,7522.38,37%,2771.77,69.74,Debit Card,4,FALSE,Cancelled,8
ORD-03812,16/07/2024,2024,Q3,July,Tuesday,CUST84668,Aditya Kumar,15,Child & Teen,Other,West,Mumbai,Beauty,Shampoo,5,162.51,0.02,Low,1292.81,38%,494.7,66.88,EMI,3,FALSE,Delivered,8
ORD-03596,04/12/2024,2024,Q4,December,Wednesday,CUST47686,Ritu Das,49,Adult,Male,East,Kolkata,Electronics,Smartphone,9,64870.17,0.04,Low,931056.13,14%,126890.46,83.98,Cash on Delivery,4,FALSE,Pending,8
ORD-00446,16/07/2020,2020,Q3,July,Thursday,CUST01334,Nikhil Rao,22,Young Adult,Other,South,Chennai,Furniture,Desk,3,7359.98,0.26,High,18237.3,22%,4022.85,82.84,Credit Card,1,FALSE,Delivered,8
ORD-02828,15/05/2023,2023,Q2,May,Monday,CUST68781,Rahul Pillai,27,Young Adult,Male,South,Bangalore,Beauty,Face Cream,7,1149.53,0.19,Medium,11894.14,61%,7264.17,62.38,Cash on Delivery,4,FALSE,pending,2
ORD-04073,30/10/2024,2024,Q4,October,Wednesday,CUST43498,Aarav Iyer,,,Female,Central,Nagpur,Beauty,Hair Oil,1,240.18,0.12,Medium,217.16,48%,104.3,65.14,Credit Card,3,FALSE,Delivered,7
ORD-00627,10/08/2020,2020,Q3,August,Monday,CUST31310,Rahul Mehta,44,Adult,Other,Central,Indore,Books,Fiction Novel,10,571.76,0.34,Very High,2924.85,45%,1315.18,66.48,Credit Card,,FALSE,Pending,4
ORD-01113,17/05/2021,2021,Q2,May,Monday,CUST01886,Deepa Bose,38,Adult,Male,South,Chennai,Sports,Tennis Racket,6,13738.11,0.34,Very High,71562.45,19%,13685.23,96.34,UPI,4,TRUE,Returned,4
ORD-01485,28/10/2021,2021,Q4,October,Thursday,CUST30209,Sanjay Iyer,48,Adult,Female,East,Patna,Clothing,Dress,5,3082.63,0.21,High,11512.76,23%,2611.62,79.57,EMI,4,FALSE,Pending,7
ORD-02978,14/07/2023,2023,Q3,July,Friday,CUST72850,Nikhil Kapoor,28,Young Adult,Male,North,Delhi,Sports,Football,4,10069.78,0.33,Very High,43500.13,15%,6733.75,81.56,UPI,2,FALSE,Delivered,9
ORD-03196,14/10/2023,2023,Q4,October,Saturday,CUST46008,Sunita Shah,27,Young Adult,Other,West,Surat,Furniture,Sofa,6,28759.21,0.28,High,142656.4,24%,33781.29,54.72,Debit Card,1,FALSE,Cancelled,5
ORD-03806,07/12/2024,2024,Q4,December,Saturday,CUST73502,Meera Gupta,34,Young Adult,Male,West,Mumbai,Clothing,Kurta,9,1781.89,0.21,High,20730.43,23%,4832,54.08,EMI,2,TRUE,Returned,5
ORD-00012,01/04/2020,2020,Q2,April,Wednesday,CUST61608,Karan Singh,21,Young Adult,Male,West,Ahmedabad,Electronics,Laptop,9,29868.65,0.32,Very High,117822.65,11%,12480.5,51.76,UPI,1,FALSE,Delivered,9
ORD-01453,20/10/2021,2021,Q4,October,Wednesday,CUST65544,Aditya Verma,11,Child & Teen,Other,West,Ahmedabad,Clothing,Dress,10,1794.59,0.29,High,11310.93,45%,5145.36,72.92,Credit Card,5,FALSE,Delivered,6
ORD-01974,22/05/2022,2022,Q2,May,Sunday,CUST96684,Rahul Pillai,25,Young Adult,Female,South,Bangalore,Books,Self-Help Book,1,429.32,0.37,Very High,331.72,58%,193.26,89.48,Net Banking,3,FALSE,Cancelled,9
ORD-01789,03/04/2022,2022,Q2,April,Sunday,CUST43962,Rohan Mishra,49,Adult,Male,Central,Indore,Clothing,Kurta,1,2434.6,0.04,Low,2589.54,25%,635.65,29.56,EMI,3,FALSE,Delivered,1
ORD-02401,11/04/2022,2022,Q2,April,Monday,CUST64655,Karan Chatterjee,21,Young Adult,Male,North,Chandigarh,Clothing,Kurta,9,3802.99,0.17,Medium,24949.89,38%,9516.59,50.21,Credit Card,1,FALSE,Shipped,4
ORD-02701,16/03/2023,2023,Q1,March,Thursday,CUST61925,Rohan Rao,37,Adult,Other,West,Pune,Beauty,Hair Oil,3,2346.26,0.36,Very High,6011.01,46%,2771.99,60.72,Credit Card,1,FALSE,Delivered,6
ORD-00774,16/12/2020,2020,Q4,December,Wednesday,CUST03427,Vikram Kapoor,32,Young Adult,Other,West,Ahmedabad,Sports,Football,9,12132.54,0.37,Very High,48966.18,20%,9632.31,31.17,Credit Card,4,FALSE,Shipped,5
ORD-00791,27/12/2020,2020,Q4,December,Sunday,CUST50607,Shreya Pillai,33,Young Adult,Male,Central,Indore,Furniture,Bed Frame,10,20725.97,0.06,Low,123725.25,27%,32970.37,54.51,Debit Card,5,FALSE,Cancelled,5
ORD-02916,14/06/2023,2023,Q2,June,Wednesday,CUST68649,Rahul Patel,2,Child & Teen,Other,South,Chennai,Groceries,Dal (1kg),8,246.15,0.21,High,2555.54,7%,179.49,95.73,Net Banking,1,FALSE,Delivered,2
ORD-03350,20/12/2023,2023,Q4,December,Wednesday,CUST53832,Rahul Mehta,14,Child & Teen,Female,North,Ludhiana,Clothing,Jeans,5,645.04,0.13,Medium,2174.45,30%,643.44,51.85,Credit Card,5,FALSE,Delivered,8
ORD-02122,22/07/2022,2022,Q3,July,Friday,CUST58669,Ananya Rao,54,Adult,Other,East,Bhubaneswar,Beauty,Perfume,9,1933.74,0.4,Very High,14508.76,28%,4077.16,88.26,Debit Card,4,FALSE,Delivered,6
ORD-01554,28/11/2021,2021,Q4,November,Sunday,CUST42573,Amit Verma,32,Young Adult,Male,North,Ludhiana,Groceries,Flour,3,60.31,0.18,Medium,108.58,6%,6.36,35.05,Credit Card,2,FALSE,Delivered,2
ORD-03135,16/09/2023,2023,Q3,September,Saturday,CUST31542,Meera Kumar,43,Adult,Other,North,Ludhiana,Books,Textbook,10,344.89,0.21,High,2919.85,16%,480.69,36.51,Cash on Delivery,4,FALSE,Delivered,1
ORD-02879,06/02/2023,2023,Q1,February,Monday,CUST55177,Ananya Reddy,27,Young Adult,Other,East,Kolkata,Groceries,Sugar,6,386.8,0.21,High,3078.58,10%,318.39,79.26,EMI,1,FALSE,Shipped,5
ORD-01820,15/03/2022,2022,Q1,March,Tuesday,CUST54684,Rohan Shah,25,Young Adult,Female,East,Guwahati,Furniture,Chair,9,28064.62,0.13,Medium,212852.52,25%,53977.66,65.04,Cash on Delivery,,FALSE,Delivered,5
ORD-02811,05/04/2023,2023,Q2,April,Wednesday,CUST06279,Amit Joshi,35,Young Adult,Female,North,Ludhiana,Beauty,Lipstick,10,239.33,0.23,High,2481.93,31%,780.04,61.7,Net Banking,4,FALSE,Delivered,10
ORD-00592,21/09/2020,2020,Q3,September,Monday,CUST72170,Arjun Iyer,,,Male,North,Amritsar,Groceries,Sugar,9,302.37,0.03,Low,3176.16,8%,269.45,33.59,EMI,4,FALSE,Shipped,6
ORD-01045,19/04/2021,2021,Q2,April,Monday,CUST27554,Nikhil Reddy,27,Young Adult,Female,East,Bhubaneswar,Books,Textbook,8,1199.34,0.14,Medium,11154.85,61%,6783.73,76.89,Debit Card,2,TRUE,Returned,7
ORD-04041,19/10/2024,2024,Q4,October,Saturday,CUST75620,Aarav Pillai,39,Adult,Female,East,Kolkata,Groceries,Dal (1kg),6,287.91,0.05,Low,2083.21,9%,185.74,79.81,Net Banking,,TRUE,Returned,3
ORD-00245,17/04/2020,2020,Q2,April,Friday,CUST17070,Aditya Kapoor,3,Child & Teen,Female,Central,Raipur,Groceries,Flour,4,368.44,0.05,Low,1419.14,9%,133.75,54.97,Credit Card,2,FALSE,Delivered,2
ORD-01388,19/09/2021,2021,Q3,September,Sunday,CUST01168,Aarav Verma,3,Child & Teen,Male,West,Surat,Furniture,Desk,7,9634.53,0.06,Low,66658.37,32%,21356.74,42.02,Debit Card,,FALSE,Shipped,3
ORD-02023,06/10/2022,2022,Q4,October,Thursday,CUST72866,Vikram Mishra,41,Adult,Male,North,Amritsar,Sports,Tennis Racket,4,11418.62,0.21,High,52022.28,23%,11855.66,52.64,Cash on Delivery,2,FALSE,Delivered,1
ORD-00060,22/01/2020,2020,Q1,January,Wednesday,CUST06516,Pooja Das,41,Adult,Female,South,Bangalore,Sports,Cricket Bat,3,14511.24,,,36886.86,23%,8351.78,63.58,EMI,3,FALSE,Delivered,3
ORD-00177,18/03/2020,2020,Q1,March,Wednesday,CUST74936,Aditya Sharma,49,Adult,Female,West,Mumbai,Clothing,Jacket,9,2298.37,,,20461.06,35%,7107.09,64.34,Debit Card,3,FALSE,Delivered,2
ORD-00450,17/07/2020,2020,Q3,July,Friday,CUST20483,Kavya Iyer,29,Young Adult,Other,South,Chennai,Furniture,Wardrobe,10,9945.43,0.24,High,94093.98,32%,30233.13,76.34,Credit Card,3,FALSE,Delivered,10
ORD-04082,11/05/2024,2024,Q2,May,Saturday,CUST72244,Aditya Patel,19,Young Adult,Female,East,Guwahati,Groceries,Cooking Oil,10,400.5,0.32,Very High,2696.95,6%,174.53,55.61,EMI,4,FALSE,Delivered,9
ORD-00056,21/01/2020,2020,Q1,January,Tuesday,CUST85136,Sanjay Sharma,45,Adult,Female,West,Pune,Sports,Football,6,1871.46,0.22,High,6895.34,26%,1811.03,62.59,EMI,,TRUE,Returned,9
ORD-03458,02/08/2024,2024,Q3,August,Friday,CUST09746,Karan Pillai,25,Young Adult,Male,South,Chennai,Clothing,Kurta,7,3147.97,0.13,Medium,22125.94,46%,10153.44,38.76,EMI,2,FALSE,Cancelled,2
ORD-01769,22/02/2022,2022,Q1,February,Tuesday,CUST64190,Karan Reddy,39,Adult,Male,East,Guwahati,Beauty,Face Cream,7,422.45,0.02,Low,2726.49,28%,759.36,39.41,Credit Card,,FALSE,Delivered,5
ORD-01738,02/11/2022,2022,Q4,November,Wednesday,CUST50460,Amit Mehta,4,Child & Teen,Female,East,Bhubaneswar,Books,Biography,5,1456.57,0.27,High,4835.66,48%,2312.44,71.9,Cash on Delivery,1,FALSE,Cancelled,4
ORD-03241,11/01/2023,2023,Q1,January,Wednesday,CUST36164,Nikhil Rao,23,Young Adult,Other,North,Delhi,Furniture,Desk,10,28349.81,0.14,Medium,211857.48,28%,59966.21,53.88,Debit Card,2,FALSE,Delivered,2
